job_id,backend,qubit,execution_index,arm,block,setting,calibration_state,count_zero,count_one,shots
dae2g1m42tqs73au4ev0,ibm_fez,46,0,static,63,-+,,2,6,8
dae2g1m42tqs73au4ev0,ibm_fez,46,1,none,63,-+,,6,2,8
dae2g1m42tqs73au4ev0,ibm_fez,46,2,reset,63,--,,3,5,8
dae2g1m42tqs73au4ev0,ibm_fez,46,3,reset,63,-+,,4,4,8
dae2g1m42tqs73au4ev0,ibm_fez,46,4,correlated,63,+-,,4,4,8
dae2g1m42tqs73au4ev0,ibm_fez,46,5,none,63,--,,0,8,8
dae2g1m42tqs73au4ev0,ibm_fez,46,6,static,63,--,,5,3,8
dae2g1m42tqs73au4ev0,ibm_fez,46,7,correlated,63,--,,5,3,8
dae2g1m42tqs73au4ev0,ibm_fez,46,8,reset,63,+-,,2,6,8
dae2g1m42tqs73au4ev0,ibm_fez,46,9,correlated,63,++,,6,2,8
dae2g1m42tqs73au4ev0,ibm_fez,46,10,reset,63,++,,3,5,8
dae2g1m42tqs73au4ev0,ibm_fez,46,11,static,63,+-,,2,6,8
dae2g1m42tqs73au4ev0,ibm_fez,46,12,none,63,++,,0,8,8
dae2g1m42tqs73au4ev0,ibm_fez,46,13,static,63,++,,5,3,8
dae2g1m42tqs73au4ev0,ibm_fez,46,14,correlated,63,-+,,5,3,8
dae2g1m42tqs73au4ev0,ibm_fez,46,15,none,63,+-,,8,0,8
dae2g1m42tqs73au4ev0,ibm_fez,46,16,static,58,--,,6,2,8
dae2g1m42tqs73au4ev0,ibm_fez,46,17,static,71,++,,2,6,8
dae2g1m42tqs73au4ev0,ibm_fez,46,18,correlated,58,--,,5,3,8
dae2g1m42tqs73au4ev0,ibm_fez,46,19,reset,71,++,,6,2,8
dae2g1m42tqs73au4ev0,ibm_fez,46,20,correlated,71,-+,,0,8,8
dae2g1m42tqs73au4ev0,ibm_fez,46,21,correlated,58,-+,,8,0,8
dae2g1m42tqs73au4ev0,ibm_fez,46,22,none,71,-+,,3,5,8
dae2g1m42tqs73au4ev0,ibm_fez,46,23,none,71,++,,6,2,8
dae2g1m42tqs73au4ev0,ibm_fez,46,24,static,71,-+,,7,1,8
dae2g1m42tqs73au4ev0,ibm_fez,46,25,correlated,58,++,,3,5,8
dae2g1m42tqs73au4ev0,ibm_fez,46,26,reset,71,--,,3,5,8
dae2g1m42tqs73au4ev0,ibm_fez,46,27,static,58,+-,,2,6,8
dae2g1m42tqs73au4ev0,ibm_fez,46,28,none,58,+-,,2,6,8
dae2g1m42tqs73au4ev0,ibm_fez,46,29,reset,58,+-,,1,7,8
dae2g1m42tqs73au4ev0,ibm_fez,46,30,reset,58,++,,0,8,8
dae2g1m42tqs73au4ev0,ibm_fez,46,31,reset,58,-+,,6,2,8
dae2g1m42tqs73au4ev0,ibm_fez,46,32,static,58,-+,,6,2,8
dae2g1m42tqs73au4ev0,ibm_fez,46,33,correlated,71,++,,6,2,8
dae2g1m42tqs73au4ev0,ibm_fez,46,34,reset,58,--,,7,1,8
dae2g1m42tqs73au4ev0,ibm_fez,46,35,none,58,--,,3,5,8
dae2g1m42tqs73au4ev0,ibm_fez,46,36,correlated,71,+-,,6,2,8
dae2g1m42tqs73au4ev0,ibm_fez,46,37,reset,71,+-,,6,2,8
dae2g1m42tqs73au4ev0,ibm_fez,46,38,none,71,+-,,2,6,8
dae2g1m42tqs73au4ev0,ibm_fez,46,39,static,58,++,,4,4,8
dae2g1m42tqs73au4ev0,ibm_fez,46,40,none,58,++,,4,4,8
dae2g1m42tqs73au4ev0,ibm_fez,46,41,correlated,71,--,,0,8,8
dae2g1m42tqs73au4ev0,ibm_fez,46,42,static,71,+-,,0,8,8
dae2g1m42tqs73au4ev0,ibm_fez,46,43,reset,71,-+,,1,7,8
dae2g1m42tqs73au4ev0,ibm_fez,46,44,none,71,--,,3,5,8
dae2g1m42tqs73au4ev0,ibm_fez,46,45,static,71,--,,6,2,8
dae2g1m42tqs73au4ev0,ibm_fez,46,46,correlated,58,+-,,3,5,8
dae2g1m42tqs73au4ev0,ibm_fez,46,47,none,58,-+,,7,1,8
dae2g1m42tqs73au4ev0,ibm_fez,46,48,,,,0,8,0,8
dae2g1m42tqs73au4ev0,ibm_fez,46,49,reset,21,++,,4,4,8
dae2g1m42tqs73au4ev0,ibm_fez,46,50,reset,21,--,,6,2,8
dae2g1m42tqs73au4ev0,ibm_fez,46,51,correlated,21,++,,5,3,8
dae2g1m42tqs73au4ev0,ibm_fez,46,52,none,21,+-,,5,3,8
dae2g1m42tqs73au4ev0,ibm_fez,46,53,none,21,++,,5,3,8
dae2g1m42tqs73au4ev0,ibm_fez,46,54,correlated,21,-+,,1,7,8
dae2g1m42tqs73au4ev0,ibm_fez,46,55,reset,21,+-,,0,8,8
dae2g1m42tqs73au4ev0,ibm_fez,46,56,none,21,--,,2,6,8
dae2g1m42tqs73au4ev0,ibm_fez,46,57,correlated,21,--,,5,3,8
dae2g1m42tqs73au4ev0,ibm_fez,46,58,correlated,21,+-,,2,6,8
dae2g1m42tqs73au4ev0,ibm_fez,46,59,none,21,-+,,2,6,8
dae2g1m42tqs73au4ev0,ibm_fez,46,60,static,21,-+,,3,5,8
dae2g1m42tqs73au4ev0,ibm_fez,46,61,static,21,+-,,3,5,8
dae2g1m42tqs73au4ev0,ibm_fez,46,62,static,21,++,,7,1,8
dae2g1m42tqs73au4ev0,ibm_fez,46,63,static,21,--,,7,1,8
dae2g1m42tqs73au4ev0,ibm_fez,46,64,reset,21,-+,,4,4,8
dae2g1m42tqs73au4ev0,ibm_fez,46,65,,,,1,0,8,8
dae2g1m42tqs73au4ev0,ibm_fez,46,66,none,43,-+,,0,8,8
dae2g1m42tqs73au4ev0,ibm_fez,46,67,reset,43,--,,8,0,8
dae2g1m42tqs73au4ev0,ibm_fez,46,68,reset,43,+-,,0,8,8
dae2g1m42tqs73au4ev0,ibm_fez,46,69,none,43,+-,,0,8,8
dae2g1m42tqs73au4ev0,ibm_fez,46,70,none,43,++,,8,0,8
dae2g1m42tqs73au4ev0,ibm_fez,46,71,correlated,43,++,,8,0,8
dae2g1m42tqs73au4ev0,ibm_fez,46,72,correlated,43,--,,8,0,8
dae2g1m42tqs73au4ev0,ibm_fez,46,73,correlated,43,+-,,0,8,8
dae2g1m42tqs73au4ev0,ibm_fez,46,74,static,43,-+,,0,8,8
dae2g1m42tqs73au4ev0,ibm_fez,46,75,reset,43,-+,,1,7,8
dae2g1m42tqs73au4ev0,ibm_fez,46,76,none,43,--,,8,0,8
dae2g1m42tqs73au4ev0,ibm_fez,46,77,static,43,--,,8,0,8
dae2g1m42tqs73au4ev0,ibm_fez,46,78,correlated,43,-+,,0,8,8
dae2g1m42tqs73au4ev0,ibm_fez,46,79,static,43,++,,8,0,8
dae2g1m42tqs73au4ev0,ibm_fez,46,80,static,43,+-,,0,8,8
dae2g1m42tqs73au4ev0,ibm_fez,46,81,reset,43,++,,8,0,8
dae2g1m42tqs73au4ev0,ibm_fez,46,82,correlated,118,++,,7,1,8
dae2g1m42tqs73au4ev0,ibm_fez,46,83,none,118,++,,3,5,8
dae2g1m42tqs73au4ev0,ibm_fez,46,84,correlated,118,-+,,2,6,8
dae2g1m42tqs73au4ev0,ibm_fez,46,85,static,118,+-,,3,5,8
dae2g1m42tqs73au4ev0,ibm_fez,46,86,reset,118,--,,7,1,8
dae2g1m42tqs73au4ev0,ibm_fez,46,87,static,118,++,,8,0,8
dae2g1m42tqs73au4ev0,ibm_fez,46,88,none,118,+-,,5,3,8
dae2g1m42tqs73au4ev0,ibm_fez,46,89,reset,118,-+,,1,7,8
dae2g1m42tqs73au4ev0,ibm_fez,46,90,reset,118,+-,,3,5,8
dae2g1m42tqs73au4ev0,ibm_fez,46,91,none,118,-+,,2,6,8
dae2g1m42tqs73au4ev0,ibm_fez,46,92,reset,118,++,,7,1,8
dae2g1m42tqs73au4ev0,ibm_fez,46,93,none,118,--,,7,1,8
dae2g1m42tqs73au4ev0,ibm_fez,46,94,static,118,-+,,3,5,8
dae2g1m42tqs73au4ev0,ibm_fez,46,95,correlated,118,--,,4,4,8
dae2g1m42tqs73au4ev0,ibm_fez,46,96,correlated,118,+-,,2,6,8
dae2g1m42tqs73au4ev0,ibm_fez,46,97,static,118,--,,5,3,8
dae2g1m42tqs73au4ev0,ibm_fez,46,98,,,,0,8,0,8
dae2g1m42tqs73au4ev0,ibm_fez,46,99,correlated,87,2+,,8,0,8
dae2g1m42tqs73au4ev0,ibm_fez,46,100,correlated,79,2-,,8,0,8
dae2g1m42tqs73au4ev0,ibm_fez,46,101,reset,106,1+,,8,0,8
dae2g1m42tqs73au4ev0,ibm_fez,46,102,none,106,1-,,8,0,8
dae2g1m42tqs73au4ev0,ibm_fez,46,103,static,79,2+,,8,0,8
dae2g1m42tqs73au4ev0,ibm_fez,46,104,none,88,1-,,8,0,8
dae2g1m42tqs73au4ev0,ibm_fez,46,105,correlated,43,2-,,8,0,8
dae2g1m42tqs73au4ev0,ibm_fez,46,106,none,43,2+,,8,0,8
dae2g1m42tqs73au4ev0,ibm_fez,46,107,correlated,79,2+,,8,0,8
dae2g1m42tqs73au4ev0,ibm_fez,46,108,correlated,106,1+,,8,0,8
dae2g1m42tqs73au4ev0,ibm_fez,46,109,none,106,1+,,8,0,8
dae2g1m42tqs73au4ev0,ibm_fez,46,110,correlated,88,1+,,8,0,8
dae2g1m42tqs73au4ev0,ibm_fez,46,111,static,88,1+,,8,0,8
dae2g1m42tqs73au4ev0,ibm_fez,46,112,static,106,1+,,8,0,8
dae2g1m42tqs73au4ev0,ibm_fez,46,113,correlated,43,2+,,8,0,8
dae2g1m42tqs73au4ev0,ibm_fez,46,114,static,87,2+,,8,0,8
dae2g1m42tqs73au4ev0,ibm_fez,46,115,reset,87,2-,,8,0,8
dae2g1m42tqs73au4ev0,ibm_fez,46,116,correlated,106,1-,,8,0,8
dae2g1m42tqs73au4ev0,ibm_fez,46,117,static,106,1-,,8,0,8
dae2g1m42tqs73au4ev0,ibm_fez,46,118,static,87,2-,,8,0,8
dae2g1m42tqs73au4ev0,ibm_fez,46,119,static,88,1-,,8,0,8
dae2g1m42tqs73au4ev0,ibm_fez,46,120,reset,79,2+,,8,0,8
dae2g1m42tqs73au4ev0,ibm_fez,46,121,none,79,2+,,8,0,8
dae2g1m42tqs73au4ev0,ibm_fez,46,122,reset,43,2+,,8,0,8
dae2g1m42tqs73au4ev0,ibm_fez,46,123,reset,88,1-,,8,0,8
dae2g1m42tqs73au4ev0,ibm_fez,46,124,static,79,2-,,8,0,8
dae2g1m42tqs73au4ev0,ibm_fez,46,125,static,43,2+,,8,0,8
dae2g1m42tqs73au4ev0,ibm_fez,46,126,reset,87,2+,,8,0,8
dae2g1m42tqs73au4ev0,ibm_fez,46,127,none,43,2-,,8,0,8
dae2g1m42tqs73au4ev0,ibm_fez,46,128,none,87,2-,,8,0,8
dae2g1m42tqs73au4ev0,ibm_fez,46,129,none,87,2+,,8,0,8
dae2g1m42tqs73au4ev0,ibm_fez,46,130,reset,106,1-,,7,1,8
dae2g1m42tqs73au4ev0,ibm_fez,46,131,reset,43,2-,,8,0,8
dae2g1m42tqs73au4ev0,ibm_fez,46,132,none,79,2-,,8,0,8
dae2g1m42tqs73au4ev0,ibm_fez,46,133,none,88,1+,,8,0,8
dae2g1m42tqs73au4ev0,ibm_fez,46,134,correlated,88,1-,,8,0,8
dae2g1m42tqs73au4ev0,ibm_fez,46,135,reset,79,2-,,8,0,8
dae2g1m42tqs73au4ev0,ibm_fez,46,136,reset,88,1+,,7,1,8
dae2g1m42tqs73au4ev0,ibm_fez,46,137,static,43,2-,,8,0,8
dae2g1m42tqs73au4ev0,ibm_fez,46,138,correlated,87,2-,,7,1,8
dae2g1m42tqs73au4ev0,ibm_fez,46,139,,,,0,8,0,8
dae2g1m42tqs73au4ev0,ibm_fez,46,140,static,103,++,,1,7,8
dae2g1m42tqs73au4ev0,ibm_fez,46,141,reset,103,-+,,8,0,8
dae2g1m42tqs73au4ev0,ibm_fez,46,142,reset,103,+-,,2,6,8
dae2g1m42tqs73au4ev0,ibm_fez,46,143,static,103,-+,,8,0,8
dae2g1m42tqs73au4ev0,ibm_fez,46,144,none,103,+-,,5,3,8
dae2g1m42tqs73au4ev0,ibm_fez,46,145,reset,103,++,,2,6,8
dae2g1m42tqs73au4ev0,ibm_fez,46,146,none,103,-+,,2,6,8
dae2g1m42tqs73au4ev0,ibm_fez,46,147,correlated,103,-+,,8,0,8
dae2g1m42tqs73au4ev0,ibm_fez,46,148,reset,103,--,,6,2,8
dae2g1m42tqs73au4ev0,ibm_fez,46,149,correlated,103,+-,,1,7,8
dae2g1m42tqs73au4ev0,ibm_fez,46,150,static,103,+-,,1,7,8
dae2g1m42tqs73au4ev0,ibm_fez,46,151,correlated,103,++,,4,4,8
dae2g1m42tqs73au4ev0,ibm_fez,46,152,none,103,++,,5,3,8
dae2g1m42tqs73au4ev0,ibm_fez,46,153,static,103,--,,7,1,8
dae2g1m42tqs73au4ev0,ibm_fez,46,154,correlated,103,--,,7,1,8
dae2g1m42tqs73au4ev0,ibm_fez,46,155,none,103,--,,2,6,8
dae2g1m42tqs73au4ev0,ibm_fez,46,156,none,65,1+,,3,5,8
dae2g1m42tqs73au4ev0,ibm_fez,46,157,correlated,3,1+,,8,0,8
dae2g1m42tqs73au4ev0,ibm_fez,46,158,correlated,21,2+,,8,0,8
dae2g1m42tqs73au4ev0,ibm_fez,46,159,reset,60,2+,,1,7,8
dae2g1m42tqs73au4ev0,ibm_fez,46,160,correlated,21,2-,,4,4,8
dae2g1m42tqs73au4ev0,ibm_fez,46,161,static,60,2+,,1,7,8
dae2g1m42tqs73au4ev0,ibm_fez,46,162,correlated,60,2+,,0,8,8
dae2g1m42tqs73au4ev0,ibm_fez,46,163,reset,40,2-,,0,8,8
dae2g1m42tqs73au4ev0,ibm_fez,46,164,correlated,65,1-,,0,8,8
dae2g1m42tqs73au4ev0,ibm_fez,46,165,correlated,104,2-,,0,8,8
dae2g1m42tqs73au4ev0,ibm_fez,46,166,correlated,104,2+,,6,2,8
dae2g1m42tqs73au4ev0,ibm_fez,46,167,reset,60,2-,,6,2,8
dae2g1m42tqs73au4ev0,ibm_fez,46,168,static,65,1+,,1,7,8
dae2g1m42tqs73au4ev0,ibm_fez,46,169,correlated,40,2-,,7,1,8
dae2g1m42tqs73au4ev0,ibm_fez,46,170,static,60,2-,,7,1,8
dae2g1m42tqs73au4ev0,ibm_fez,46,171,none,3,1-,,2,6,8
dae2g1m42tqs73au4ev0,ibm_fez,46,172,reset,21,2+,,7,1,8
dae2g1m42tqs73au4ev0,ibm_fez,46,173,none,104,2-,,4,4,8
dae2g1m42tqs73au4ev0,ibm_fez,46,174,static,104,2+,,1,7,8
dae2g1m42tqs73au4ev0,ibm_fez,46,175,reset,65,1-,,0,8,8
dae2g1m42tqs73au4ev0,ibm_fez,46,176,static,21,2-,,5,3,8
dae2g1m42tqs73au4ev0,ibm_fez,46,177,none,40,2+,,4,4,8
dae2g1m42tqs73au4ev0,ibm_fez,46,178,static,3,1-,,6,2,8
dae2g1m42tqs73au4ev0,ibm_fez,46,179,reset,65,1+,,7,1,8
dae2g1m42tqs73au4ev0,ibm_fez,46,180,none,104,2+,,4,4,8
dae2g1m42tqs73au4ev0,ibm_fez,46,181,reset,40,2+,,8,0,8
dae2g1m42tqs73au4ev0,ibm_fez,46,182,reset,104,2+,,8,0,8
dae2g1m42tqs73au4ev0,ibm_fez,46,183,correlated,3,1-,,0,8,8
dae2g1m42tqs73au4ev0,ibm_fez,46,184,static,104,2-,,7,1,8
dae2g1m42tqs73au4ev0,ibm_fez,46,185,static,40,2+,,1,7,8
dae2g1m42tqs73au4ev0,ibm_fez,46,186,reset,104,2-,,2,6,8
dae2g1m42tqs73au4ev0,ibm_fez,46,187,reset,21,2-,,2,6,8
dae2g1m42tqs73au4ev0,ibm_fez,46,188,none,21,2-,,4,4,8
dae2g1m42tqs73au4ev0,ibm_fez,46,189,none,21,2+,,5,3,8
dae2g1m42tqs73au4ev0,ibm_fez,46,190,correlated,65,1+,,6,2,8
dae2g1m42tqs73au4ev0,ibm_fez,46,191,static,65,1-,,7,1,8
dae2g1m42tqs73au4ev0,ibm_fez,46,192,correlated,60,2-,,6,2,8
dae2g1m42tqs73au4ev0,ibm_fez,46,193,reset,3,1+,,8,0,8
dae2g1m42tqs73au4ev0,ibm_fez,46,194,correlated,40,2+,,2,6,8
dae2g1m42tqs73au4ev0,ibm_fez,46,195,none,3,1+,,3,5,8
dae2g1m42tqs73au4ev0,ibm_fez,46,196,none,40,2-,,3,5,8
dae2g1m42tqs73au4ev0,ibm_fez,46,197,none,60,2+,,3,5,8
dae2g1m42tqs73au4ev0,ibm_fez,46,198,reset,3,1-,,2,6,8
dae2g1m42tqs73au4ev0,ibm_fez,46,199,static,21,2+,,0,8,8
dae2g1m42tqs73au4ev0,ibm_fez,46,200,static,40,2-,,6,2,8
dae2g1m42tqs73au4ev0,ibm_fez,46,201,static,3,1+,,0,8,8
dae2g1m42tqs73au4ev0,ibm_fez,46,202,none,60,2-,,5,3,8
dae2g1m42tqs73au4ev0,ibm_fez,46,203,none,65,1-,,3,5,8
dae2g1m42tqs73au4ev0,ibm_fez,46,204,correlated,18,1-,,2,6,8
dae2g1m42tqs73au4ev0,ibm_fez,46,205,reset,18,1+,,8,0,8
dae2g1m42tqs73au4ev0,ibm_fez,46,206,reset,31,1-,,1,7,8
dae2g1m42tqs73au4ev0,ibm_fez,46,207,none,18,1+,,4,4,8
dae2g1m42tqs73au4ev0,ibm_fez,46,208,static,18,1-,,5,3,8
dae2g1m42tqs73au4ev0,ibm_fez,46,209,none,18,1-,,5,3,8
dae2g1m42tqs73au4ev0,ibm_fez,46,210,none,31,1+,,5,3,8
dae2g1m42tqs73au4ev0,ibm_fez,46,211,static,18,1+,,0,8,8
dae2g1m42tqs73au4ev0,ibm_fez,46,212,reset,31,1+,,6,2,8
dae2g1m42tqs73au4ev0,ibm_fez,46,213,correlated,18,1+,,8,0,8
dae2g1m42tqs73au4ev0,ibm_fez,46,214,static,31,1+,,3,5,8
dae2g1m42tqs73au4ev0,ibm_fez,46,215,static,31,1-,,8,0,8
dae2g1m42tqs73au4ev0,ibm_fez,46,216,reset,18,1-,,2,6,8
dae2g1m42tqs73au4ev0,ibm_fez,46,217,correlated,31,1-,,0,8,8
dae2g1m42tqs73au4ev0,ibm_fez,46,218,none,31,1-,,3,5,8
dae2g1m42tqs73au4ev0,ibm_fez,46,219,correlated,31,1+,,6,2,8
dae2g1m42tqs73au4ev0,ibm_fez,46,220,reset,17,--,,8,0,8
dae2g1m42tqs73au4ev0,ibm_fez,46,221,none,17,--,,5,3,8
dae2g1m42tqs73au4ev0,ibm_fez,46,222,reset,17,-+,,6,2,8
dae2g1m42tqs73au4ev0,ibm_fez,46,223,none,17,++,,5,3,8
dae2g1m42tqs73au4ev0,ibm_fez,46,224,static,17,++,,0,8,8
dae2g1m42tqs73au4ev0,ibm_fez,46,225,reset,17,++,,2,6,8
dae2g1m42tqs73au4ev0,ibm_fez,46,226,none,17,+-,,5,3,8
dae2g1m42tqs73au4ev0,ibm_fez,46,227,static,17,-+,,6,2,8
dae2g1m42tqs73au4ev0,ibm_fez,46,228,correlated,17,-+,,6,2,8
dae2g1m42tqs73au4ev0,ibm_fez,46,229,correlated,17,--,,7,1,8
dae2g1m42tqs73au4ev0,ibm_fez,46,230,correlated,17,+-,,2,6,8
dae2g1m42tqs73au4ev0,ibm_fez,46,231,correlated,17,++,,2,6,8
dae2g1m42tqs73au4ev0,ibm_fez,46,232,reset,17,+-,,1,7,8
dae2g1m42tqs73au4ev0,ibm_fez,46,233,static,17,+-,,3,5,8
dae2g1m42tqs73au4ev0,ibm_fez,46,234,none,17,-+,,3,5,8
dae2g1m42tqs73au4ev0,ibm_fez,46,235,static,17,--,,7,1,8
dae2g1m42tqs73au4ev0,ibm_fez,46,236,reset,60,--,,7,1,8
dae2g1m42tqs73au4ev0,ibm_fez,46,237,reset,60,+-,,5,3,8
dae2g1m42tqs73au4ev0,ibm_fez,46,238,correlated,60,+-,,3,5,8
dae2g1m42tqs73au4ev0,ibm_fez,46,239,correlated,60,--,,5,3,8
dae2g1m42tqs73au4ev0,ibm_fez,46,240,none,60,+-,,6,2,8
dae2g1m42tqs73au4ev0,ibm_fez,46,241,reset,60,++,,2,6,8
dae2g1m42tqs73au4ev0,ibm_fez,46,242,static,60,--,,7,1,8
dae2g1m42tqs73au4ev0,ibm_fez,46,243,correlated,60,-+,,2,6,8
dae2g1m42tqs73au4ev0,ibm_fez,46,244,none,60,--,,2,6,8
dae2g1m42tqs73au4ev0,ibm_fez,46,245,static,60,-+,,1,7,8
dae2g1m42tqs73au4ev0,ibm_fez,46,246,reset,60,-+,,0,8,8
dae2g1m42tqs73au4ev0,ibm_fez,46,247,none,60,++,,4,4,8
dae2g1m42tqs73au4ev0,ibm_fez,46,248,static,60,+-,,7,1,8
dae2g1m42tqs73au4ev0,ibm_fez,46,249,static,60,++,,0,8,8
dae2g1m42tqs73au4ev0,ibm_fez,46,250,none,60,-+,,5,3,8
dae2g1m42tqs73au4ev0,ibm_fez,46,251,correlated,60,++,,2,6,8
dae2g1m42tqs73au4ev0,ibm_fez,46,252,correlated,16,--,,8,0,8
dae2g1m42tqs73au4ev0,ibm_fez,46,253,none,16,+-,,8,0,8
dae2g1m42tqs73au4ev0,ibm_fez,46,254,none,16,-+,,8,0,8
dae2g1m42tqs73au4ev0,ibm_fez,46,255,correlated,16,+-,,8,0,8
dae2g1m42tqs73au4ev0,ibm_fez,46,256,reset,16,++,,8,0,8
dae2g1m42tqs73au4ev0,ibm_fez,46,257,reset,16,+-,,8,0,8
dae2g1m42tqs73au4ev0,ibm_fez,46,258,none,16,--,,8,0,8
dae2g1m42tqs73au4ev0,ibm_fez,46,259,none,16,++,,8,0,8
dae2g1m42tqs73au4ev0,ibm_fez,46,260,static,16,--,,8,0,8
dae2g1m42tqs73au4ev0,ibm_fez,46,261,correlated,16,++,,8,0,8
dae2g1m42tqs73au4ev0,ibm_fez,46,262,static,16,+-,,8,0,8
dae2g1m42tqs73au4ev0,ibm_fez,46,263,static,16,++,,8,0,8
dae2g1m42tqs73au4ev0,ibm_fez,46,264,reset,16,--,,8,0,8
dae2g1m42tqs73au4ev0,ibm_fez,46,265,reset,16,-+,,8,0,8
dae2g1m42tqs73au4ev0,ibm_fez,46,266,static,16,-+,,8,0,8
dae2g1m42tqs73au4ev0,ibm_fez,46,267,correlated,16,-+,,8,0,8
dae2g1m42tqs73au4ev0,ibm_fez,46,268,static,105,-+,,8,0,8
dae2g1m42tqs73au4ev0,ibm_fez,46,269,reset,105,++,,6,2,8
dae2g1m42tqs73au4ev0,ibm_fez,46,270,none,105,+-,,3,5,8
dae2g1m42tqs73au4ev0,ibm_fez,46,271,reset,105,+-,,6,2,8
dae2g1m42tqs73au4ev0,ibm_fez,46,272,correlated,105,-+,,1,7,8
dae2g1m42tqs73au4ev0,ibm_fez,46,273,correlated,105,--,,0,8,8
dae2g1m42tqs73au4ev0,ibm_fez,46,274,none,105,-+,,3,5,8
dae2g1m42tqs73au4ev0,ibm_fez,46,275,static,105,+-,,1,7,8
dae2g1m42tqs73au4ev0,ibm_fez,46,276,static,105,++,,1,7,8
dae2g1m42tqs73au4ev0,ibm_fez,46,277,reset,105,-+,,1,7,8
dae2g1m42tqs73au4ev0,ibm_fez,46,278,correlated,105,+-,,6,2,8
dae2g1m42tqs73au4ev0,ibm_fez,46,279,reset,105,--,,2,6,8
dae2g1m42tqs73au4ev0,ibm_fez,46,280,static,105,--,,7,1,8
dae2g1m42tqs73au4ev0,ibm_fez,46,281,correlated,105,++,,8,0,8
dae2g1m42tqs73au4ev0,ibm_fez,46,282,none,105,++,,1,7,8
dae2g1m42tqs73au4ev0,ibm_fez,46,283,none,105,--,,4,4,8
dae2g1m42tqs73au4ev0,ibm_fez,46,284,correlated,126,+-,,8,0,8
dae2g1m42tqs73au4ev0,ibm_fez,46,285,static,126,+-,,8,0,8
dae2g1m42tqs73au4ev0,ibm_fez,46,286,reset,126,-+,,8,0,8
dae2g1m42tqs73au4ev0,ibm_fez,46,287,static,126,--,,8,0,8
dae2g1m42tqs73au4ev0,ibm_fez,46,288,none,126,+-,,8,0,8
dae2g1m42tqs73au4ev0,ibm_fez,46,289,reset,126,++,,8,0,8
dae2g1m42tqs73au4ev0,ibm_fez,46,290,reset,126,--,,8,0,8
dae2g1m42tqs73au4ev0,ibm_fez,46,291,static,126,-+,,8,0,8
dae2g1m42tqs73au4ev0,ibm_fez,46,292,none,126,--,,8,0,8
dae2g1m42tqs73au4ev0,ibm_fez,46,293,none,126,-+,,8,0,8
dae2g1m42tqs73au4ev0,ibm_fez,46,294,reset,126,+-,,8,0,8
dae2g1m42tqs73au4ev0,ibm_fez,46,295,correlated,126,-+,,8,0,8
dae2g1m42tqs73au4ev0,ibm_fez,46,296,correlated,126,--,,8,0,8
dae2g1m42tqs73au4ev0,ibm_fez,46,297,static,126,++,,8,0,8
dae2g1m42tqs73au4ev0,ibm_fez,46,298,correlated,126,++,,8,0,8
dae2g1m42tqs73au4ev0,ibm_fez,46,299,none,126,++,,8,0,8
dae2g1m42tqs73au4ev0,ibm_fez,46,300,,,,0,8,0,8
dae2g1m42tqs73au4ev0,ibm_fez,46,301,,,,1,0,8,8
dae2g1m42tqs73au4ev0,ibm_fez,46,302,correlated,111,++,,3,5,8
dae2g1m42tqs73au4ev0,ibm_fez,46,303,none,111,+-,,8,0,8
dae2g1m42tqs73au4ev0,ibm_fez,46,304,reset,111,--,,0,8,8
dae2g1m42tqs73au4ev0,ibm_fez,46,305,none,111,-+,,8,0,8
dae2g1m42tqs73au4ev0,ibm_fez,46,306,none,111,++,,1,7,8
dae2g1m42tqs73au4ev0,ibm_fez,46,307,none,111,--,,0,8,8
dae2g1m42tqs73au4ev0,ibm_fez,46,308,correlated,111,+-,,3,5,8
dae2g1m42tqs73au4ev0,ibm_fez,46,309,correlated,111,-+,,4,4,8
dae2g1m42tqs73au4ev0,ibm_fez,46,310,reset,111,++,,0,8,8
dae2g1m42tqs73au4ev0,ibm_fez,46,311,static,111,+-,,2,6,8
dae2g1m42tqs73au4ev0,ibm_fez,46,312,static,111,++,,3,5,8
dae2g1m42tqs73au4ev0,ibm_fez,46,313,correlated,111,--,,4,4,8
dae2g1m42tqs73au4ev0,ibm_fez,46,314,reset,111,-+,,7,1,8
dae2g1m42tqs73au4ev0,ibm_fez,46,315,reset,111,+-,,8,0,8
dae2g1m42tqs73au4ev0,ibm_fez,46,316,static,111,--,,4,4,8
dae2g1m42tqs73au4ev0,ibm_fez,46,317,static,111,-+,,2,6,8
dae2g1m42tqs73au4ev0,ibm_fez,46,318,,,,0,8,0,8
dae2g1m42tqs73au4ev0,ibm_fez,46,319,,,,1,0,8,8
dae2g1m42tqs73au4ev0,ibm_fez,46,320,static,29,-+,,7,1,8
dae2g1m42tqs73au4ev0,ibm_fez,46,321,static,29,++,,3,5,8
dae2g1m42tqs73au4ev0,ibm_fez,46,322,reset,29,--,,8,0,8
dae2g1m42tqs73au4ev0,ibm_fez,46,323,reset,29,-+,,7,1,8
dae2g1m42tqs73au4ev0,ibm_fez,46,324,correlated,29,--,,6,2,8
dae2g1m42tqs73au4ev0,ibm_fez,46,325,static,29,+-,,2,6,8
dae2g1m42tqs73au4ev0,ibm_fez,46,326,reset,29,++,,1,7,8
dae2g1m42tqs73au4ev0,ibm_fez,46,327,correlated,29,+-,,1,7,8
dae2g1m42tqs73au4ev0,ibm_fez,46,328,none,29,-+,,3,5,8
dae2g1m42tqs73au4ev0,ibm_fez,46,329,none,29,+-,,4,4,8
dae2g1m42tqs73au4ev0,ibm_fez,46,330,reset,29,+-,,1,7,8
dae2g1m42tqs73au4ev0,ibm_fez,46,331,none,29,--,,3,5,8
dae2g1m42tqs73au4ev0,ibm_fez,46,332,static,29,--,,7,1,8
dae2g1m42tqs73au4ev0,ibm_fez,46,333,correlated,29,++,,2,6,8
dae2g1m42tqs73au4ev0,ibm_fez,46,334,correlated,29,-+,,7,1,8
dae2g1m42tqs73au4ev0,ibm_fez,46,335,none,29,++,,4,4,8
dae2g1m42tqs73au4ev0,ibm_fez,46,336,,,,1,0,8,8
dae2g1m42tqs73au4ev0,ibm_fez,46,337,reset,80,+-,,7,1,8
dae2g1m42tqs73au4ev0,ibm_fez,46,338,static,80,+-,,4,4,8
dae2g1m42tqs73au4ev0,ibm_fez,46,339,static,80,++,,3,5,8
dae2g1m42tqs73au4ev0,ibm_fez,46,340,reset,80,--,,0,8,8
dae2g1m42tqs73au4ev0,ibm_fez,46,341,none,80,+-,,8,0,8
dae2g1m42tqs73au4ev0,ibm_fez,46,342,static,80,--,,4,4,8
dae2g1m42tqs73au4ev0,ibm_fez,46,343,reset,80,-+,,8,0,8
dae2g1m42tqs73au4ev0,ibm_fez,46,344,correlated,80,+-,,4,4,8
dae2g1m42tqs73au4ev0,ibm_fez,46,345,none,80,++,,0,8,8
dae2g1m42tqs73au4ev0,ibm_fez,46,346,none,80,--,,0,8,8
dae2g1m42tqs73au4ev0,ibm_fez,46,347,correlated,80,++,,4,4,8
dae2g1m42tqs73au4ev0,ibm_fez,46,348,static,80,-+,,5,3,8
dae2g1m42tqs73au4ev0,ibm_fez,46,349,correlated,80,--,,2,6,8
dae2g1m42tqs73au4ev0,ibm_fez,46,350,reset,80,++,,0,8,8
dae2g1m42tqs73au4ev0,ibm_fez,46,351,correlated,80,-+,,4,4,8
dae2g1m42tqs73au4ev0,ibm_fez,46,352,none,80,-+,,8,0,8
dae2g1m42tqs73au4ev0,ibm_fez,46,353,,,,1,0,8,8
dae2g1m42tqs73au4ev0,ibm_fez,46,354,static,22,--,,8,0,8
dae2g1m42tqs73au4ev0,ibm_fez,46,355,reset,22,++,,8,0,8
dae2g1m42tqs73au4ev0,ibm_fez,46,356,correlated,22,-+,,0,8,8
dae2g1m42tqs73au4ev0,ibm_fez,46,357,reset,22,-+,,0,8,8
dae2g1m42tqs73au4ev0,ibm_fez,46,358,reset,22,--,,8,0,8
dae2g1m42tqs73au4ev0,ibm_fez,46,359,none,22,++,,8,0,8
dae2g1m42tqs73au4ev0,ibm_fez,46,360,none,22,+-,,0,8,8
dae2g1m42tqs73au4ev0,ibm_fez,46,361,none,22,-+,,1,7,8
dae2g1m42tqs73au4ev0,ibm_fez,46,362,reset,22,+-,,0,8,8
dae2g1m42tqs73au4ev0,ibm_fez,46,363,correlated,22,+-,,0,8,8
dae2g1m42tqs73au4ev0,ibm_fez,46,364,static,22,++,,8,0,8
dae2g1m42tqs73au4ev0,ibm_fez,46,365,static,22,+-,,0,8,8
dae2g1m42tqs73au4ev0,ibm_fez,46,366,static,22,-+,,1,7,8
dae2g1m42tqs73au4ev0,ibm_fez,46,367,correlated,22,++,,8,0,8
dae2g1m42tqs73au4ev0,ibm_fez,46,368,correlated,22,--,,8,0,8
dae2g1m42tqs73au4ev0,ibm_fez,46,369,none,22,--,,8,0,8
dae2g1m42tqs73au4ev0,ibm_fez,46,370,correlated,84,2-,,8,0,8
dae2g1m42tqs73au4ev0,ibm_fez,46,371,reset,12,2-,,8,0,8
dae2g1m42tqs73au4ev0,ibm_fez,46,372,correlated,44,1-,,8,0,8
dae2g1m42tqs73au4ev0,ibm_fez,46,373,correlated,41,2-,,8,0,8
dae2g1m42tqs73au4ev0,ibm_fez,46,374,static,23,1+,,8,0,8
dae2g1m42tqs73au4ev0,ibm_fez,46,375,none,23,1+,,8,0,8
dae2g1m42tqs73au4ev0,ibm_fez,46,376,static,8,2-,,8,0,8
dae2g1m42tqs73au4ev0,ibm_fez,46,377,correlated,95,2+,,8,0,8
dae2g1m42tqs73au4ev0,ibm_fez,46,378,reset,85,2-,,8,0,8
dae2g1m42tqs73au4ev0,ibm_fez,46,379,static,41,2+,,8,0,8
dae2g1m42tqs73au4ev0,ibm_fez,46,380,none,8,2-,,8,0,8
dae2g1m42tqs73au4ev0,ibm_fez,46,381,correlated,52,2+,,8,0,8
dae2g1m42tqs73au4ev0,ibm_fez,46,382,reset,27,1+,,8,0,8
dae2g1m42tqs73au4ev0,ibm_fez,46,383,reset,52,2+,,8,0,8
dae2g1m42tqs73au4ev0,ibm_fez,46,384,correlated,51,1+,,8,0,8
dae2g1m42tqs73au4ev0,ibm_fez,46,385,none,85,2+,,7,1,8
dae2g1m42tqs73au4ev0,ibm_fez,46,386,static,12,2+,,8,0,8
dae2g1m42tqs73au4ev0,ibm_fez,46,387,correlated,12,2-,,8,0,8
dae2g1m42tqs73au4ev0,ibm_fez,46,388,reset,95,2+,,8,0,8
dae2g1m42tqs73au4ev0,ibm_fez,46,389,none,41,2+,,8,0,8
dae2g1m42tqs73au4ev0,ibm_fez,46,390,reset,85,2+,,8,0,8
dae2g1m42tqs73au4ev0,ibm_fez,46,391,static,41,2-,,8,0,8
dae2g1m42tqs73au4ev0,ibm_fez,46,392,correlated,8,2+,,8,0,8
dae2g1m42tqs73au4ev0,ibm_fez,46,393,correlated,27,1-,,8,0,8
dae2g1m42tqs73au4ev0,ibm_fez,46,394,static,84,2+,,8,0,8
dae2g1m42tqs73au4ev0,ibm_fez,46,395,static,27,1-,,8,0,8
dae2g1m42tqs73au4ev0,ibm_fez,46,396,none,8,2+,,8,0,8
dae2g1m42tqs73au4ev0,ibm_fez,46,397,static,12,2-,,8,0,8
dae2g1m42tqs73au4ev0,ibm_fez,46,398,correlated,95,2-,,8,0,8
dae2g1m42tqs73au4ev0,ibm_fez,46,399,correlated,8,2-,,8,0,8
dae2g1m42tqs73au4ev0,ibm_fez,46,400,none,23,1-,,8,0,8
dae2g1m42tqs73au4ev0,ibm_fez,46,401,reset,27,1-,,8,0,8
dae2g1m42tqs73au4ev0,ibm_fez,46,402,static,85,2+,,8,0,8
dae2g1m42tqs73au4ev0,ibm_fez,46,403,correlated,41,2+,,8,0,8
dae2g1m42tqs73au4ev0,ibm_fez,46,404,static,44,1-,,8,0,8
dae2g1m42tqs73au4ev0,ibm_fez,46,405,static,23,1-,,8,0,8
dae2g1m42tqs73au4ev0,ibm_fez,46,406,none,44,1+,,8,0,8
dae2g1m42tqs73au4ev0,ibm_fez,46,407,correlated,85,2-,,8,0,8
dae2g1m42tqs73au4ev0,ibm_fez,46,408,reset,44,1+,,8,0,8
dae2g1m42tqs73au4ev0,ibm_fez,46,409,reset,44,1-,,8,0,8
dae2g1m42tqs73au4ev0,ibm_fez,46,410,static,95,2+,,8,0,8
dae2g1m42tqs73au4ev0,ibm_fez,46,411,reset,41,2+,,8,0,8
dae2g1m42tqs73au4ev0,ibm_fez,46,412,correlated,23,1+,,8,0,8
dae2g1m42tqs73au4ev0,ibm_fez,46,413,none,51,1-,,8,0,8
dae2g1m42tqs73au4ev0,ibm_fez,46,414,static,8,2+,,8,0,8
dae2g1m42tqs73au4ev0,ibm_fez,46,415,reset,51,1-,,8,0,8
dae2g1m42tqs73au4ev0,ibm_fez,46,416,static,52,2-,,8,0,8
dae2g1m42tqs73au4ev0,ibm_fez,46,417,correlated,44,1+,,8,0,8
dae2g1m42tqs73au4ev0,ibm_fez,46,418,reset,8,2+,,8,0,8
dae2g1m42tqs73au4ev0,ibm_fez,46,419,none,52,2+,,8,0,8
dae2g1m42tqs73au4ev0,ibm_fez,46,420,reset,84,2+,,8,0,8
dae2g1m42tqs73au4ev0,ibm_fez,46,421,none,27,1+,,8,0,8
dae2g1m42tqs73au4ev0,ibm_fez,46,422,reset,23,1-,,8,0,8
dae2g1m42tqs73au4ev0,ibm_fez,46,423,static,84,2-,,8,0,8
dae2g1m42tqs73au4ev0,ibm_fez,46,424,none,27,1-,,8,0,8
dae2g1m42tqs73au4ev0,ibm_fez,46,425,none,84,2+,,8,0,8
dae2g1m42tqs73au4ev0,ibm_fez,46,426,static,52,2+,,8,0,8
dae2g1m42tqs73au4ev0,ibm_fez,46,427,static,85,2-,,8,0,8
dae2g1m42tqs73au4ev0,ibm_fez,46,428,none,12,2+,,8,0,8
dae2g1m42tqs73au4ev0,ibm_fez,46,429,none,85,2-,,8,0,8
dae2g1m42tqs73au4ev0,ibm_fez,46,430,none,52,2-,,8,0,8
dae2g1m42tqs73au4ev0,ibm_fez,46,431,reset,95,2-,,8,0,8
dae2g1m42tqs73au4ev0,ibm_fez,46,432,static,51,1+,,8,0,8
dae2g1m42tqs73au4ev0,ibm_fez,46,433,static,44,1+,,8,0,8
dae2g1m42tqs73au4ev0,ibm_fez,46,434,reset,52,2-,,8,0,8
dae2g1m42tqs73au4ev0,ibm_fez,46,435,reset,23,1+,,8,0,8
dae2g1m42tqs73au4ev0,ibm_fez,46,436,none,95,2-,,8,0,8
dae2g1m42tqs73au4ev0,ibm_fez,46,437,reset,41,2-,,8,0,8
dae2g1m42tqs73au4ev0,ibm_fez,46,438,static,27,1+,,8,0,8
dae2g1m42tqs73au4ev0,ibm_fez,46,439,none,51,1+,,8,0,8
dae2g1m42tqs73au4ev0,ibm_fez,46,440,none,44,1-,,8,0,8
dae2g1m42tqs73au4ev0,ibm_fez,46,441,reset,51,1+,,8,0,8
dae2g1m42tqs73au4ev0,ibm_fez,46,442,reset,84,2-,,8,0,8
dae2g1m42tqs73au4ev0,ibm_fez,46,443,static,51,1-,,8,0,8
dae2g1m42tqs73au4ev0,ibm_fez,46,444,correlated,52,2-,,8,0,8
dae2g1m42tqs73au4ev0,ibm_fez,46,445,correlated,84,2+,,8,0,8
dae2g1m42tqs73au4ev0,ibm_fez,46,446,none,41,2-,,8,0,8
dae2g1m42tqs73au4ev0,ibm_fez,46,447,correlated,51,1-,,8,0,8
dae2g1m42tqs73au4ev0,ibm_fez,46,448,none,12,2-,,8,0,8
dae2g1m42tqs73au4ev0,ibm_fez,46,449,none,84,2-,,8,0,8
dae2g1m42tqs73au4ev0,ibm_fez,46,450,correlated,85,2+,,8,0,8
dae2g1m42tqs73au4ev0,ibm_fez,46,451,reset,8,2-,,8,0,8
dae2g1m42tqs73au4ev0,ibm_fez,46,452,static,95,2-,,8,0,8
dae2g1m42tqs73au4ev0,ibm_fez,46,453,correlated,27,1+,,8,0,8
dae2g1m42tqs73au4ev0,ibm_fez,46,454,correlated,12,2+,,8,0,8
dae2g1m42tqs73au4ev0,ibm_fez,46,455,reset,12,2+,,8,0,8
dae2g1m42tqs73au4ev0,ibm_fez,46,456,correlated,23,1-,,8,0,8
dae2g1m42tqs73au4ev0,ibm_fez,46,457,none,95,2+,,8,0,8
dae2g1m42tqs73au4ev0,ibm_fez,46,458,,,,0,8,0,8
dae2g1m42tqs73au4ev0,ibm_fez,46,459,,,,1,0,8,8
dae2g1m42tqs73au4ev0,ibm_fez,46,460,,,,1,0,8,8
dae2g1m42tqs73au4ev0,ibm_fez,46,461,,,,1,0,8,8
dae2g1m42tqs73au4ev0,ibm_fez,46,462,,,,1,0,8,8
dae2g1m42tqs73au4ev0,ibm_fez,46,463,reset,78,+-,,4,4,8
dae2g1m42tqs73au4ev0,ibm_fez,46,464,correlated,78,--,,2,6,8
dae2g1m42tqs73au4ev0,ibm_fez,46,465,static,78,--,,8,0,8
dae2g1m42tqs73au4ev0,ibm_fez,46,466,correlated,78,+-,,5,3,8
dae2g1m42tqs73au4ev0,ibm_fez,46,467,correlated,78,-+,,0,8,8
dae2g1m42tqs73au4ev0,ibm_fez,46,468,none,78,++,,4,4,8
dae2g1m42tqs73au4ev0,ibm_fez,46,469,correlated,78,++,,6,2,8
dae2g1m42tqs73au4ev0,ibm_fez,46,470,none,78,+-,,1,7,8
dae2g1m42tqs73au4ev0,ibm_fez,46,471,static,78,-+,,8,0,8
dae2g1m42tqs73au4ev0,ibm_fez,46,472,reset,78,-+,,2,6,8
dae2g1m42tqs73au4ev0,ibm_fez,46,473,static,78,++,,1,7,8
dae2g1m42tqs73au4ev0,ibm_fez,46,474,reset,78,--,,3,5,8
dae2g1m42tqs73au4ev0,ibm_fez,46,475,static,78,+-,,1,7,8
dae2g1m42tqs73au4ev0,ibm_fez,46,476,reset,78,++,,7,1,8
dae2g1m42tqs73au4ev0,ibm_fez,46,477,none,78,-+,,1,7,8
dae2g1m42tqs73au4ev0,ibm_fez,46,478,none,78,--,,4,4,8
dae2g1m42tqs73au4ev0,ibm_fez,46,479,static,125,+-,,6,2,8
dae2g1m42tqs73au4ev0,ibm_fez,46,480,correlated,125,++,,8,0,8
dae2g1m42tqs73au4ev0,ibm_fez,46,481,none,125,+-,,4,4,8
dae2g1m42tqs73au4ev0,ibm_fez,46,482,static,125,--,,6,2,8
dae2g1m42tqs73au4ev0,ibm_fez,46,483,reset,125,--,,8,0,8
dae2g1m42tqs73au4ev0,ibm_fez,46,484,none,125,-+,,5,3,8
dae2g1m42tqs73au4ev0,ibm_fez,46,485,correlated,125,-+,,6,2,8
dae2g1m42tqs73au4ev0,ibm_fez,46,486,reset,125,+-,,6,2,8
dae2g1m42tqs73au4ev0,ibm_fez,46,487,reset,125,-+,,2,6,8
dae2g1m42tqs73au4ev0,ibm_fez,46,488,correlated,125,+-,,1,7,8
dae2g1m42tqs73au4ev0,ibm_fez,46,489,none,125,--,,4,4,8
dae2g1m42tqs73au4ev0,ibm_fez,46,490,reset,125,++,,3,5,8
dae2g1m42tqs73au4ev0,ibm_fez,46,491,static,125,-+,,1,7,8
dae2g1m42tqs73au4ev0,ibm_fez,46,492,static,125,++,,0,8,8
dae2g1m42tqs73au4ev0,ibm_fez,46,493,correlated,125,--,,0,8,8
dae2g1m42tqs73au4ev0,ibm_fez,46,494,none,125,++,,2,6,8
dae2g1m42tqs73au4ev0,ibm_fez,46,495,correlated,32,++,,2,6,8
dae2g1m42tqs73au4ev0,ibm_fez,46,496,none,32,++,,2,6,8
dae2g1m42tqs73au4ev0,ibm_fez,46,497,none,32,-+,,1,7,8
dae2g1m42tqs73au4ev0,ibm_fez,46,498,static,32,-+,,5,3,8
dae2g1m42tqs73au4ev0,ibm_fez,46,499,none,32,--,,4,4,8
dae2g1m42tqs73au4ev0,ibm_fez,46,500,correlated,32,+-,,2,6,8
dae2g1m42tqs73au4ev0,ibm_fez,46,501,static,32,++,,1,7,8
dae2g1m42tqs73au4ev0,ibm_fez,46,502,correlated,32,--,,5,3,8
dae2g1m42tqs73au4ev0,ibm_fez,46,503,reset,32,++,,3,5,8
dae2g1m42tqs73au4ev0,ibm_fez,46,504,static,32,+-,,2,6,8
dae2g1m42tqs73au4ev0,ibm_fez,46,505,reset,32,-+,,8,0,8
dae2g1m42tqs73au4ev0,ibm_fez,46,506,reset,32,--,,7,1,8
dae2g1m42tqs73au4ev0,ibm_fez,46,507,correlated,32,-+,,6,2,8
dae2g1m42tqs73au4ev0,ibm_fez,46,508,static,32,--,,8,0,8
dae2g1m42tqs73au4ev0,ibm_fez,46,509,reset,32,+-,,2,6,8
dae2g1m42tqs73au4ev0,ibm_fez,46,510,none,32,+-,,5,3,8
dae2g1m42tqs73au4ev0,ibm_fez,46,511,,,,1,0,8,8
dae2g1m42tqs73au4ev0,ibm_fez,46,512,,,,1,0,8,8
dae2g1m42tqs73au4ev0,ibm_fez,46,513,static,50,--,,6,2,8
dae2g1m42tqs73au4ev0,ibm_fez,46,514,none,50,+-,,2,6,8
dae2g1m42tqs73au4ev0,ibm_fez,46,515,static,50,+-,,1,7,8
dae2g1m42tqs73au4ev0,ibm_fez,46,516,correlated,50,++,,8,0,8
dae2g1m42tqs73au4ev0,ibm_fez,46,517,none,50,++,,4,4,8
dae2g1m42tqs73au4ev0,ibm_fez,46,518,reset,50,-+,,2,6,8
dae2g1m42tqs73au4ev0,ibm_fez,46,519,correlated,50,-+,,1,7,8
dae2g1m42tqs73au4ev0,ibm_fez,46,520,none,50,-+,,4,4,8
dae2g1m42tqs73au4ev0,ibm_fez,46,521,reset,50,++,,6,2,8
dae2g1m42tqs73au4ev0,ibm_fez,46,522,static,50,-+,,6,2,8
dae2g1m42tqs73au4ev0,ibm_fez,46,523,none,50,--,,5,3,8
dae2g1m42tqs73au4ev0,ibm_fez,46,524,reset,50,+-,,8,0,8
dae2g1m42tqs73au4ev0,ibm_fez,46,525,static,50,++,,2,6,8
dae2g1m42tqs73au4ev0,ibm_fez,46,526,correlated,50,+-,,8,0,8
dae2g1m42tqs73au4ev0,ibm_fez,46,527,correlated,50,--,,2,6,8
dae2g1m42tqs73au4ev0,ibm_fez,46,528,reset,50,--,,0,8,8
dae2g1m42tqs73au4ev0,ibm_fez,46,529,static,29,2-,,5,3,8
dae2g1m42tqs73au4ev0,ibm_fez,46,530,none,70,1+,,2,6,8
dae2g1m42tqs73au4ev0,ibm_fez,46,531,correlated,29,2+,,3,5,8
dae2g1m42tqs73au4ev0,ibm_fez,46,532,reset,112,1-,,1,7,8
dae2g1m42tqs73au4ev0,ibm_fez,46,533,reset,58,2-,,6,2,8
dae2g1m42tqs73au4ev0,ibm_fez,46,534,none,29,2+,,6,2,8
dae2g1m42tqs73au4ev0,ibm_fez,46,535,reset,62,1+,,7,1,8
dae2g1m42tqs73au4ev0,ibm_fez,46,536,none,29,2-,,2,6,8
dae2g1m42tqs73au4ev0,ibm_fez,46,537,correlated,56,1+,,1,7,8
dae2g1m42tqs73au4ev0,ibm_fez,46,538,correlated,62,1+,,7,1,8
dae2g1m42tqs73au4ev0,ibm_fez,46,539,none,67,1-,,4,4,8
dae2g1m42tqs73au4ev0,ibm_fez,46,540,static,71,2+,,1,7,8
dae2g1m42tqs73au4ev0,ibm_fez,46,541,reset,71,2-,,8,0,8
dae2g1m42tqs73au4ev0,ibm_fez,46,542,reset,62,1-,,2,6,8
dae2g1m42tqs73au4ev0,ibm_fez,46,543,none,64,1+,,5,3,8
dae2g1m42tqs73au4ev0,ibm_fez,46,544,reset,29,2+,,7,1,8
dae2g1m42tqs73au4ev0,ibm_fez,46,545,reset,86,1+,,8,0,8
dae2g1m42tqs73au4ev0,ibm_fez,46,546,static,102,2-,,7,1,8
dae2g1m42tqs73au4ev0,ibm_fez,46,547,reset,64,1-,,6,2,8
dae2g1m42tqs73au4ev0,ibm_fez,46,548,none,62,1+,,1,7,8
dae2g1m42tqs73au4ev0,ibm_fez,46,549,static,112,1+,,2,6,8
dae2g1m42tqs73au4ev0,ibm_fez,46,550,correlated,80,1-,,7,1,8
dae2g1m42tqs73au4ev0,ibm_fez,46,551,none,47,2+,,5,3,8
dae2g1m42tqs73au4ev0,ibm_fez,46,552,reset,70,1-,,1,7,8
dae2g1m42tqs73au4ev0,ibm_fez,46,553,none,102,2+,,3,5,8
dae2g1m42tqs73au4ev0,ibm_fez,46,554,reset,64,1+,,2,6,8
dae2g1m42tqs73au4ev0,ibm_fez,46,555,reset,123,2+,,7,1,8
dae2g1m42tqs73au4ev0,ibm_fez,46,556,static,58,2+,,1,7,8
dae2g1m42tqs73au4ev0,ibm_fez,46,557,static,70,1-,,7,1,8
dae2g1m42tqs73au4ev0,ibm_fez,46,558,none,56,1-,,4,4,8
dae2g1m42tqs73au4ev0,ibm_fez,46,559,none,112,1+,,3,5,8
dae2g1m42tqs73au4ev0,ibm_fez,46,560,correlated,123,2+,,6,2,8
dae2g1m42tqs73au4ev0,ibm_fez,46,561,correlated,56,1-,,6,2,8
dae2g1m42tqs73au4ev0,ibm_fez,46,562,none,58,2-,,4,4,8
dae2g1m42tqs73au4ev0,ibm_fez,46,563,correlated,102,2+,,8,0,8
dae2g1m42tqs73au4ev0,ibm_fez,46,564,correlated,71,2+,,8,0,8
dae2g1m42tqs73au4ev0,ibm_fez,46,565,static,67,1+,,1,7,8
dae2g1m42tqs73au4ev0,ibm_fez,46,566,none,62,1-,,1,7,8
dae2g1m42tqs73au4ev0,ibm_fez,46,567,none,71,2+,,3,5,8
dae2g1m42tqs73au4ev0,ibm_fez,46,568,reset,71,2+,,0,8,8
dae2g1m42tqs73au4ev0,ibm_fez,46,569,correlated,67,1-,,2,6,8
dae2g1m42tqs73au4ev0,ibm_fez,46,570,none,47,2-,,3,5,8
dae2g1m42tqs73au4ev0,ibm_fez,46,571,static,86,1+,,3,5,8
dae2g1m42tqs73au4ev0,ibm_fez,46,572,none,102,2-,,4,4,8
dae2g1m42tqs73au4ev0,ibm_fez,46,573,none,64,1-,,1,7,8
dae2g1m42tqs73au4ev0,ibm_fez,46,574,correlated,102,2-,,2,6,8
dae2g1m42tqs73au4ev0,ibm_fez,46,575,reset,112,1+,,6,2,8
dae2g1m42tqs73au4ev0,ibm_fez,46,576,static,64,1-,,6,2,8
dae2g1m42tqs73au4ev0,ibm_fez,46,577,none,71,2-,,5,3,8
dae2g1m42tqs73au4ev0,ibm_fez,46,578,static,64,1+,,1,7,8
dae2g1m42tqs73au4ev0,ibm_fez,46,579,correlated,70,1-,,1,7,8
dae2g1m42tqs73au4ev0,ibm_fez,46,580,static,62,1-,,8,0,8
dae2g1m42tqs73au4ev0,ibm_fez,46,581,static,56,1+,,0,8,8
dae2g1m42tqs73au4ev0,ibm_fez,46,582,correlated,64,1-,,7,1,8
dae2g1m42tqs73au4ev0,ibm_fez,46,583,correlated,52,1+,,6,2,8
dae2g1m42tqs73au4ev0,ibm_fez,46,584,static,70,1+,,1,7,8
dae2g1m42tqs73au4ev0,ibm_fez,46,585,static,52,1-,,6,2,8
dae2g1m42tqs73au4ev0,ibm_fez,46,586,correlated,67,1+,,7,1,8
dae2g1m42tqs73au4ev0,ibm_fez,46,587,correlated,71,2-,,1,7,8
dae2g1m42tqs73au4ev0,ibm_fez,46,588,static,67,1-,,8,0,8
dae2g1m42tqs73au4ev0,ibm_fez,46,589,reset,29,2-,,2,6,8
dae2g1m42tqs73au4ev0,ibm_fez,46,590,none,86,1+,,3,5,8
dae2g1m42tqs73au4ev0,ibm_fez,46,591,reset,123,2-,,2,6,8
dae2g1m42tqs73au4ev0,ibm_fez,46,592,correlated,58,2+,,2,6,8
dae2g1m42tqs73au4ev0,ibm_fez,46,593,none,70,1-,,2,6,8
dae2g1m42tqs73au4ev0,ibm_fez,46,594,correlated,86,1-,,0,8,8
dae2g1m42tqs73au4ev0,ibm_fez,46,595,correlated,123,2-,,1,7,8
dae2g1m42tqs73au4ev0,ibm_fez,46,596,reset,47,2+,,1,7,8
dae2g1m42tqs73au4ev0,ibm_fez,46,597,correlated,47,2-,,8,0,8
dae2g1m42tqs73au4ev0,ibm_fez,46,598,reset,56,1-,,8,0,8
dae2g1m42tqs73au4ev0,ibm_fez,46,599,reset,58,2+,,0,8,8
dae2g1m42tqs73au4ev0,ibm_fez,46,600,reset,52,1+,,7,1,8
dae2g1m42tqs73au4ev0,ibm_fez,46,601,correlated,70,1+,,7,1,8
dae2g1m42tqs73au4ev0,ibm_fez,46,602,none,86,1-,,5,3,8
dae2g1m42tqs73au4ev0,ibm_fez,46,603,none,52,1-,,5,3,8
dae2g1m42tqs73au4ev0,ibm_fez,46,604,reset,86,1-,,0,8,8
dae2g1m42tqs73au4ev0,ibm_fez,46,605,static,47,2-,,7,1,8
dae2g1m42tqs73au4ev0,ibm_fez,46,606,static,29,2+,,3,5,8
dae2g1m42tqs73au4ev0,ibm_fez,46,607,reset,80,1-,,7,1,8
dae2g1m42tqs73au4ev0,ibm_fez,46,608,correlated,47,2+,,1,7,8
dae2g1m42tqs73au4ev0,ibm_fez,46,609,none,52,1+,,5,3,8
dae2g1m42tqs73au4ev0,ibm_fez,46,610,correlated,29,2-,,6,2,8
dae2g1m42tqs73au4ev0,ibm_fez,46,611,reset,67,1+,,4,4,8
dae2g1m42tqs73au4ev0,ibm_fez,46,612,static,71,2-,,7,1,8
dae2g1m42tqs73au4ev0,ibm_fez,46,613,static,123,2-,,8,0,8
dae2g1m42tqs73au4ev0,ibm_fez,46,614,static,56,1-,,7,1,8
dae2g1m42tqs73au4ev0,ibm_fez,46,615,correlated,112,1-,,1,7,8
dae2g1m42tqs73au4ev0,ibm_fez,46,616,correlated,62,1-,,1,7,8
dae2g1m42tqs73au4ev0,ibm_fez,46,617,static,80,1-,,5,3,8
dae2g1m42tqs73au4ev0,ibm_fez,46,618,reset,56,1+,,1,7,8
dae2g1m42tqs73au4ev0,ibm_fez,46,619,correlated,58,2-,,5,3,8
dae2g1m42tqs73au4ev0,ibm_fez,46,620,reset,47,2-,,8,0,8
dae2g1m42tqs73au4ev0,ibm_fez,46,621,correlated,64,1+,,0,8,8
dae2g1m42tqs73au4ev0,ibm_fez,46,622,correlated,86,1+,,7,1,8
dae2g1m42tqs73au4ev0,ibm_fez,46,623,static,62,1+,,2,6,8
dae2g1m42tqs73au4ev0,ibm_fez,46,624,none,56,1+,,6,2,8
dae2g1m42tqs73au4ev0,ibm_fez,46,625,correlated,52,1-,,0,8,8
dae2g1m42tqs73au4ev0,ibm_fez,46,626,static,47,2+,,1,7,8
dae2g1m42tqs73au4ev0,ibm_fez,46,627,none,112,1-,,3,5,8
dae2g1m42tqs73au4ev0,ibm_fez,46,628,reset,67,1-,,2,6,8
dae2g1m42tqs73au4ev0,ibm_fez,46,629,correlated,112,1+,,7,1,8
dae2g1m42tqs73au4ev0,ibm_fez,46,630,static,80,1+,,2,6,8
dae2g1m42tqs73au4ev0,ibm_fez,46,631,reset,52,1-,,1,7,8
dae2g1m42tqs73au4ev0,ibm_fez,46,632,none,80,1-,,4,4,8
dae2g1m42tqs73au4ev0,ibm_fez,46,633,none,123,2+,,4,4,8
dae2g1m42tqs73au4ev0,ibm_fez,46,634,correlated,80,1+,,0,8,8
dae2g1m42tqs73au4ev0,ibm_fez,46,635,reset,102,2+,,8,0,8
dae2g1m42tqs73au4ev0,ibm_fez,46,636,static,102,2+,,3,5,8
dae2g1m42tqs73au4ev0,ibm_fez,46,637,static,86,1-,,6,2,8
dae2g1m42tqs73au4ev0,ibm_fez,46,638,none,123,2-,,3,5,8
dae2g1m42tqs73au4ev0,ibm_fez,46,639,none,80,1+,,7,1,8
dae2g1m42tqs73au4ev0,ibm_fez,46,640,static,112,1-,,8,0,8
dae2g1m42tqs73au4ev0,ibm_fez,46,641,none,67,1+,,2,6,8
dae2g1m42tqs73au4ev0,ibm_fez,46,642,static,52,1+,,3,5,8
dae2g1m42tqs73au4ev0,ibm_fez,46,643,reset,80,1+,,0,8,8
dae2g1m42tqs73au4ev0,ibm_fez,46,644,reset,70,1+,,6,2,8
dae2g1m42tqs73au4ev0,ibm_fez,46,645,static,58,2-,,7,1,8
dae2g1m42tqs73au4ev0,ibm_fez,46,646,static,123,2+,,1,7,8
dae2g1m42tqs73au4ev0,ibm_fez,46,647,none,58,2+,,5,3,8
dae2g1m42tqs73au4ev0,ibm_fez,46,648,reset,102,2-,,2,6,8
dae2g1m42tqs73au4ev0,ibm_fez,46,649,reset,49,-+,,8,0,8
dae2g1m42tqs73au4ev0,ibm_fez,46,650,static,49,-+,,7,1,8
dae2g1m42tqs73au4ev0,ibm_fez,46,651,correlated,49,+-,,8,0,8
dae2g1m42tqs73au4ev0,ibm_fez,46,652,correlated,49,--,,7,1,8
dae2g1m42tqs73au4ev0,ibm_fez,46,653,static,49,++,,8,0,8
dae2g1m42tqs73au4ev0,ibm_fez,46,654,static,49,+-,,8,0,8
dae2g1m42tqs73au4ev0,ibm_fez,46,655,none,49,++,,8,0,8
dae2g1m42tqs73au4ev0,ibm_fez,46,656,static,49,--,,8,0,8
dae2g1m42tqs73au4ev0,ibm_fez,46,657,reset,49,--,,7,1,8
dae2g1m42tqs73au4ev0,ibm_fez,46,658,correlated,49,++,,8,0,8
dae2g1m42tqs73au4ev0,ibm_fez,46,659,none,49,+-,,8,0,8
dae2g1m42tqs73au4ev0,ibm_fez,46,660,correlated,49,-+,,8,0,8
dae2g1m42tqs73au4ev0,ibm_fez,46,661,reset,49,+-,,8,0,8
dae2g1m42tqs73au4ev0,ibm_fez,46,662,none,49,-+,,8,0,8
dae2g1m42tqs73au4ev0,ibm_fez,46,663,none,49,--,,8,0,8
dae2g1m42tqs73au4ev0,ibm_fez,46,664,reset,49,++,,8,0,8
dae2g1m42tqs73au4ev0,ibm_fez,46,665,,,,1,0,8,8
dae2g1m42tqs73au4ev0,ibm_fez,46,666,,,,1,0,8,8
dae2g1m42tqs73au4ev0,ibm_fez,46,667,reset,63,2-,,8,0,8
dae2g1m42tqs73au4ev0,ibm_fez,46,668,none,33,2-,,8,0,8
dae2g1m42tqs73au4ev0,ibm_fez,46,669,correlated,57,2+,,8,0,8
dae2g1m42tqs73au4ev0,ibm_fez,46,670,reset,8,1-,,8,0,8
dae2g1m42tqs73au4ev0,ibm_fez,46,671,static,63,2-,,8,0,8
dae2g1m42tqs73au4ev0,ibm_fez,46,672,static,33,2+,,8,0,8
dae2g1m42tqs73au4ev0,ibm_fez,46,673,none,57,2-,,8,0,8
dae2g1m42tqs73au4ev0,ibm_fez,46,674,none,76,1-,,8,0,8
dae2g1m42tqs73au4ev0,ibm_fez,46,675,none,33,2+,,8,0,8
dae2g1m42tqs73au4ev0,ibm_fez,46,676,static,41,1+,,8,0,8
dae2g1m42tqs73au4ev0,ibm_fez,46,677,none,8,1+,,8,0,8
dae2g1m42tqs73au4ev0,ibm_fez,46,678,static,57,2-,,8,0,8
dae2g1m42tqs73au4ev0,ibm_fez,46,679,reset,41,1+,,8,0,8
dae2g1m42tqs73au4ev0,ibm_fez,46,680,static,76,1-,,8,0,8
dae2g1m42tqs73au4ev0,ibm_fez,46,681,reset,57,2-,,8,0,8
dae2g1m42tqs73au4ev0,ibm_fez,46,682,reset,76,1-,,8,0,8
dae2g1m42tqs73au4ev0,ibm_fez,46,683,reset,116,1-,,8,0,8
dae2g1m42tqs73au4ev0,ibm_fez,46,684,none,41,1-,,8,0,8
dae2g1m42tqs73au4ev0,ibm_fez,46,685,static,63,2+,,8,0,8
dae2g1m42tqs73au4ev0,ibm_fez,46,686,correlated,57,1-,,8,0,8
dae2g1m42tqs73au4ev0,ibm_fez,46,687,none,57,1+,,7,1,8
dae2g1m42tqs73au4ev0,ibm_fez,46,688,static,33,2-,,8,0,8
dae2g1m42tqs73au4ev0,ibm_fez,46,689,static,57,2+,,8,0,8
dae2g1m42tqs73au4ev0,ibm_fez,46,690,static,41,1-,,8,0,8
dae2g1m42tqs73au4ev0,ibm_fez,46,691,none,41,1+,,8,0,8
dae2g1m42tqs73au4ev0,ibm_fez,46,692,reset,41,1-,,8,0,8
dae2g1m42tqs73au4ev0,ibm_fez,46,693,static,57,1-,,8,0,8
dae2g1m42tqs73au4ev0,ibm_fez,46,694,correlated,57,2-,,8,0,8
dae2g1m42tqs73au4ev0,ibm_fez,46,695,correlated,63,2-,,8,0,8
dae2g1m42tqs73au4ev0,ibm_fez,46,696,none,63,2+,,8,0,8
dae2g1m42tqs73au4ev0,ibm_fez,46,697,static,8,1-,,8,0,8
dae2g1m42tqs73au4ev0,ibm_fez,46,698,static,116,1-,,8,0,8
dae2g1m42tqs73au4ev0,ibm_fez,46,699,static,57,1+,,8,0,8
dae2g1m42tqs73au4ev0,ibm_fez,46,700,reset,33,2+,,8,0,8
dae2g1m42tqs73au4ev0,ibm_fez,46,701,reset,63,2+,,8,0,8
dae2g1m42tqs73au4ev0,ibm_fez,46,702,correlated,33,2-,,8,0,8
dae2g1m42tqs73au4ev0,ibm_fez,46,703,none,116,1-,,8,0,8
dae2g1m42tqs73au4ev0,ibm_fez,46,704,correlated,57,1+,,8,0,8
dae2g1m42tqs73au4ev0,ibm_fez,46,705,correlated,116,1-,,8,0,8
dae2g1m42tqs73au4ev0,ibm_fez,46,706,correlated,63,2+,,8,0,8
dae2g1m42tqs73au4ev0,ibm_fez,46,707,correlated,76,1-,,8,0,8
dae2g1m42tqs73au4ev0,ibm_fez,46,708,none,8,1-,,8,0,8
dae2g1m42tqs73au4ev0,ibm_fez,46,709,correlated,116,1+,,8,0,8
dae2g1m42tqs73au4ev0,ibm_fez,46,710,none,116,1+,,8,0,8
dae2g1m42tqs73au4ev0,ibm_fez,46,711,correlated,8,1-,,8,0,8
dae2g1m42tqs73au4ev0,ibm_fez,46,712,correlated,41,1-,,8,0,8
dae2g1m42tqs73au4ev0,ibm_fez,46,713,correlated,76,1+,,8,0,8
dae2g1m42tqs73au4ev0,ibm_fez,46,714,reset,8,1+,,8,0,8
dae2g1m42tqs73au4ev0,ibm_fez,46,715,reset,57,1-,,8,0,8
dae2g1m42tqs73au4ev0,ibm_fez,46,716,reset,33,2-,,8,0,8
dae2g1m42tqs73au4ev0,ibm_fez,46,717,none,57,1-,,8,0,8
dae2g1m42tqs73au4ev0,ibm_fez,46,718,static,116,1+,,8,0,8
dae2g1m42tqs73au4ev0,ibm_fez,46,719,none,63,2-,,8,0,8
dae2g1m42tqs73au4ev0,ibm_fez,46,720,correlated,41,1+,,8,0,8
dae2g1m42tqs73au4ev0,ibm_fez,46,721,none,76,1+,,8,0,8
dae2g1m42tqs73au4ev0,ibm_fez,46,722,none,57,2+,,8,0,8
dae2g1m42tqs73au4ev0,ibm_fez,46,723,reset,76,1+,,8,0,8
dae2g1m42tqs73au4ev0,ibm_fez,46,724,static,8,1+,,8,0,8
dae2g1m42tqs73au4ev0,ibm_fez,46,725,correlated,8,1+,,8,0,8
dae2g1m42tqs73au4ev0,ibm_fez,46,726,static,76,1+,,8,0,8
dae2g1m42tqs73au4ev0,ibm_fez,46,727,reset,116,1+,,8,0,8
dae2g1m42tqs73au4ev0,ibm_fez,46,728,reset,57,2+,,8,0,8
dae2g1m42tqs73au4ev0,ibm_fez,46,729,reset,57,1+,,8,0,8
dae2g1m42tqs73au4ev0,ibm_fez,46,730,correlated,33,2+,,8,0,8
dae2g1m42tqs73au4ev0,ibm_fez,46,731,static,81,-+,,1,7,8
dae2g1m42tqs73au4ev0,ibm_fez,46,732,none,81,--,,6,2,8
dae2g1m42tqs73au4ev0,ibm_fez,46,733,none,81,+-,,5,3,8
dae2g1m42tqs73au4ev0,ibm_fez,46,734,none,81,++,,2,6,8
dae2g1m42tqs73au4ev0,ibm_fez,46,735,static,81,+-,,8,0,8
dae2g1m42tqs73au4ev0,ibm_fez,46,736,correlated,81,++,,5,3,8
dae2g1m42tqs73au4ev0,ibm_fez,46,737,none,81,-+,,6,2,8
dae2g1m42tqs73au4ev0,ibm_fez,46,738,reset,81,++,,7,1,8
dae2g1m42tqs73au4ev0,ibm_fez,46,739,static,81,--,,6,2,8
dae2g1m42tqs73au4ev0,ibm_fez,46,740,reset,81,--,,1,7,8
dae2g1m42tqs73au4ev0,ibm_fez,46,741,reset,81,-+,,7,1,8
dae2g1m42tqs73au4ev0,ibm_fez,46,742,correlated,81,-+,,8,0,8
dae2g1m42tqs73au4ev0,ibm_fez,46,743,correlated,81,--,,1,7,8
dae2g1m42tqs73au4ev0,ibm_fez,46,744,static,81,++,,2,6,8
dae2g1m42tqs73au4ev0,ibm_fez,46,745,correlated,81,+-,,3,5,8
dae2g1m42tqs73au4ev0,ibm_fez,46,746,reset,81,+-,,2,6,8
dae2g1m42tqs73au4ev0,ibm_fez,46,747,correlated,5,++,,7,1,8
dae2g1m42tqs73au4ev0,ibm_fez,46,748,none,5,-+,,5,3,8
dae2g1m42tqs73au4ev0,ibm_fez,46,749,static,5,-+,,2,6,8
dae2g1m42tqs73au4ev0,ibm_fez,46,750,none,5,+-,,3,5,8
dae2g1m42tqs73au4ev0,ibm_fez,46,751,reset,5,--,,6,2,8
dae2g1m42tqs73au4ev0,ibm_fez,46,752,reset,5,+-,,1,7,8
dae2g1m42tqs73au4ev0,ibm_fez,46,753,none,5,--,,5,3,8
dae2g1m42tqs73au4ev0,ibm_fez,46,754,static,5,++,,7,1,8
dae2g1m42tqs73au4ev0,ibm_fez,46,755,static,5,+-,,3,5,8
dae2g1m42tqs73au4ev0,ibm_fez,46,756,reset,5,-+,,2,6,8
dae2g1m42tqs73au4ev0,ibm_fez,46,757,none,5,++,,4,4,8
dae2g1m42tqs73au4ev0,ibm_fez,46,758,correlated,5,-+,,0,8,8
dae2g1m42tqs73au4ev0,ibm_fez,46,759,reset,5,++,,6,2,8
dae2g1m42tqs73au4ev0,ibm_fez,46,760,correlated,5,+-,,3,5,8
dae2g1m42tqs73au4ev0,ibm_fez,46,761,correlated,5,--,,4,4,8
dae2g1m42tqs73au4ev0,ibm_fez,46,762,static,5,--,,7,1,8
dae2g1m42tqs73au4ev0,ibm_fez,46,763,none,19,-+,,4,4,8
dae2g1m42tqs73au4ev0,ibm_fez,46,764,static,19,++,,6,2,8
dae2g1m42tqs73au4ev0,ibm_fez,46,765,none,19,--,,4,4,8
dae2g1m42tqs73au4ev0,ibm_fez,46,766,correlated,19,--,,7,1,8
dae2g1m42tqs73au4ev0,ibm_fez,46,767,reset,19,++,,2,6,8
dae2g1m42tqs73au4ev0,ibm_fez,46,768,correlated,19,+-,,0,8,8
dae2g1m42tqs73au4ev0,ibm_fez,46,769,reset,19,-+,,5,3,8
dae2g1m42tqs73au4ev0,ibm_fez,46,770,correlated,19,++,,5,3,8
dae2g1m42tqs73au4ev0,ibm_fez,46,771,static,19,-+,,3,5,8
dae2g1m42tqs73au4ev0,ibm_fez,46,772,static,19,--,,7,1,8
dae2g1m42tqs73au4ev0,ibm_fez,46,773,static,19,+-,,1,7,8
dae2g1m42tqs73au4ev0,ibm_fez,46,774,correlated,19,-+,,3,5,8
dae2g1m42tqs73au4ev0,ibm_fez,46,775,none,19,++,,6,2,8
dae2g1m42tqs73au4ev0,ibm_fez,46,776,none,19,+-,,3,5,8
dae2g1m42tqs73au4ev0,ibm_fez,46,777,reset,19,--,,3,5,8
dae2g1m42tqs73au4ev0,ibm_fez,46,778,reset,19,+-,,7,1,8
dae2g1m42tqs73au4ev0,ibm_fez,46,779,,,,0,8,0,8
dae2g1m42tqs73au4ev0,ibm_fez,46,780,reset,108,-+,,2,6,8
dae2g1m42tqs73au4ev0,ibm_fez,46,781,reset,108,+-,,6,2,8
dae2g1m42tqs73au4ev0,ibm_fez,46,782,none,108,--,,3,5,8
dae2g1m42tqs73au4ev0,ibm_fez,46,783,none,108,-+,,4,4,8
dae2g1m42tqs73au4ev0,ibm_fez,46,784,correlated,108,+-,,7,1,8
dae2g1m42tqs73au4ev0,ibm_fez,46,785,static,108,+-,,7,1,8
dae2g1m42tqs73au4ev0,ibm_fez,46,786,static,108,-+,,2,6,8
dae2g1m42tqs73au4ev0,ibm_fez,46,787,static,108,--,,7,1,8
dae2g1m42tqs73au4ev0,ibm_fez,46,788,reset,108,++,,1,7,8
dae2g1m42tqs73au4ev0,ibm_fez,46,789,static,108,++,,4,4,8
dae2g1m42tqs73au4ev0,ibm_fez,46,790,none,108,++,,5,3,8
dae2g1m42tqs73au4ev0,ibm_fez,46,791,correlated,108,++,,1,7,8
dae2g1m42tqs73au4ev0,ibm_fez,46,792,none,108,+-,,1,7,8
dae2g1m42tqs73au4ev0,ibm_fez,46,793,reset,108,--,,8,0,8
dae2g1m42tqs73au4ev0,ibm_fez,46,794,correlated,108,-+,,1,7,8
dae2g1m42tqs73au4ev0,ibm_fez,46,795,correlated,108,--,,7,1,8
dae2g1m42tqs73au4ev0,ibm_fez,46,796,,,,1,0,8,8
dae2g1m42tqs73au4ev0,ibm_fez,46,797,none,89,2+,,4,4,8
dae2g1m42tqs73au4ev0,ibm_fez,46,798,correlated,66,1+,,0,8,8
dae2g1m42tqs73au4ev0,ibm_fez,46,799,static,89,2-,,8,0,8
dae2g1m42tqs73au4ev0,ibm_fez,46,800,correlated,109,2-,,7,1,8
dae2g1m42tqs73au4ev0,ibm_fez,46,801,static,109,2+,,1,7,8
dae2g1m42tqs73au4ev0,ibm_fez,46,802,correlated,55,1-,,8,0,8
dae2g1m42tqs73au4ev0,ibm_fez,46,803,reset,89,2+,,0,8,8
dae2g1m42tqs73au4ev0,ibm_fez,46,804,correlated,89,2+,,7,1,8
dae2g1m42tqs73au4ev0,ibm_fez,46,805,correlated,35,2+,,7,1,8
dae2g1m42tqs73au4ev0,ibm_fez,46,806,static,35,2-,,6,2,8
dae2g1m42tqs73au4ev0,ibm_fez,46,807,correlated,109,2+,,1,7,8
dae2g1m42tqs73au4ev0,ibm_fez,46,808,reset,32,2+,,1,7,8
dae2g1m42tqs73au4ev0,ibm_fez,46,809,reset,30,1-,,7,1,8
dae2g1m42tqs73au4ev0,ibm_fez,46,810,reset,32,2-,,5,3,8
dae2g1m42tqs73au4ev0,ibm_fez,46,811,reset,35,2-,,1,7,8
dae2g1m42tqs73au4ev0,ibm_fez,46,812,static,28,1-,,8,0,8
dae2g1m42tqs73au4ev0,ibm_fez,46,813,none,120,1-,,4,4,8
dae2g1m42tqs73au4ev0,ibm_fez,46,814,none,66,1+,,2,6,8
dae2g1m42tqs73au4ev0,ibm_fez,46,815,correlated,4,1-,,0,8,8
dae2g1m42tqs73au4ev0,ibm_fez,46,816,none,35,2+,,3,5,8
dae2g1m42tqs73au4ev0,ibm_fez,46,817,correlated,30,1-,,6,2,8
dae2g1m42tqs73au4ev0,ibm_fez,46,818,none,109,2-,,4,4,8
dae2g1m42tqs73au4ev0,ibm_fez,46,819,static,32,2+,,2,6,8
dae2g1m42tqs73au4ev0,ibm_fez,46,820,reset,4,1-,,1,7,8
dae2g1m42tqs73au4ev0,ibm_fez,46,821,none,4,1+,,3,5,8
dae2g1m42tqs73au4ev0,ibm_fez,46,822,reset,109,2-,,2,6,8
dae2g1m42tqs73au4ev0,ibm_fez,46,823,reset,35,2+,,6,2,8
dae2g1m42tqs73au4ev0,ibm_fez,46,824,static,55,1-,,8,0,8
dae2g1m42tqs73au4ev0,ibm_fez,46,825,reset,109,2+,,8,0,8
dae2g1m42tqs73au4ev0,ibm_fez,46,826,reset,28,1+,,7,1,8
dae2g1m42tqs73au4ev0,ibm_fez,46,827,none,55,1+,,4,4,8
dae2g1m42tqs73au4ev0,ibm_fez,46,828,reset,55,1-,,6,2,8
dae2g1m42tqs73au4ev0,ibm_fez,46,829,none,55,1-,,5,3,8
dae2g1m42tqs73au4ev0,ibm_fez,46,830,static,4,1-,,7,1,8
dae2g1m42tqs73au4ev0,ibm_fez,46,831,none,32,2+,,3,5,8
dae2g1m42tqs73au4ev0,ibm_fez,46,832,none,35,2-,,5,3,8
dae2g1m42tqs73au4ev0,ibm_fez,46,833,correlated,28,1+,,6,2,8
dae2g1m42tqs73au4ev0,ibm_fez,46,834,correlated,89,2-,,1,7,8
dae2g1m42tqs73au4ev0,ibm_fez,46,835,reset,30,1+,,1,7,8
dae2g1m42tqs73au4ev0,ibm_fez,46,836,static,35,2+,,2,6,8
dae2g1m42tqs73au4ev0,ibm_fez,46,837,reset,89,2-,,8,0,8
dae2g1m42tqs73au4ev0,ibm_fez,46,838,correlated,32,2+,,3,5,8
dae2g1m42tqs73au4ev0,ibm_fez,46,839,none,120,1+,,3,5,8
dae2g1m42tqs73au4ev0,ibm_fez,46,840,static,28,1+,,2,6,8
dae2g1m42tqs73au4ev0,ibm_fez,46,841,static,66,1+,,4,4,8
dae2g1m42tqs73au4ev0,ibm_fez,46,842,none,30,1-,,3,5,8
dae2g1m42tqs73au4ev0,ibm_fez,46,843,none,28,1-,,3,5,8
dae2g1m42tqs73au4ev0,ibm_fez,46,844,none,109,2+,,4,4,8
dae2g1m42tqs73au4ev0,ibm_fez,46,845,reset,120,1-,,6,2,8
dae2g1m42tqs73au4ev0,ibm_fez,46,846,correlated,30,1+,,0,8,8
dae2g1m42tqs73au4ev0,ibm_fez,46,847,static,32,2-,,8,0,8
dae2g1m42tqs73au4ev0,ibm_fez,46,848,correlated,32,2-,,5,3,8
dae2g1m42tqs73au4ev0,ibm_fez,46,849,none,30,1+,,3,5,8
dae2g1m42tqs73au4ev0,ibm_fez,46,850,static,120,1-,,6,2,8
dae2g1m42tqs73au4ev0,ibm_fez,46,851,reset,120,1+,,0,8,8
dae2g1m42tqs73au4ev0,ibm_fez,46,852,correlated,120,1-,,7,1,8
dae2g1m42tqs73au4ev0,ibm_fez,46,853,correlated,55,1+,,1,7,8
dae2g1m42tqs73au4ev0,ibm_fez,46,854,none,32,2-,,6,2,8
dae2g1m42tqs73au4ev0,ibm_fez,46,855,static,120,1+,,1,7,8
dae2g1m42tqs73au4ev0,ibm_fez,46,856,correlated,4,1+,,8,0,8
dae2g1m42tqs73au4ev0,ibm_fez,46,857,static,66,1-,,8,0,8
dae2g1m42tqs73au4ev0,ibm_fez,46,858,none,66,1-,,4,4,8
dae2g1m42tqs73au4ev0,ibm_fez,46,859,reset,55,1+,,5,3,8
dae2g1m42tqs73au4ev0,ibm_fez,46,860,static,89,2+,,2,6,8
dae2g1m42tqs73au4ev0,ibm_fez,46,861,correlated,35,2-,,1,7,8
dae2g1m42tqs73au4ev0,ibm_fez,46,862,none,28,1+,,5,3,8
dae2g1m42tqs73au4ev0,ibm_fez,46,863,reset,4,1+,,8,0,8
dae2g1m42tqs73au4ev0,ibm_fez,46,864,correlated,120,1+,,2,6,8
dae2g1m42tqs73au4ev0,ibm_fez,46,865,static,55,1+,,1,7,8
dae2g1m42tqs73au4ev0,ibm_fez,46,866,static,30,1-,,6,2,8
dae2g1m42tqs73au4ev0,ibm_fez,46,867,static,109,2-,,8,0,8
dae2g1m42tqs73au4ev0,ibm_fez,46,868,none,89,2-,,6,2,8
dae2g1m42tqs73au4ev0,ibm_fez,46,869,correlated,66,1-,,4,4,8
dae2g1m42tqs73au4ev0,ibm_fez,46,870,none,4,1-,,3,5,8
dae2g1m42tqs73au4ev0,ibm_fez,46,871,reset,28,1-,,0,8,8
dae2g1m42tqs73au4ev0,ibm_fez,46,872,correlated,28,1-,,1,7,8
dae2g1m42tqs73au4ev0,ibm_fez,46,873,static,30,1+,,1,7,8
dae2g1m42tqs73au4ev0,ibm_fez,46,874,reset,66,1-,,6,2,8
dae2g1m42tqs73au4ev0,ibm_fez,46,875,static,4,1+,,1,7,8
dae2g1m42tqs73au4ev0,ibm_fez,46,876,reset,66,1+,,1,7,8
dae2g1m42tqs73au4ev0,ibm_fez,46,877,,,,1,0,8,8
dae2g1m42tqs73au4ev0,ibm_fez,46,878,,,,0,8,0,8
dae2g1m42tqs73au4ev0,ibm_fez,46,879,correlated,45,-+,,1,7,8
dae2g1m42tqs73au4ev0,ibm_fez,46,880,reset,45,+-,,5,3,8
dae2g1m42tqs73au4ev0,ibm_fez,46,881,static,45,+-,,0,8,8
dae2g1m42tqs73au4ev0,ibm_fez,46,882,correlated,45,++,,7,1,8
dae2g1m42tqs73au4ev0,ibm_fez,46,883,static,45,++,,8,0,8
dae2g1m42tqs73au4ev0,ibm_fez,46,884,static,45,--,,8,0,8
dae2g1m42tqs73au4ev0,ibm_fez,46,885,none,45,--,,8,0,8
dae2g1m42tqs73au4ev0,ibm_fez,46,886,none,45,++,,8,0,8
dae2g1m42tqs73au4ev0,ibm_fez,46,887,reset,45,--,,4,4,8
dae2g1m42tqs73au4ev0,ibm_fez,46,888,static,45,-+,,0,8,8
dae2g1m42tqs73au4ev0,ibm_fez,46,889,correlated,45,--,,8,0,8
dae2g1m42tqs73au4ev0,ibm_fez,46,890,none,45,+-,,0,8,8
dae2g1m42tqs73au4ev0,ibm_fez,46,891,correlated,45,+-,,0,8,8
dae2g1m42tqs73au4ev0,ibm_fez,46,892,none,45,-+,,0,8,8
dae2g1m42tqs73au4ev0,ibm_fez,46,893,reset,45,-+,,5,3,8
dae2g1m42tqs73au4ev0,ibm_fez,46,894,reset,45,++,,6,2,8
dae2g1m42tqs73au4ev0,ibm_fez,46,895,none,46,1+,,8,0,8
dae2g1m42tqs73au4ev0,ibm_fez,46,896,correlated,98,1-,,8,0,8
dae2g1m42tqs73au4ev0,ibm_fez,46,897,none,45,2-,,8,0,8
dae2g1m42tqs73au4ev0,ibm_fez,46,898,static,98,1+,,8,0,8
dae2g1m42tqs73au4ev0,ibm_fez,46,899,reset,30,2-,,8,0,8
dae2g1m42tqs73au4ev0,ibm_fez,46,900,none,74,1-,,8,0,8
dae2g1m42tqs73au4ev0,ibm_fez,46,901,static,74,1-,,8,0,8
dae2g1m42tqs73au4ev0,ibm_fez,46,902,correlated,61,2-,,8,0,8
dae2g1m42tqs73au4ev0,ibm_fez,46,903,none,6,1+,,8,0,8
dae2g1m42tqs73au4ev0,ibm_fez,46,904,reset,46,1-,,8,0,8
dae2g1m42tqs73au4ev0,ibm_fez,46,905,none,98,1+,,8,0,8
dae2g1m42tqs73au4ev0,ibm_fez,46,906,static,45,2-,,8,0,8
dae2g1m42tqs73au4ev0,ibm_fez,46,907,reset,74,1+,,8,0,8
dae2g1m42tqs73au4ev0,ibm_fez,46,908,static,74,1+,,8,0,8
dae2g1m42tqs73au4ev0,ibm_fez,46,909,none,74,1+,,8,0,8
dae2g1m42tqs73au4ev0,ibm_fez,46,910,none,45,2+,,8,0,8
dae2g1m42tqs73au4ev0,ibm_fez,46,911,reset,98,1+,,8,0,8
dae2g1m42tqs73au4ev0,ibm_fez,46,912,reset,61,2-,,7,1,8
dae2g1m42tqs73au4ev0,ibm_fez,46,913,none,26,2-,,8,0,8
dae2g1m42tqs73au4ev0,ibm_fez,46,914,correlated,26,2-,,8,0,8
dae2g1m42tqs73au4ev0,ibm_fez,46,915,static,6,1-,,8,0,8
dae2g1m42tqs73au4ev0,ibm_fez,46,916,reset,6,1+,,8,0,8
dae2g1m42tqs73au4ev0,ibm_fez,46,917,static,6,1+,,8,0,8
dae2g1m42tqs73au4ev0,ibm_fez,46,918,static,98,1-,,8,0,8
dae2g1m42tqs73au4ev0,ibm_fez,46,919,none,46,1-,,8,0,8
dae2g1m42tqs73au4ev0,ibm_fez,46,920,reset,45,2-,,8,0,8
dae2g1m42tqs73au4ev0,ibm_fez,46,921,static,26,2+,,7,1,8
dae2g1m42tqs73au4ev0,ibm_fez,46,922,reset,74,1-,,8,0,8
dae2g1m42tqs73au4ev0,ibm_fez,46,923,correlated,98,1+,,8,0,8
dae2g1m42tqs73au4ev0,ibm_fez,46,924,none,61,2-,,8,0,8
dae2g1m42tqs73au4ev0,ibm_fez,46,925,correlated,45,2-,,8,0,8
dae2g1m42tqs73au4ev0,ibm_fez,46,926,static,46,1-,,8,0,8
dae2g1m42tqs73au4ev0,ibm_fez,46,927,correlated,30,2+,,8,0,8
dae2g1m42tqs73au4ev0,ibm_fez,46,928,correlated,74,1-,,8,0,8
dae2g1m42tqs73au4ev0,ibm_fez,46,929,static,30,2-,,8,0,8
dae2g1m42tqs73au4ev0,ibm_fez,46,930,correlated,46,1+,,8,0,8
dae2g1m42tqs73au4ev0,ibm_fez,46,931,none,61,2+,,8,0,8
dae2g1m42tqs73au4ev0,ibm_fez,46,932,reset,26,2-,,8,0,8
dae2g1m42tqs73au4ev0,ibm_fez,46,933,correlated,74,1+,,8,0,8
dae2g1m42tqs73au4ev0,ibm_fez,46,934,static,45,2+,,8,0,8
dae2g1m42tqs73au4ev0,ibm_fez,46,935,none,6,1-,,8,0,8
dae2g1m42tqs73au4ev0,ibm_fez,46,936,reset,61,2+,,6,2,8
dae2g1m42tqs73au4ev0,ibm_fez,46,937,none,30,2+,,7,1,8
dae2g1m42tqs73au4ev0,ibm_fez,46,938,correlated,61,2+,,8,0,8
dae2g1m42tqs73au4ev0,ibm_fez,46,939,none,26,2+,,7,1,8
dae2g1m42tqs73au4ev0,ibm_fez,46,940,static,61,2+,,8,0,8
dae2g1m42tqs73au4ev0,ibm_fez,46,941,reset,46,1+,,8,0,8
dae2g1m42tqs73au4ev0,ibm_fez,46,942,correlated,6,1-,,8,0,8
dae2g1m42tqs73au4ev0,ibm_fez,46,943,reset,45,2+,,8,0,8
dae2g1m42tqs73au4ev0,ibm_fez,46,944,static,26,2-,,8,0,8
dae2g1m42tqs73au4ev0,ibm_fez,46,945,correlated,45,2+,,8,0,8
dae2g1m42tqs73au4ev0,ibm_fez,46,946,correlated,30,2-,,7,1,8
dae2g1m42tqs73au4ev0,ibm_fez,46,947,reset,26,2+,,8,0,8
dae2g1m42tqs73au4ev0,ibm_fez,46,948,reset,6,1-,,8,0,8
dae2g1m42tqs73au4ev0,ibm_fez,46,949,correlated,26,2+,,8,0,8
dae2g1m42tqs73au4ev0,ibm_fez,46,950,static,30,2+,,8,0,8
dae2g1m42tqs73au4ev0,ibm_fez,46,951,none,98,1-,,8,0,8
dae2g1m42tqs73au4ev0,ibm_fez,46,952,static,61,2-,,8,0,8
dae2g1m42tqs73au4ev0,ibm_fez,46,953,correlated,46,1-,,8,0,8
dae2g1m42tqs73au4ev0,ibm_fez,46,954,correlated,6,1+,,8,0,8
dae2g1m42tqs73au4ev0,ibm_fez,46,955,static,46,1+,,8,0,8
dae2g1m42tqs73au4ev0,ibm_fez,46,956,none,30,2-,,8,0,8
dae2g1m42tqs73au4ev0,ibm_fez,46,957,reset,98,1-,,8,0,8
dae2g1m42tqs73au4ev0,ibm_fez,46,958,reset,30,2+,,8,0,8
dae2g1m42tqs73au4ev0,ibm_fez,46,959,,,,1,0,8,8
dae2g1m42tqs73au4ev0,ibm_fez,46,960,,,,0,8,0,8
dae2g1m42tqs73au4ev0,ibm_fez,46,961,,,,0,8,0,8
dae2g1m42tqs73au4ev0,ibm_fez,46,962,correlated,124,+-,,2,6,8
dae2g1m42tqs73au4ev0,ibm_fez,46,963,reset,124,-+,,8,0,8
dae2g1m42tqs73au4ev0,ibm_fez,46,964,reset,93,-+,,4,4,8
dae2g1m42tqs73au4ev0,ibm_fez,46,965,static,124,--,,2,6,8
dae2g1m42tqs73au4ev0,ibm_fez,46,966,static,93,++,,4,4,8
dae2g1m42tqs73au4ev0,ibm_fez,46,967,static,93,-+,,5,3,8
dae2g1m42tqs73au4ev0,ibm_fez,46,968,none,124,-+,,7,1,8
dae2g1m42tqs73au4ev0,ibm_fez,46,969,none,93,-+,,8,0,8
dae2g1m42tqs73au4ev0,ibm_fez,46,970,correlated,93,++,,4,4,8
dae2g1m42tqs73au4ev0,ibm_fez,46,971,reset,93,+-,,6,2,8
dae2g1m42tqs73au4ev0,ibm_fez,46,972,none,93,--,,0,8,8
dae2g1m42tqs73au4ev0,ibm_fez,46,973,none,124,--,,1,7,8
dae2g1m42tqs73au4ev0,ibm_fez,46,974,none,124,++,,0,8,8
dae2g1m42tqs73au4ev0,ibm_fez,46,975,reset,93,++,,2,6,8
dae2g1m42tqs73au4ev0,ibm_fez,46,976,static,93,+-,,3,5,8
dae2g1m42tqs73au4ev0,ibm_fez,46,977,correlated,124,-+,,7,1,8
dae2g1m42tqs73au4ev0,ibm_fez,46,978,correlated,93,-+,,4,4,8
dae2g1m42tqs73au4ev0,ibm_fez,46,979,none,93,++,,0,8,8
dae2g1m42tqs73au4ev0,ibm_fez,46,980,static,124,+-,,4,4,8
dae2g1m42tqs73au4ev0,ibm_fez,46,981,none,124,+-,,8,0,8
dae2g1m42tqs73au4ev0,ibm_fez,46,982,reset,124,--,,0,8,8
dae2g1m42tqs73au4ev0,ibm_fez,46,983,reset,124,++,,0,8,8
dae2g1m42tqs73au4ev0,ibm_fez,46,984,correlated,124,++,,3,5,8
dae2g1m42tqs73au4ev0,ibm_fez,46,985,static,124,++,,3,5,8
dae2g1m42tqs73au4ev0,ibm_fez,46,986,correlated,124,--,,4,4,8
dae2g1m42tqs73au4ev0,ibm_fez,46,987,static,124,-+,,2,6,8
dae2g1m42tqs73au4ev0,ibm_fez,46,988,correlated,93,+-,,2,6,8
dae2g1m42tqs73au4ev0,ibm_fez,46,989,correlated,93,--,,3,5,8
dae2g1m42tqs73au4ev0,ibm_fez,46,990,none,93,+-,,8,0,8
dae2g1m42tqs73au4ev0,ibm_fez,46,991,static,93,--,,3,5,8
dae2g1m42tqs73au4ev0,ibm_fez,46,992,reset,124,+-,,8,0,8
dae2g1m42tqs73au4ev0,ibm_fez,46,993,reset,93,--,,0,8,8
dae2g1m42tqs73au4ev0,ibm_fez,46,994,none,54,-+,,3,5,8
dae2g1m42tqs73au4ev0,ibm_fez,46,995,static,54,--,,4,4,8
dae2g1m42tqs73au4ev0,ibm_fez,46,996,reset,54,--,,2,6,8
dae2g1m42tqs73au4ev0,ibm_fez,46,997,none,54,+-,,6,2,8
dae2g1m42tqs73au4ev0,ibm_fez,46,998,none,54,--,,4,4,8
dae2g1m42tqs73au4ev0,ibm_fez,46,999,static,54,-+,,0,8,8
dae2g1m42tqs73au4ev0,ibm_fez,46,1000,reset,54,++,,0,8,8
dae2g1m42tqs73au4ev0,ibm_fez,46,1001,none,54,++,,5,3,8
dae2g1m42tqs73au4ev0,ibm_fez,46,1002,correlated,54,-+,,2,6,8
dae2g1m42tqs73au4ev0,ibm_fez,46,1003,reset,54,-+,,6,2,8
dae2g1m42tqs73au4ev0,ibm_fez,46,1004,static,54,+-,,2,6,8
dae2g1m42tqs73au4ev0,ibm_fez,46,1005,static,54,++,,6,2,8
dae2g1m42tqs73au4ev0,ibm_fez,46,1006,correlated,54,++,,7,1,8
dae2g1m42tqs73au4ev0,ibm_fez,46,1007,correlated,54,--,,5,3,8
dae2g1m42tqs73au4ev0,ibm_fez,46,1008,reset,54,+-,,6,2,8
dae2g1m42tqs73au4ev0,ibm_fez,46,1009,correlated,54,+-,,4,4,8
dae2g1m42tqs73au4ev0,ibm_fez,46,1010,,,,1,0,8,8
dae2g1m42tqs73au4ev0,ibm_fez,46,1011,none,63,1+,,4,4,8
dae2g1m42tqs73au4ev0,ibm_fez,46,1012,correlated,111,1-,,1,7,8
dae2g1m42tqs73au4ev0,ibm_fez,46,1013,static,111,1-,,8,0,8
dae2g1m42tqs73au4ev0,ibm_fez,46,1014,static,63,1-,,5,3,8
dae2g1m42tqs73au4ev0,ibm_fez,46,1015,static,85,1-,,8,0,8
dae2g1m42tqs73au4ev0,ibm_fez,46,1016,correlated,50,1+,,8,0,8
dae2g1m42tqs73au4ev0,ibm_fez,46,1017,reset,48,2-,,6,2,8
dae2g1m42tqs73au4ev0,ibm_fez,46,1018,correlated,78,1+,,6,2,8
dae2g1m42tqs73au4ev0,ibm_fez,46,1019,static,50,1-,,6,2,8
dae2g1m42tqs73au4ev0,ibm_fez,46,1020,static,4,2-,,6,2,8
dae2g1m42tqs73au4ev0,ibm_fez,46,1021,static,4,2+,,2,6,8
dae2g1m42tqs73au4ev0,ibm_fez,46,1022,reset,85,1-,,0,8,8
dae2g1m42tqs73au4ev0,ibm_fez,46,1023,correlated,50,1-,,1,7,8
dae2g1m42tqs73au4ev0,ibm_fez,46,1024,static,63,1+,,1,7,8
dae2g1m42tqs73au4ev0,ibm_fez,46,1025,none,85,1+,,3,5,8
dae2g1m42tqs73au4ev0,ibm_fez,46,1026,correlated,4,2-,,0,8,8
dae2g1m42tqs73au4ev0,ibm_fez,46,1027,static,94,1-,,7,1,8
dae2g1m42tqs73au4ev0,ibm_fez,46,1028,correlated,78,1-,,2,6,8
dae2g1m42tqs73au4ev0,ibm_fez,46,1029,none,53,2-,,4,4,8
dae2g1m42tqs73au4ev0,ibm_fez,46,1030,none,78,1-,,4,4,8
dae2g1m42tqs73au4ev0,ibm_fez,46,1031,correlated,4,2+,,7,1,8
dae2g1m42tqs73au4ev0,ibm_fez,46,1032,none,50,1-,,4,4,8
dae2g1m42tqs73au4ev0,ibm_fez,46,1033,reset,50,1+,,8,0,8
dae2g1m42tqs73au4ev0,ibm_fez,46,1034,none,50,1+,,6,2,8
dae2g1m42tqs73au4ev0,ibm_fez,46,1035,static,53,2-,,6,2,8
dae2g1m42tqs73au4ev0,ibm_fez,46,1036,correlated,111,1+,,8,0,8
dae2g1m42tqs73au4ev0,ibm_fez,46,1037,static,85,1+,,2,6,8
dae2g1m42tqs73au4ev0,ibm_fez,46,1038,reset,78,1-,,1,7,8
dae2g1m42tqs73au4ev0,ibm_fez,46,1039,none,53,2+,,4,4,8
dae2g1m42tqs73au4ev0,ibm_fez,46,1040,none,111,1-,,4,4,8
dae2g1m42tqs73au4ev0,ibm_fez,46,1041,none,85,1-,,4,4,8
dae2g1m42tqs73au4ev0,ibm_fez,46,1042,reset,53,2+,,1,7,8
dae2g1m42tqs73au4ev0,ibm_fez,46,1043,static,111,1+,,2,6,8
dae2g1m42tqs73au4ev0,ibm_fez,46,1044,correlated,53,2+,,3,5,8
dae2g1m42tqs73au4ev0,ibm_fez,46,1045,reset,4,2-,,0,8,8
dae2g1m42tqs73au4ev0,ibm_fez,46,1046,static,48,2-,,4,4,8
dae2g1m42tqs73au4ev0,ibm_fez,46,1047,correlated,94,1+,,6,2,8
dae2g1m42tqs73au4ev0,ibm_fez,46,1048,none,94,1+,,2,6,8
dae2g1m42tqs73au4ev0,ibm_fez,46,1049,static,78,1+,,1,7,8
dae2g1m42tqs73au4ev0,ibm_fez,46,1050,none,111,1+,,5,3,8
dae2g1m42tqs73au4ev0,ibm_fez,46,1051,reset,111,1-,,0,8,8
dae2g1m42tqs73au4ev0,ibm_fez,46,1052,correlated,53,2-,,6,2,8
dae2g1m42tqs73au4ev0,ibm_fez,46,1053,static,50,1+,,2,6,8
dae2g1m42tqs73au4ev0,ibm_fez,46,1054,reset,63,1+,,7,1,8
dae2g1m42tqs73au4ev0,ibm_fez,46,1055,reset,53,2-,,7,1,8
dae2g1m42tqs73au4ev0,ibm_fez,46,1056,correlated,63,1+,,6,2,8
dae2g1m42tqs73au4ev0,ibm_fez,46,1057,correlated,48,2+,,8,0,8
dae2g1m42tqs73au4ev0,ibm_fez,46,1058,reset,94,1+,,6,2,8
dae2g1m42tqs73au4ev0,ibm_fez,46,1059,correlated,94,1-,,2,6,8
dae2g1m42tqs73au4ev0,ibm_fez,46,1060,none,48,2-,,4,4,8
dae2g1m42tqs73au4ev0,ibm_fez,46,1061,static,48,2+,,1,7,8
dae2g1m42tqs73au4ev0,ibm_fez,46,1062,reset,94,1-,,0,8,8
dae2g1m42tqs73au4ev0,ibm_fez,46,1063,reset,85,1+,,7,1,8
dae2g1m42tqs73au4ev0,ibm_fez,46,1064,reset,50,1-,,2,6,8
dae2g1m42tqs73au4ev0,ibm_fez,46,1065,correlated,85,1+,,7,1,8
dae2g1m42tqs73au4ev0,ibm_fez,46,1066,none,94,1-,,4,4,8
dae2g1m42tqs73au4ev0,ibm_fez,46,1067,correlated,48,2-,,2,6,8
dae2g1m42tqs73au4ev0,ibm_fez,46,1068,reset,63,1-,,1,7,8
dae2g1m42tqs73au4ev0,ibm_fez,46,1069,none,63,1-,,4,4,8
dae2g1m42tqs73au4ev0,ibm_fez,46,1070,static,94,1+,,2,6,8
dae2g1m42tqs73au4ev0,ibm_fez,46,1071,none,4,2+,,3,5,8
dae2g1m42tqs73au4ev0,ibm_fez,46,1072,none,4,2-,,3,5,8
dae2g1m42tqs73au4ev0,ibm_fez,46,1073,static,78,1-,,6,2,8
dae2g1m42tqs73au4ev0,ibm_fez,46,1074,reset,4,2+,,6,2,8
dae2g1m42tqs73au4ev0,ibm_fez,46,1075,none,78,1+,,3,5,8
dae2g1m42tqs73au4ev0,ibm_fez,46,1076,reset,78,1+,,5,3,8
dae2g1m42tqs73au4ev0,ibm_fez,46,1077,reset,48,2+,,2,6,8
dae2g1m42tqs73au4ev0,ibm_fez,46,1078,static,53,2+,,2,6,8
dae2g1m42tqs73au4ev0,ibm_fez,46,1079,reset,111,1+,,6,2,8
dae2g1m42tqs73au4ev0,ibm_fez,46,1080,correlated,63,1-,,0,8,8
dae2g1m42tqs73au4ev0,ibm_fez,46,1081,none,48,2+,,5,3,8
dae2g1m42tqs73au4ev0,ibm_fez,46,1082,correlated,85,1-,,1,7,8
dae2g1m42tqs73au4ev0,ibm_fez,46,1083,,,,1,0,8,8
dae2g1m42tqs73au4ev0,ibm_fez,46,1084,reset,4,-+,,1,7,8
dae2g1m42tqs73au4ev0,ibm_fez,46,1085,none,4,+-,,5,3,8
dae2g1m42tqs73au4ev0,ibm_fez,46,1086,static,4,++,,6,2,8
dae2g1m42tqs73au4ev0,ibm_fez,46,1087,correlated,4,-+,,0,8,8
dae2g1m42tqs73au4ev0,ibm_fez,46,1088,static,4,--,,5,3,8
dae2g1m42tqs73au4ev0,ibm_fez,46,1089,static,4,-+,,3,5,8
dae2g1m42tqs73au4ev0,ibm_fez,46,1090,reset,4,--,,4,4,8
dae2g1m42tqs73au4ev0,ibm_fez,46,1091,reset,4,++,,6,2,8
dae2g1m42tqs73au4ev0,ibm_fez,46,1092,correlated,4,+-,,1,7,8
dae2g1m42tqs73au4ev0,ibm_fez,46,1093,reset,4,+-,,1,7,8
dae2g1m42tqs73au4ev0,ibm_fez,46,1094,none,4,--,,4,4,8
dae2g1m42tqs73au4ev0,ibm_fez,46,1095,static,4,+-,,4,4,8
dae2g1m42tqs73au4ev0,ibm_fez,46,1096,correlated,4,--,,7,1,8
dae2g1m42tqs73au4ev0,ibm_fez,46,1097,none,4,++,,6,2,8
dae2g1m42tqs73au4ev0,ibm_fez,46,1098,none,4,-+,,5,3,8
dae2g1m42tqs73au4ev0,ibm_fez,46,1099,correlated,4,++,,6,2,8
dae2g1m42tqs73au4ev0,ibm_fez,46,1100,,,,1,0,8,8
dae2g1m42tqs73au4ev0,ibm_fez,46,1101,none,38,1-,,4,4,8
dae2g1m42tqs73au4ev0,ibm_fez,46,1102,none,42,1+,,4,4,8
dae2g1m42tqs73au4ev0,ibm_fez,46,1103,none,77,1+,,3,5,8
dae2g1m42tqs73au4ev0,ibm_fez,46,1104,none,18,2+,,5,3,8
dae2g1m42tqs73au4ev0,ibm_fez,46,1105,correlated,38,1+,,8,0,8
dae2g1m42tqs73au4ev0,ibm_fez,46,1106,none,18,2-,,1,7,8
dae2g1m42tqs73au4ev0,ibm_fez,46,1107,none,42,1-,,3,5,8
dae2g1m42tqs73au4ev0,ibm_fez,46,1108,correlated,18,2+,,7,1,8
dae2g1m42tqs73au4ev0,ibm_fez,46,1109,static,83,2+,,1,7,8
dae2g1m42tqs73au4ev0,ibm_fez,46,1110,correlated,78,2-,,3,5,8
dae2g1m42tqs73au4ev0,ibm_fez,46,1111,reset,38,1-,,2,6,8
dae2g1m42tqs73au4ev0,ibm_fez,46,1112,reset,7,2-,,2,6,8
dae2g1m42tqs73au4ev0,ibm_fez,46,1113,static,78,2-,,6,2,8
dae2g1m42tqs73au4ev0,ibm_fez,46,1114,none,56,2+,,5,3,8
dae2g1m42tqs73au4ev0,ibm_fez,46,1115,none,7,2+,,2,6,8
dae2g1m42tqs73au4ev0,ibm_fez,46,1116,static,77,1+,,0,8,8
dae2g1m42tqs73au4ev0,ibm_fez,46,1117,reset,7,2+,,8,0,8
dae2g1m42tqs73au4ev0,ibm_fez,46,1118,static,77,1-,,6,2,8
dae2g1m42tqs73au4ev0,ibm_fez,46,1119,reset,56,2+,,7,1,8
dae2g1m42tqs73au4ev0,ibm_fez,46,1120,static,56,2-,,7,1,8
dae2g1m42tqs73au4ev0,ibm_fez,46,1121,none,78,2-,,2,6,8
dae2g1m42tqs73au4ev0,ibm_fez,46,1122,reset,83,2-,,2,6,8
dae2g1m42tqs73au4ev0,ibm_fez,46,1123,correlated,7,2-,,2,6,8
dae2g1m42tqs73au4ev0,ibm_fez,46,1124,static,83,2-,,6,2,8
dae2g1m42tqs73au4ev0,ibm_fez,46,1125,static,56,2+,,1,7,8
dae2g1m42tqs73au4ev0,ibm_fez,46,1126,static,78,2+,,2,6,8
dae2g1m42tqs73au4ev0,ibm_fez,46,1127,correlated,42,1+,,7,1,8
dae2g1m42tqs73au4ev0,ibm_fez,46,1128,correlated,83,2-,,4,4,8
dae2g1m42tqs73au4ev0,ibm_fez,46,1129,reset,78,2+,,7,1,8
dae2g1m42tqs73au4ev0,ibm_fez,46,1130,correlated,78,2+,,8,0,8
dae2g1m42tqs73au4ev0,ibm_fez,46,1131,none,83,2-,,5,3,8
dae2g1m42tqs73au4ev0,ibm_fez,46,1132,reset,77,1-,,0,8,8
dae2g1m42tqs73au4ev0,ibm_fez,46,1133,reset,56,2-,,2,6,8
dae2g1m42tqs73au4ev0,ibm_fez,46,1134,static,7,2-,,4,4,8
dae2g1m42tqs73au4ev0,ibm_fez,46,1135,correlated,77,1+,,7,1,8
dae2g1m42tqs73au4ev0,ibm_fez,46,1136,correlated,56,2+,,3,5,8
dae2g1m42tqs73au4ev0,ibm_fez,46,1137,correlated,77,1-,,0,8,8
dae2g1m42tqs73au4ev0,ibm_fez,46,1138,none,78,2+,,5,3,8
dae2g1m42tqs73au4ev0,ibm_fez,46,1139,static,18,2-,,7,1,8
dae2g1m42tqs73au4ev0,ibm_fez,46,1140,static,18,2+,,0,8,8
dae2g1m42tqs73au4ev0,ibm_fez,46,1141,reset,38,1+,,7,1,8
dae2g1m42tqs73au4ev0,ibm_fez,46,1142,static,42,1+,,2,6,8
dae2g1m42tqs73au4ev0,ibm_fez,46,1143,reset,83,2+,,7,1,8
dae2g1m42tqs73au4ev0,ibm_fez,46,1144,correlated,18,2-,,0,8,8
dae2g1m42tqs73au4ev0,ibm_fez,46,1145,static,38,1-,,5,3,8
dae2g1m42tqs73au4ev0,ibm_fez,46,1146,static,42,1-,,8,0,8
dae2g1m42tqs73au4ev0,ibm_fez,46,1147,correlated,38,1-,,1,7,8
dae2g1m42tqs73au4ev0,ibm_fez,46,1148,static,7,2+,,0,8,8
dae2g1m42tqs73au4ev0,ibm_fez,46,1149,none,56,2-,,4,4,8
dae2g1m42tqs73au4ev0,ibm_fez,46,1150,reset,78,2-,,0,8,8
dae2g1m42tqs73au4ev0,ibm_fez,46,1151,none,83,2+,,1,7,8
dae2g1m42tqs73au4ev0,ibm_fez,46,1152,reset,42,1-,,2,6,8
dae2g1m42tqs73au4ev0,ibm_fez,46,1153,reset,77,1+,,7,1,8
dae2g1m42tqs73au4ev0,ibm_fez,46,1154,correlated,42,1-,,0,8,8
dae2g1m42tqs73au4ev0,ibm_fez,46,1155,none,77,1-,,6,2,8
dae2g1m42tqs73au4ev0,ibm_fez,46,1156,reset,42,1+,,7,1,8
dae2g1m42tqs73au4ev0,ibm_fez,46,1157,reset,18,2-,,5,3,8
dae2g1m42tqs73au4ev0,ibm_fez,46,1158,none,38,1+,,3,5,8
dae2g1m42tqs73au4ev0,ibm_fez,46,1159,correlated,56,2-,,6,2,8
dae2g1m42tqs73au4ev0,ibm_fez,46,1160,correlated,7,2+,,8,0,8
dae2g1m42tqs73au4ev0,ibm_fez,46,1161,reset,18,2+,,2,6,8
dae2g1m42tqs73au4ev0,ibm_fez,46,1162,none,7,2-,,2,6,8
dae2g1m42tqs73au4ev0,ibm_fez,46,1163,static,38,1+,,1,7,8
dae2g1m42tqs73au4ev0,ibm_fez,46,1164,correlated,83,2+,,2,6,8
dae2g1m42tqs73au4ev0,ibm_fez,46,1165,correlated,94,+-,,1,7,8
dae2g1m42tqs73au4ev0,ibm_fez,46,1166,correlated,94,--,,8,0,8
dae2g1m42tqs73au4ev0,ibm_fez,46,1167,none,94,-+,,0,8,8
dae2g1m42tqs73au4ev0,ibm_fez,46,1168,static,94,-+,,0,8,8
dae2g1m42tqs73au4ev0,ibm_fez,46,1169,none,94,--,,8,0,8
dae2g1m42tqs73au4ev0,ibm_fez,46,1170,reset,94,-+,,3,5,8
dae2g1m42tqs73au4ev0,ibm_fez,46,1171,correlated,94,++,,8,0,8
dae2g1m42tqs73au4ev0,ibm_fez,46,1172,reset,94,+-,,4,4,8
dae2g1m42tqs73au4ev0,ibm_fez,46,1173,none,94,+-,,1,7,8
dae2g1m42tqs73au4ev0,ibm_fez,46,1174,none,94,++,,8,0,8
dae2g1m42tqs73au4ev0,ibm_fez,46,1175,static,94,--,,8,0,8
dae2g1m42tqs73au4ev0,ibm_fez,46,1176,reset,94,--,,5,3,8
dae2g1m42tqs73au4ev0,ibm_fez,46,1177,static,94,++,,8,0,8
dae2g1m42tqs73au4ev0,ibm_fez,46,1178,reset,94,++,,4,4,8
dae2g1m42tqs73au4ev0,ibm_fez,46,1179,correlated,94,-+,,0,8,8
dae2g1m42tqs73au4ev0,ibm_fez,46,1180,static,94,+-,,0,8,8
dae2g1m42tqs73au4ev0,ibm_fez,46,1181,,,,0,8,0,8
dae2g1m42tqs73au4ev0,ibm_fez,46,1182,,,,0,8,0,8
dae2g1m42tqs73au4ev0,ibm_fez,46,1183,none,2,-+,,8,0,8
dae2g1m42tqs73au4ev0,ibm_fez,46,1184,correlated,96,++,,8,0,8
dae2g1m42tqs73au4ev0,ibm_fez,46,1185,static,2,--,,8,0,8
dae2g1m42tqs73au4ev0,ibm_fez,46,1186,none,96,-+,,8,0,8
dae2g1m42tqs73au4ev0,ibm_fez,46,1187,correlated,2,+-,,8,0,8
dae2g1m42tqs73au4ev0,ibm_fez,46,1188,reset,2,-+,,8,0,8
dae2g1m42tqs73au4ev0,ibm_fez,46,1189,reset,96,-+,,8,0,8
dae2g1m42tqs73au4ev0,ibm_fez,46,1190,static,2,++,,8,0,8
dae2g1m42tqs73au4ev0,ibm_fez,46,1191,none,2,++,,8,0,8
dae2g1m42tqs73au4ev0,ibm_fez,46,1192,correlated,96,-+,,8,0,8
dae2g1m42tqs73au4ev0,ibm_fez,46,1193,none,2,--,,8,0,8
dae2g1m42tqs73au4ev0,ibm_fez,46,1194,static,96,-+,,8,0,8
dae2g1m42tqs73au4ev0,ibm_fez,46,1195,static,96,+-,,8,0,8
dae2g1m42tqs73au4ev0,ibm_fez,46,1196,reset,96,--,,8,0,8
dae2g1m42tqs73au4ev0,ibm_fez,46,1197,static,96,++,,8,0,8
dae2g1m42tqs73au4ev0,ibm_fez,46,1198,correlated,2,--,,8,0,8
dae2g1m42tqs73au4ev0,ibm_fez,46,1199,reset,96,+-,,8,0,8
dae2g1m42tqs73au4ev0,ibm_fez,46,1200,correlated,2,++,,8,0,8
dae2g1m42tqs73au4ev0,ibm_fez,46,1201,reset,2,--,,8,0,8
dae2g1m42tqs73au4ev0,ibm_fez,46,1202,correlated,96,+-,,8,0,8
dae2g1m42tqs73au4ev0,ibm_fez,46,1203,none,96,+-,,8,0,8
dae2g1m42tqs73au4ev0,ibm_fez,46,1204,none,2,+-,,8,0,8
dae2g1m42tqs73au4ev0,ibm_fez,46,1205,none,96,--,,8,0,8
dae2g1m42tqs73au4ev0,ibm_fez,46,1206,reset,96,++,,8,0,8
dae2g1m42tqs73au4ev0,ibm_fez,46,1207,reset,2,+-,,8,0,8
dae2g1m42tqs73au4ev0,ibm_fez,46,1208,none,96,++,,8,0,8
dae2g1m42tqs73au4ev0,ibm_fez,46,1209,static,2,-+,,7,1,8
dae2g1m42tqs73au4ev0,ibm_fez,46,1210,static,2,+-,,8,0,8
dae2g1m42tqs73au4ev0,ibm_fez,46,1211,reset,2,++,,8,0,8
dae2g1m42tqs73au4ev0,ibm_fez,46,1212,correlated,2,-+,,8,0,8
dae2g1m42tqs73au4ev0,ibm_fez,46,1213,correlated,96,--,,8,0,8
dae2g1m42tqs73au4ev0,ibm_fez,46,1214,static,96,--,,8,0,8
dae2g1m42tqs73au4ev0,ibm_fez,46,1215,,,,1,0,8,8
dae2g1m42tqs73au4ev0,ibm_fez,46,1216,,,,1,0,8,8
dae2g1m42tqs73au4ev0,ibm_fez,46,1217,,,,0,8,0,8
dae2g1m42tqs73au4ev0,ibm_fez,46,1218,reset,106,+-,,3,5,8
dae2g1m42tqs73au4ev0,ibm_fez,46,1219,reset,106,--,,2,6,8
dae2g1m42tqs73au4ev0,ibm_fez,46,1220,reset,106,-+,,7,1,8
dae2g1m42tqs73au4ev0,ibm_fez,46,1221,correlated,106,--,,7,1,8
dae2g1m42tqs73au4ev0,ibm_fez,46,1222,none,106,-+,,3,5,8
dae2g1m42tqs73au4ev0,ibm_fez,46,1223,none,106,+-,,5,3,8
dae2g1m42tqs73au4ev0,ibm_fez,46,1224,static,106,++,,3,5,8
dae2g1m42tqs73au4ev0,ibm_fez,46,1225,correlated,106,-+,,0,8,8
dae2g1m42tqs73au4ev0,ibm_fez,46,1226,static,106,-+,,2,6,8
dae2g1m42tqs73au4ev0,ibm_fez,46,1227,correlated,106,+-,,7,1,8
dae2g1m42tqs73au4ev0,ibm_fez,46,1228,static,106,--,,8,0,8
dae2g1m42tqs73au4ev0,ibm_fez,46,1229,none,106,++,,5,3,8
dae2g1m42tqs73au4ev0,ibm_fez,46,1230,correlated,106,++,,1,7,8
dae2g1m42tqs73au4ev0,ibm_fez,46,1231,static,106,+-,,5,3,8
dae2g1m42tqs73au4ev0,ibm_fez,46,1232,reset,106,++,,5,3,8
dae2g1m42tqs73au4ev0,ibm_fez,46,1233,none,106,--,,5,3,8
dae2g1m42tqs73au4ev0,ibm_fez,46,1234,,,,0,8,0,8
dae2g1m42tqs73au4ev0,ibm_fez,46,1235,reset,6,+-,,2,6,8
dae2g1m42tqs73au4ev0,ibm_fez,46,1236,none,6,+-,,3,5,8
dae2g1m42tqs73au4ev0,ibm_fez,46,1237,none,6,--,,5,3,8
dae2g1m42tqs73au4ev0,ibm_fez,46,1238,correlated,6,+-,,2,6,8
dae2g1m42tqs73au4ev0,ibm_fez,46,1239,none,6,-+,,6,2,8
dae2g1m42tqs73au4ev0,ibm_fez,46,1240,reset,6,-+,,7,1,8
dae2g1m42tqs73au4ev0,ibm_fez,46,1241,correlated,6,++,,7,1,8
dae2g1m42tqs73au4ev0,ibm_fez,46,1242,static,6,++,,2,6,8
dae2g1m42tqs73au4ev0,ibm_fez,46,1243,correlated,6,-+,,8,0,8
dae2g1m42tqs73au4ev0,ibm_fez,46,1244,reset,6,--,,1,7,8
dae2g1m42tqs73au4ev0,ibm_fez,46,1245,static,6,-+,,2,6,8
dae2g1m42tqs73au4ev0,ibm_fez,46,1246,none,6,++,,3,5,8
dae2g1m42tqs73au4ev0,ibm_fez,46,1247,static,6,--,,7,1,8
dae2g1m42tqs73au4ev0,ibm_fez,46,1248,correlated,6,--,,3,5,8
dae2g1m42tqs73au4ev0,ibm_fez,46,1249,static,6,+-,,7,1,8
dae2g1m42tqs73au4ev0,ibm_fez,46,1250,reset,6,++,,6,2,8
dae2g1m42tqs73au4ev0,ibm_fez,46,1251,,,,1,0,8,8
dae2g1m42tqs73au4ev0,ibm_fez,46,1252,correlated,27,2+,,8,0,8
dae2g1m42tqs73au4ev0,ibm_fez,46,1253,static,124,2+,,8,0,8
dae2g1m42tqs73au4ev0,ibm_fez,46,1254,reset,93,2+,,8,0,8
dae2g1m42tqs73au4ev0,ibm_fez,46,1255,none,27,2+,,8,0,8
dae2g1m42tqs73au4ev0,ibm_fez,46,1256,reset,37,2-,,8,0,8
dae2g1m42tqs73au4ev0,ibm_fez,46,1257,reset,83,1+,,8,0,8
dae2g1m42tqs73au4ev0,ibm_fez,46,1258,none,81,1+,,8,0,8
dae2g1m42tqs73au4ev0,ibm_fez,46,1259,static,111,2-,,8,0,8
dae2g1m42tqs73au4ev0,ibm_fez,46,1260,reset,111,2+,,8,0,8
dae2g1m42tqs73au4ev0,ibm_fez,46,1261,reset,81,1-,,8,0,8
dae2g1m42tqs73au4ev0,ibm_fez,46,1262,correlated,107,2-,,8,0,8
dae2g1m42tqs73au4ev0,ibm_fez,46,1263,none,83,1-,,8,0,8
dae2g1m42tqs73au4ev0,ibm_fez,46,1264,static,83,1-,,8,0,8
dae2g1m42tqs73au4ev0,ibm_fez,46,1265,correlated,93,2-,,8,0,8
dae2g1m42tqs73au4ev0,ibm_fez,46,1266,reset,81,1+,,8,0,8
dae2g1m42tqs73au4ev0,ibm_fez,46,1267,none,107,2-,,8,0,8
dae2g1m42tqs73au4ev0,ibm_fez,46,1268,none,16,2+,,8,0,8
dae2g1m42tqs73au4ev0,ibm_fez,46,1269,correlated,37,2-,,8,0,8
dae2g1m42tqs73au4ev0,ibm_fez,46,1270,none,16,1+,,8,0,8
dae2g1m42tqs73au4ev0,ibm_fez,46,1271,reset,16,2-,,8,0,8
dae2g1m42tqs73au4ev0,ibm_fez,46,1272,reset,101,1+,,8,0,8
dae2g1m42tqs73au4ev0,ibm_fez,46,1273,none,83,1+,,8,0,8
dae2g1m42tqs73au4ev0,ibm_fez,46,1274,correlated,101,1-,,8,0,8
dae2g1m42tqs73au4ev0,ibm_fez,46,1275,static,101,1-,,8,0,8
dae2g1m42tqs73au4ev0,ibm_fez,46,1276,correlated,81,1+,,8,0,8
dae2g1m42tqs73au4ev0,ibm_fez,46,1277,reset,101,1-,,8,0,8
dae2g1m42tqs73au4ev0,ibm_fez,46,1278,none,27,2-,,8,0,8
dae2g1m42tqs73au4ev0,ibm_fez,46,1279,correlated,16,2-,,8,0,8
dae2g1m42tqs73au4ev0,ibm_fez,46,1280,reset,111,2-,,8,0,8
dae2g1m42tqs73au4ev0,ibm_fez,46,1281,none,16,1-,,8,0,8
dae2g1m42tqs73au4ev0,ibm_fez,46,1282,static,27,2+,,8,0,8
dae2g1m42tqs73au4ev0,ibm_fez,46,1283,reset,93,2-,,8,0,8
dae2g1m42tqs73au4ev0,ibm_fez,46,1284,static,16,1+,,8,0,8
dae2g1m42tqs73au4ev0,ibm_fez,46,1285,correlated,124,2+,,8,0,8
dae2g1m42tqs73au4ev0,ibm_fez,46,1286,none,16,2-,,8,0,8
dae2g1m42tqs73au4ev0,ibm_fez,46,1287,none,107,2+,,8,0,8
dae2g1m42tqs73au4ev0,ibm_fez,46,1288,reset,107,2-,,8,0,8
dae2g1m42tqs73au4ev0,ibm_fez,46,1289,static,81,1-,,8,0,8
dae2g1m42tqs73au4ev0,ibm_fez,46,1290,static,16,2-,,8,0,8
dae2g1m42tqs73au4ev0,ibm_fez,46,1291,correlated,107,2+,,8,0,8
dae2g1m42tqs73au4ev0,ibm_fez,46,1292,none,93,2+,,8,0,8
dae2g1m42tqs73au4ev0,ibm_fez,46,1293,correlated,37,2+,,8,0,8
dae2g1m42tqs73au4ev0,ibm_fez,46,1294,reset,16,2+,,8,0,8
dae2g1m42tqs73au4ev0,ibm_fez,46,1295,reset,124,2+,,8,0,8
dae2g1m42tqs73au4ev0,ibm_fez,46,1296,correlated,16,1+,,8,0,8
dae2g1m42tqs73au4ev0,ibm_fez,46,1297,none,101,1-,,8,0,8
dae2g1m42tqs73au4ev0,ibm_fez,46,1298,reset,124,2-,,8,0,8
dae2g1m42tqs73au4ev0,ibm_fez,46,1299,correlated,83,1+,,8,0,8
dae2g1m42tqs73au4ev0,ibm_fez,46,1300,static,16,1-,,8,0,8
dae2g1m42tqs73au4ev0,ibm_fez,46,1301,none,81,1-,,8,0,8
dae2g1m42tqs73au4ev0,ibm_fez,46,1302,none,111,2-,,8,0,8
dae2g1m42tqs73au4ev0,ibm_fez,46,1303,none,37,2-,,8,0,8
dae2g1m42tqs73au4ev0,ibm_fez,46,1304,correlated,111,2+,,8,0,8
dae2g1m42tqs73au4ev0,ibm_fez,46,1305,static,124,2-,,8,0,8
dae2g1m42tqs73au4ev0,ibm_fez,46,1306,correlated,124,2-,,8,0,8
dae2g1m42tqs73au4ev0,ibm_fez,46,1307,static,101,1+,,8,0,8
dae2g1m42tqs73au4ev0,ibm_fez,46,1308,reset,16,1-,,8,0,8
dae2g1m42tqs73au4ev0,ibm_fez,46,1309,correlated,16,2+,,8,0,8
dae2g1m42tqs73au4ev0,ibm_fez,46,1310,static,93,2-,,8,0,8
dae2g1m42tqs73au4ev0,ibm_fez,46,1311,none,37,2+,,8,0,8
dae2g1m42tqs73au4ev0,ibm_fez,46,1312,static,37,2-,,8,0,8
dae2g1m42tqs73au4ev0,ibm_fez,46,1313,correlated,93,2+,,8,0,8
dae2g1m42tqs73au4ev0,ibm_fez,46,1314,static,107,2-,,8,0,8
dae2g1m42tqs73au4ev0,ibm_fez,46,1315,correlated,27,2-,,8,0,8
dae2g1m42tqs73au4ev0,ibm_fez,46,1316,correlated,83,1-,,8,0,8
dae2g1m42tqs73au4ev0,ibm_fez,46,1317,none,111,2+,,8,0,8
dae2g1m42tqs73au4ev0,ibm_fez,46,1318,static,83,1+,,8,0,8
dae2g1m42tqs73au4ev0,ibm_fez,46,1319,static,37,2+,,8,0,8
dae2g1m42tqs73au4ev0,ibm_fez,46,1320,static,93,2+,,8,0,8
dae2g1m42tqs73au4ev0,ibm_fez,46,1321,reset,27,2+,,8,0,8
dae2g1m42tqs73au4ev0,ibm_fez,46,1322,reset,27,2-,,8,0,8
dae2g1m42tqs73au4ev0,ibm_fez,46,1323,static,107,2+,,8,0,8
dae2g1m42tqs73au4ev0,ibm_fez,46,1324,correlated,101,1+,,8,0,8
dae2g1m42tqs73au4ev0,ibm_fez,46,1325,none,124,2-,,8,0,8
dae2g1m42tqs73au4ev0,ibm_fez,46,1326,none,101,1+,,8,0,8
dae2g1m42tqs73au4ev0,ibm_fez,46,1327,reset,83,1-,,8,0,8
dae2g1m42tqs73au4ev0,ibm_fez,46,1328,reset,16,1+,,8,0,8
dae2g1m42tqs73au4ev0,ibm_fez,46,1329,correlated,111,2-,,8,0,8
dae2g1m42tqs73au4ev0,ibm_fez,46,1330,reset,37,2+,,8,0,8
dae2g1m42tqs73au4ev0,ibm_fez,46,1331,static,27,2-,,8,0,8
dae2g1m42tqs73au4ev0,ibm_fez,46,1332,static,111,2+,,8,0,8
dae2g1m42tqs73au4ev0,ibm_fez,46,1333,none,93,2-,,7,1,8
dae2g1m42tqs73au4ev0,ibm_fez,46,1334,none,124,2+,,8,0,8
dae2g1m42tqs73au4ev0,ibm_fez,46,1335,reset,107,2+,,8,0,8
dae2g1m42tqs73au4ev0,ibm_fez,46,1336,static,16,2+,,8,0,8
dae2g1m42tqs73au4ev0,ibm_fez,46,1337,static,81,1+,,8,0,8
dae2g1m42tqs73au4ev0,ibm_fez,46,1338,correlated,16,1-,,8,0,8
dae2g1m42tqs73au4ev0,ibm_fez,46,1339,correlated,81,1-,,8,0,8
dae2g1m42tqs73au4ev0,ibm_fez,46,1340,,,,0,8,0,8
dae2g1m42tqs73au4ev0,ibm_fez,46,1341,correlated,22,1+,,7,1,8
dae2g1m42tqs73au4ev0,ibm_fez,46,1342,reset,95,1+,,1,7,8
dae2g1m42tqs73au4ev0,ibm_fez,46,1343,reset,9,1-,,5,3,8
dae2g1m42tqs73au4ev0,ibm_fez,46,1344,none,50,2-,,4,4,8
dae2g1m42tqs73au4ev0,ibm_fez,46,1345,correlated,95,1-,,6,2,8
dae2g1m42tqs73au4ev0,ibm_fez,46,1346,static,95,1+,,0,8,8
dae2g1m42tqs73au4ev0,ibm_fez,46,1347,none,35,1-,,3,5,8
dae2g1m42tqs73au4ev0,ibm_fez,46,1348,static,34,2-,,5,3,8
dae2g1m42tqs73au4ev0,ibm_fez,46,1349,reset,95,1-,,6,2,8
dae2g1m42tqs73au4ev0,ibm_fez,46,1350,correlated,9,1-,,5,3,8
dae2g1m42tqs73au4ev0,ibm_fez,46,1351,correlated,50,2+,,6,2,8
dae2g1m42tqs73au4ev0,ibm_fez,46,1352,none,26,1-,,5,3,8
dae2g1m42tqs73au4ev0,ibm_fez,46,1353,none,82,1+,,4,4,8
dae2g1m42tqs73au4ev0,ibm_fez,46,1354,none,26,1+,,4,4,8
dae2g1m42tqs73au4ev0,ibm_fez,46,1355,none,95,1+,,4,4,8
dae2g1m42tqs73au4ev0,ibm_fez,46,1356,reset,9,1+,,1,7,8
dae2g1m42tqs73au4ev0,ibm_fez,46,1357,reset,72,1-,,6,2,8
dae2g1m42tqs73au4ev0,ibm_fez,46,1358,none,72,1-,,6,2,8
dae2g1m42tqs73au4ev0,ibm_fez,46,1359,reset,34,2+,,8,0,8
dae2g1m42tqs73au4ev0,ibm_fez,46,1360,correlated,70,2+,,7,1,8
dae2g1m42tqs73au4ev0,ibm_fez,46,1361,static,9,1-,,8,0,8
dae2g1m42tqs73au4ev0,ibm_fez,46,1362,static,117,2-,,6,2,8
dae2g1m42tqs73au4ev0,ibm_fez,46,1363,static,35,1+,,1,7,8
dae2g1m42tqs73au4ev0,ibm_fez,46,1364,reset,117,2-,,8,0,8
dae2g1m42tqs73au4ev0,ibm_fez,46,1365,reset,34,2-,,0,8,8
dae2g1m42tqs73au4ev0,ibm_fez,46,1366,reset,50,2-,,3,5,8
dae2g1m42tqs73au4ev0,ibm_fez,46,1367,none,82,1-,,5,3,8
dae2g1m42tqs73au4ev0,ibm_fez,46,1368,reset,22,1-,,0,8,8
dae2g1m42tqs73au4ev0,ibm_fez,46,1369,none,95,1-,,5,3,8
dae2g1m42tqs73au4ev0,ibm_fez,46,1370,correlated,72,1+,,2,6,8
dae2g1m42tqs73au4ev0,ibm_fez,46,1371,none,34,2-,,4,4,8
dae2g1m42tqs73au4ev0,ibm_fez,46,1372,static,50,2-,,7,1,8
dae2g1m42tqs73au4ev0,ibm_fez,46,1373,none,22,1-,,3,5,8
dae2g1m42tqs73au4ev0,ibm_fez,46,1374,reset,22,1+,,7,1,8
dae2g1m42tqs73au4ev0,ibm_fez,46,1375,none,117,2-,,5,3,8
dae2g1m42tqs73au4ev0,ibm_fez,46,1376,correlated,82,1-,,2,6,8
dae2g1m42tqs73au4ev0,ibm_fez,46,1377,reset,70,2+,,0,8,8
dae2g1m42tqs73au4ev0,ibm_fez,46,1378,static,34,2+,,1,7,8
dae2g1m42tqs73au4ev0,ibm_fez,46,1379,correlated,26,1-,,2,6,8
dae2g1m42tqs73au4ev0,ibm_fez,46,1380,reset,82,1+,,6,2,8
dae2g1m42tqs73au4ev0,ibm_fez,46,1381,none,22,1+,,4,4,8
dae2g1m42tqs73au4ev0,ibm_fez,46,1382,reset,50,2+,,6,2,8
dae2g1m42tqs73au4ev0,ibm_fez,46,1383,static,26,1+,,3,5,8
dae2g1m42tqs73au4ev0,ibm_fez,46,1384,reset,82,1-,,0,8,8
dae2g1m42tqs73au4ev0,ibm_fez,46,1385,correlated,9,1+,,0,8,8
dae2g1m42tqs73au4ev0,ibm_fez,46,1386,static,72,1-,,6,2,8
dae2g1m42tqs73au4ev0,ibm_fez,46,1387,static,95,1-,,6,2,8
dae2g1m42tqs73au4ev0,ibm_fez,46,1388,none,72,1+,,3,5,8
dae2g1m42tqs73au4ev0,ibm_fez,46,1389,static,35,1-,,7,1,8
dae2g1m42tqs73au4ev0,ibm_fez,46,1390,correlated,22,1-,,1,7,8
dae2g1m42tqs73au4ev0,ibm_fez,46,1391,correlated,34,2+,,8,0,8
dae2g1m42tqs73au4ev0,ibm_fez,46,1392,none,35,1+,,5,3,8
dae2g1m42tqs73au4ev0,ibm_fez,46,1393,static,22,1-,,6,2,8
dae2g1m42tqs73au4ev0,ibm_fez,46,1394,correlated,117,2+,,8,0,8
dae2g1m42tqs73au4ev0,ibm_fez,46,1395,correlated,95,1+,,0,8,8
dae2g1m42tqs73au4ev0,ibm_fez,46,1396,none,70,2+,,5,3,8
dae2g1m42tqs73au4ev0,ibm_fez,46,1397,static,72,1+,,1,7,8
dae2g1m42tqs73au4ev0,ibm_fez,46,1398,correlated,35,1+,,7,1,8
dae2g1m42tqs73au4ev0,ibm_fez,46,1399,static,82,1-,,7,1,8
dae2g1m42tqs73au4ev0,ibm_fez,46,1400,correlated,26,1+,,7,1,8
dae2g1m42tqs73au4ev0,ibm_fez,46,1401,correlated,50,2-,,1,7,8
dae2g1m42tqs73au4ev0,ibm_fez,46,1402,static,70,2-,,7,1,8
dae2g1m42tqs73au4ev0,ibm_fez,46,1403,none,34,2+,,2,6,8
dae2g1m42tqs73au4ev0,ibm_fez,46,1404,reset,35,1-,,1,7,8
dae2g1m42tqs73au4ev0,ibm_fez,46,1405,static,26,1-,,7,1,8
dae2g1m42tqs73au4ev0,ibm_fez,46,1406,correlated,34,2-,,1,7,8
dae2g1m42tqs73au4ev0,ibm_fez,46,1407,static,50,2+,,1,7,8
dae2g1m42tqs73au4ev0,ibm_fez,46,1408,reset,35,1+,,7,1,8
dae2g1m42tqs73au4ev0,ibm_fez,46,1409,none,9,1-,,3,5,8
dae2g1m42tqs73au4ev0,ibm_fez,46,1410,correlated,117,2-,,2,6,8
dae2g1m42tqs73au4ev0,ibm_fez,46,1411,reset,72,1+,,1,7,8
dae2g1m42tqs73au4ev0,ibm_fez,46,1412,reset,26,1-,,2,6,8
dae2g1m42tqs73au4ev0,ibm_fez,46,1413,correlated,72,1-,,7,1,8
dae2g1m42tqs73au4ev0,ibm_fez,46,1414,correlated,35,1-,,4,4,8
dae2g1m42tqs73au4ev0,ibm_fez,46,1415,static,22,1+,,1,7,8
dae2g1m42tqs73au4ev0,ibm_fez,46,1416,static,82,1+,,1,7,8
dae2g1m42tqs73au4ev0,ibm_fez,46,1417,reset,117,2+,,1,7,8
dae2g1m42tqs73au4ev0,ibm_fez,46,1418,reset,26,1+,,7,1,8
dae2g1m42tqs73au4ev0,ibm_fez,46,1419,static,117,2+,,1,7,8
dae2g1m42tqs73au4ev0,ibm_fez,46,1420,none,9,1+,,6,2,8
dae2g1m42tqs73au4ev0,ibm_fez,46,1421,none,117,2+,,3,5,8
dae2g1m42tqs73au4ev0,ibm_fez,46,1422,correlated,70,2-,,3,5,8
dae2g1m42tqs73au4ev0,ibm_fez,46,1423,reset,70,2-,,8,0,8
dae2g1m42tqs73au4ev0,ibm_fez,46,1424,static,70,2+,,2,6,8
dae2g1m42tqs73au4ev0,ibm_fez,46,1425,static,9,1+,,0,8,8
dae2g1m42tqs73au4ev0,ibm_fez,46,1426,none,70,2-,,3,5,8
dae2g1m42tqs73au4ev0,ibm_fez,46,1427,none,50,2+,,5,3,8
dae2g1m42tqs73au4ev0,ibm_fez,46,1428,correlated,82,1+,,6,2,8
dae2g1m42tqs73au4ev0,ibm_fez,46,1429,,,,1,0,8,8
dae2g1m42tqs73au4ev0,ibm_fez,46,1430,,,,0,8,0,8
dae2g1m42tqs73au4ev0,ibm_fez,46,1431,,,,1,0,8,8
dae2g1m42tqs73au4ev0,ibm_fez,46,1432,,,,0,8,0,8
dae2g1m42tqs73au4ev0,ibm_fez,46,1433,,,,1,0,8,8
dae2g1m42tqs73au4ev0,ibm_fez,46,1434,reset,31,-+,,0,8,8
dae2g1m42tqs73au4ev0,ibm_fez,46,1435,none,31,++,,8,0,8
dae2g1m42tqs73au4ev0,ibm_fez,46,1436,correlated,31,+-,,1,7,8
dae2g1m42tqs73au4ev0,ibm_fez,46,1437,correlated,31,++,,8,0,8
dae2g1m42tqs73au4ev0,ibm_fez,46,1438,correlated,31,-+,,0,8,8
dae2g1m42tqs73au4ev0,ibm_fez,46,1439,static,31,+-,,0,8,8
dae2g1m42tqs73au4ev0,ibm_fez,46,1440,correlated,31,--,,8,0,8
dae2g1m42tqs73au4ev0,ibm_fez,46,1441,reset,31,--,,8,0,8
dae2g1m42tqs73au4ev0,ibm_fez,46,1442,static,31,--,,8,0,8
dae2g1m42tqs73au4ev0,ibm_fez,46,1443,none,31,-+,,1,7,8
dae2g1m42tqs73au4ev0,ibm_fez,46,1444,static,31,++,,8,0,8
dae2g1m42tqs73au4ev0,ibm_fez,46,1445,reset,31,+-,,0,8,8
dae2g1m42tqs73au4ev0,ibm_fez,46,1446,reset,31,++,,8,0,8
dae2g1m42tqs73au4ev0,ibm_fez,46,1447,none,31,--,,8,0,8
dae2g1m42tqs73au4ev0,ibm_fez,46,1448,none,31,+-,,1,7,8
dae2g1m42tqs73au4ev0,ibm_fez,46,1449,static,31,-+,,0,8,8
dae2g1m42tqs73au4ev0,ibm_fez,46,1450,correlated,75,++,,6,2,8
dae2g1m42tqs73au4ev0,ibm_fez,46,1451,static,75,++,,1,7,8
dae2g1m42tqs73au4ev0,ibm_fez,46,1452,static,75,+-,,5,3,8
dae2g1m42tqs73au4ev0,ibm_fez,46,1453,correlated,75,--,,2,6,8
dae2g1m42tqs73au4ev0,ibm_fez,46,1454,none,75,-+,,5,3,8
dae2g1m42tqs73au4ev0,ibm_fez,46,1455,reset,75,--,,0,8,8
dae2g1m42tqs73au4ev0,ibm_fez,46,1456,reset,75,++,,7,1,8
dae2g1m42tqs73au4ev0,ibm_fez,46,1457,correlated,75,+-,,0,8,8
dae2g1m42tqs73au4ev0,ibm_fez,46,1458,reset,75,+-,,2,6,8
dae2g1m42tqs73au4ev0,ibm_fez,46,1459,none,75,++,,3,5,8
dae2g1m42tqs73au4ev0,ibm_fez,46,1460,none,75,--,,7,1,8
dae2g1m42tqs73au4ev0,ibm_fez,46,1461,reset,75,-+,,7,1,8
dae2g1m42tqs73au4ev0,ibm_fez,46,1462,static,75,--,,7,1,8
dae2g1m42tqs73au4ev0,ibm_fez,46,1463,correlated,75,-+,,7,1,8
dae2g1m42tqs73au4ev0,ibm_fez,46,1464,static,75,-+,,0,8,8
dae2g1m42tqs73au4ev0,ibm_fez,46,1465,none,75,+-,,6,2,8
dae2g1m42tqs73au4ev0,ibm_fez,46,1466,,,,0,8,0,8
dae2g1m42tqs73au4ev0,ibm_fez,46,1467,correlated,18,++,,5,3,8
dae2g1m42tqs73au4ev0,ibm_fez,46,1468,none,18,+-,,5,3,8
dae2g1m42tqs73au4ev0,ibm_fez,46,1469,reset,18,++,,3,5,8
dae2g1m42tqs73au4ev0,ibm_fez,46,1470,none,18,--,,5,3,8
dae2g1m42tqs73au4ev0,ibm_fez,46,1471,reset,18,+-,,7,1,8
dae2g1m42tqs73au4ev0,ibm_fez,46,1472,reset,18,-+,,5,3,8
dae2g1m42tqs73au4ev0,ibm_fez,46,1473,static,18,++,,7,1,8
dae2g1m42tqs73au4ev0,ibm_fez,46,1474,static,18,-+,,2,6,8
dae2g1m42tqs73au4ev0,ibm_fez,46,1475,none,18,-+,,4,4,8
dae2g1m42tqs73au4ev0,ibm_fez,46,1476,static,18,--,,7,1,8
dae2g1m42tqs73au4ev0,ibm_fez,46,1477,reset,18,--,,3,5,8
dae2g1m42tqs73au4ev0,ibm_fez,46,1478,correlated,18,--,,7,1,8
dae2g1m42tqs73au4ev0,ibm_fez,46,1479,correlated,18,+-,,3,5,8
dae2g1m42tqs73au4ev0,ibm_fez,46,1480,static,18,+-,,3,5,8
dae2g1m42tqs73au4ev0,ibm_fez,46,1481,correlated,18,-+,,2,6,8
dae2g1m42tqs73au4ev0,ibm_fez,46,1482,none,18,++,,3,5,8
dae2g1m42tqs73au4ev0,ibm_fez,46,1483,,,,1,0,8,8
dae2g1m42tqs73au4ev0,ibm_fez,46,1484,correlated,98,-+,,2,6,8
dae2g1m42tqs73au4ev0,ibm_fez,46,1485,correlated,98,++,,1,7,8
dae2g1m42tqs73au4ev0,ibm_fez,46,1486,static,98,++,,2,6,8
dae2g1m42tqs73au4ev0,ibm_fez,46,1487,correlated,98,+-,,8,0,8
dae2g1m42tqs73au4ev0,ibm_fez,46,1488,reset,98,--,,1,7,8
dae2g1m42tqs73au4ev0,ibm_fez,46,1489,static,98,-+,,4,4,8
dae2g1m42tqs73au4ev0,ibm_fez,46,1490,none,98,+-,,4,4,8
dae2g1m42tqs73au4ev0,ibm_fez,46,1491,reset,98,++,,7,1,8
dae2g1m42tqs73au4ev0,ibm_fez,46,1492,static,98,+-,,7,1,8
dae2g1m42tqs73au4ev0,ibm_fez,46,1493,reset,98,-+,,7,1,8
dae2g1m42tqs73au4ev0,ibm_fez,46,1494,none,98,--,,5,3,8
dae2g1m42tqs73au4ev0,ibm_fez,46,1495,none,98,-+,,3,5,8
dae2g1m42tqs73au4ev0,ibm_fez,46,1496,correlated,98,--,,7,1,8
dae2g1m42tqs73au4ev0,ibm_fez,46,1497,none,98,++,,4,4,8
dae2g1m42tqs73au4ev0,ibm_fez,46,1498,static,98,--,,7,1,8
dae2g1m42tqs73au4ev0,ibm_fez,46,1499,reset,98,+-,,2,6,8
dae2g1m42tqs73au4ev0,ibm_fez,46,1500,reset,28,+-,,5,3,8
dae2g1m42tqs73au4ev0,ibm_fez,46,1501,correlated,28,-+,,0,8,8
dae2g1m42tqs73au4ev0,ibm_fez,46,1502,none,28,++,,8,0,8
dae2g1m42tqs73au4ev0,ibm_fez,46,1503,none,28,-+,,0,8,8
dae2g1m42tqs73au4ev0,ibm_fez,46,1504,reset,66,--,,8,0,8
dae2g1m42tqs73au4ev0,ibm_fez,46,1505,static,66,-+,,0,8,8
dae2g1m42tqs73au4ev0,ibm_fez,46,1506,reset,28,--,,4,4,8
dae2g1m42tqs73au4ev0,ibm_fez,46,1507,correlated,66,-+,,0,8,8
dae2g1m42tqs73au4ev0,ibm_fez,46,1508,none,66,--,,8,0,8
dae2g1m42tqs73au4ev0,ibm_fez,46,1509,correlated,28,+-,,0,8,8
dae2g1m42tqs73au4ev0,ibm_fez,46,1510,correlated,28,--,,8,0,8
dae2g1m42tqs73au4ev0,ibm_fez,46,1511,correlated,66,--,,8,0,8
dae2g1m42tqs73au4ev0,ibm_fez,46,1512,none,28,--,,8,0,8
dae2g1m42tqs73au4ev0,ibm_fez,46,1513,reset,66,-+,,0,8,8
dae2g1m42tqs73au4ev0,ibm_fez,46,1514,static,28,++,,8,0,8
dae2g1m42tqs73au4ev0,ibm_fez,46,1515,none,66,+-,,0,8,8
dae2g1m42tqs73au4ev0,ibm_fez,46,1516,correlated,66,++,,8,0,8
dae2g1m42tqs73au4ev0,ibm_fez,46,1517,none,66,++,,8,0,8
dae2g1m42tqs73au4ev0,ibm_fez,46,1518,reset,28,++,,5,3,8
dae2g1m42tqs73au4ev0,ibm_fez,46,1519,reset,28,-+,,3,5,8
dae2g1m42tqs73au4ev0,ibm_fez,46,1520,static,66,--,,8,0,8
dae2g1m42tqs73au4ev0,ibm_fez,46,1521,correlated,28,++,,8,0,8
dae2g1m42tqs73au4ev0,ibm_fez,46,1522,static,28,--,,8,0,8
dae2g1m42tqs73au4ev0,ibm_fez,46,1523,static,66,++,,8,0,8
dae2g1m42tqs73au4ev0,ibm_fez,46,1524,none,28,+-,,0,8,8
dae2g1m42tqs73au4ev0,ibm_fez,46,1525,reset,66,++,,7,1,8
dae2g1m42tqs73au4ev0,ibm_fez,46,1526,static,28,-+,,0,8,8
dae2g1m42tqs73au4ev0,ibm_fez,46,1527,reset,66,+-,,0,8,8
dae2g1m42tqs73au4ev0,ibm_fez,46,1528,correlated,66,+-,,0,8,8
dae2g1m42tqs73au4ev0,ibm_fez,46,1529,static,66,+-,,0,8,8
dae2g1m42tqs73au4ev0,ibm_fez,46,1530,static,28,+-,,0,8,8
dae2g1m42tqs73au4ev0,ibm_fez,46,1531,none,66,-+,,0,8,8
dae2g1m42tqs73au4ev0,ibm_fez,46,1532,,,,1,0,8,8
dae2g1m42tqs73au4ev0,ibm_fez,46,1533,,,,0,8,0,8
dae2g1m42tqs73au4ev0,ibm_fez,46,1534,,,,0,8,0,8
dae2g1m42tqs73au4ev0,ibm_fez,46,1535,reset,9,++,,5,3,8
dae2g1m42tqs73au4ev0,ibm_fez,46,1536,correlated,72,+-,,3,5,8
dae2g1m42tqs73au4ev0,ibm_fez,46,1537,static,72,+-,,4,4,8
dae2g1m42tqs73au4ev0,ibm_fez,46,1538,correlated,9,++,,5,3,8
dae2g1m42tqs73au4ev0,ibm_fez,46,1539,reset,72,++,,6,2,8
dae2g1m42tqs73au4ev0,ibm_fez,46,1540,static,72,-+,,2,6,8
dae2g1m42tqs73au4ev0,ibm_fez,46,1541,static,72,--,,5,3,8
dae2g1m42tqs73au4ev0,ibm_fez,46,1542,reset,72,+-,,2,6,8
dae2g1m42tqs73au4ev0,ibm_fez,46,1543,none,72,--,,3,5,8
dae2g1m42tqs73au4ev0,ibm_fez,46,1544,correlated,72,++,,3,5,8
dae2g1m42tqs73au4ev0,ibm_fez,46,1545,correlated,9,+-,,5,3,8
dae2g1m42tqs73au4ev0,ibm_fez,46,1546,static,72,++,,8,0,8
dae2g1m42tqs73au4ev0,ibm_fez,46,1547,reset,9,--,,5,3,8
dae2g1m42tqs73au4ev0,ibm_fez,46,1548,static,9,-+,,0,8,8
dae2g1m42tqs73au4ev0,ibm_fez,46,1549,correlated,9,--,,6,2,8
dae2g1m42tqs73au4ev0,ibm_fez,46,1550,correlated,72,--,,3,5,8
dae2g1m42tqs73au4ev0,ibm_fez,46,1551,static,9,++,,8,0,8
dae2g1m42tqs73au4ev0,ibm_fez,46,1552,none,72,-+,,2,6,8
dae2g1m42tqs73au4ev0,ibm_fez,46,1553,reset,9,+-,,3,5,8
dae2g1m42tqs73au4ev0,ibm_fez,46,1554,correlated,72,-+,,2,6,8
dae2g1m42tqs73au4ev0,ibm_fez,46,1555,none,9,++,,2,6,8
dae2g1m42tqs73au4ev0,ibm_fez,46,1556,reset,72,-+,,1,7,8
dae2g1m42tqs73au4ev0,ibm_fez,46,1557,none,72,++,,2,6,8
dae2g1m42tqs73au4ev0,ibm_fez,46,1558,reset,72,--,,5,3,8
dae2g1m42tqs73au4ev0,ibm_fez,46,1559,none,72,+-,,8,0,8
dae2g1m42tqs73au4ev0,ibm_fez,46,1560,reset,9,-+,,2,6,8
dae2g1m42tqs73au4ev0,ibm_fez,46,1561,correlated,9,-+,,2,6,8
dae2g1m42tqs73au4ev0,ibm_fez,46,1562,none,9,--,,6,2,8
dae2g1m42tqs73au4ev0,ibm_fez,46,1563,static,9,+-,,0,8,8
dae2g1m42tqs73au4ev0,ibm_fez,46,1564,none,9,+-,,5,3,8
dae2g1m42tqs73au4ev0,ibm_fez,46,1565,static,9,--,,5,3,8
dae2g1m42tqs73au4ev0,ibm_fez,46,1566,none,9,-+,,5,3,8
dae2g1m42tqs73au4ev0,ibm_fez,46,1567,none,86,++,,5,3,8
dae2g1m42tqs73au4ev0,ibm_fez,46,1568,none,86,+-,,4,4,8
dae2g1m42tqs73au4ev0,ibm_fez,46,1569,static,86,++,,6,2,8
dae2g1m42tqs73au4ev0,ibm_fez,46,1570,none,86,-+,,4,4,8
dae2g1m42tqs73au4ev0,ibm_fez,46,1571,reset,86,++,,2,6,8
dae2g1m42tqs73au4ev0,ibm_fez,46,1572,correlated,86,-+,,0,8,8
dae2g1m42tqs73au4ev0,ibm_fez,46,1573,correlated,86,++,,6,2,8
dae2g1m42tqs73au4ev0,ibm_fez,46,1574,reset,86,+-,,7,1,8
dae2g1m42tqs73au4ev0,ibm_fez,46,1575,static,86,+-,,2,6,8
dae2g1m42tqs73au4ev0,ibm_fez,46,1576,static,86,--,,5,3,8
dae2g1m42tqs73au4ev0,ibm_fez,46,1577,static,86,-+,,2,6,8
dae2g1m42tqs73au4ev0,ibm_fez,46,1578,reset,86,-+,,6,2,8
dae2g1m42tqs73au4ev0,ibm_fez,46,1579,none,86,--,,5,3,8
dae2g1m42tqs73au4ev0,ibm_fez,46,1580,reset,86,--,,1,7,8
dae2g1m42tqs73au4ev0,ibm_fez,46,1581,correlated,86,+-,,2,6,8
dae2g1m42tqs73au4ev0,ibm_fez,46,1582,correlated,86,--,,5,3,8
dae2g1m42tqs73au4ev0,ibm_fez,46,1583,reset,27,++,,8,0,8
dae2g1m42tqs73au4ev0,ibm_fez,46,1584,reset,27,+-,,8,0,8
dae2g1m42tqs73au4ev0,ibm_fez,46,1585,none,27,--,,8,0,8
dae2g1m42tqs73au4ev0,ibm_fez,46,1586,reset,27,-+,,8,0,8
dae2g1m42tqs73au4ev0,ibm_fez,46,1587,correlated,27,+-,,8,0,8
dae2g1m42tqs73au4ev0,ibm_fez,46,1588,static,27,-+,,8,0,8
dae2g1m42tqs73au4ev0,ibm_fez,46,1589,none,27,-+,,8,0,8
dae2g1m42tqs73au4ev0,ibm_fez,46,1590,correlated,27,++,,8,0,8
dae2g1m42tqs73au4ev0,ibm_fez,46,1591,correlated,27,-+,,8,0,8
dae2g1m42tqs73au4ev0,ibm_fez,46,1592,reset,27,--,,8,0,8
dae2g1m42tqs73au4ev0,ibm_fez,46,1593,static,27,+-,,8,0,8
dae2g1m42tqs73au4ev0,ibm_fez,46,1594,none,27,+-,,8,0,8
dae2g1m42tqs73au4ev0,ibm_fez,46,1595,correlated,27,--,,8,0,8
dae2g1m42tqs73au4ev0,ibm_fez,46,1596,static,27,++,,8,0,8
dae2g1m42tqs73au4ev0,ibm_fez,46,1597,static,27,--,,8,0,8
dae2g1m42tqs73au4ev0,ibm_fez,46,1598,none,27,++,,8,0,8
dae2g1m42tqs73au4ev0,ibm_fez,46,1599,,,,0,8,0,8
dae2g1m42tqs73au4ev0,ibm_fez,46,1600,,,,1,0,8,8
dae2g1m42tqs73au4ev0,ibm_fez,46,1601,none,1,--,,8,0,8
dae2g1m42tqs73au4ev0,ibm_fez,46,1602,reset,1,--,,8,0,8
dae2g1m42tqs73au4ev0,ibm_fez,46,1603,reset,1,+-,,7,1,8
dae2g1m42tqs73au4ev0,ibm_fez,46,1604,static,1,-+,,8,0,8
dae2g1m42tqs73au4ev0,ibm_fez,46,1605,reset,1,++,,8,0,8
dae2g1m42tqs73au4ev0,ibm_fez,46,1606,static,1,++,,8,0,8
dae2g1m42tqs73au4ev0,ibm_fez,46,1607,correlated,1,+-,,8,0,8
dae2g1m42tqs73au4ev0,ibm_fez,46,1608,static,1,--,,8,0,8
dae2g1m42tqs73au4ev0,ibm_fez,46,1609,none,1,+-,,8,0,8
dae2g1m42tqs73au4ev0,ibm_fez,46,1610,reset,1,-+,,8,0,8
dae2g1m42tqs73au4ev0,ibm_fez,46,1611,correlated,1,--,,8,0,8
dae2g1m42tqs73au4ev0,ibm_fez,46,1612,correlated,1,++,,8,0,8
dae2g1m42tqs73au4ev0,ibm_fez,46,1613,none,1,++,,8,0,8
dae2g1m42tqs73au4ev0,ibm_fez,46,1614,correlated,1,-+,,8,0,8
dae2g1m42tqs73au4ev0,ibm_fez,46,1615,none,1,-+,,8,0,8
dae2g1m42tqs73au4ev0,ibm_fez,46,1616,static,1,+-,,8,0,8
dae2g1m42tqs73au4ev0,ibm_fez,46,1617,,,,0,8,0,8
dae2g1m42tqs73au4ev0,ibm_fez,46,1618,,,,1,0,8,8
dae2g1m42tqs73au4ev0,ibm_fez,46,1619,reset,56,+-,,7,1,8
dae2g1m42tqs73au4ev0,ibm_fez,46,1620,reset,56,--,,2,6,8
dae2g1m42tqs73au4ev0,ibm_fez,46,1621,static,56,++,,5,3,8
dae2g1m42tqs73au4ev0,ibm_fez,46,1622,none,56,-+,,6,2,8
dae2g1m42tqs73au4ev0,ibm_fez,46,1623,none,56,++,,1,7,8
dae2g1m42tqs73au4ev0,ibm_fez,46,1624,static,56,+-,,2,6,8
dae2g1m42tqs73au4ev0,ibm_fez,46,1625,reset,56,-+,,6,2,8
dae2g1m42tqs73au4ev0,ibm_fez,46,1626,correlated,56,+-,,1,7,8
dae2g1m42tqs73au4ev0,ibm_fez,46,1627,static,56,-+,,0,8,8
dae2g1m42tqs73au4ev0,ibm_fez,46,1628,reset,56,++,,0,8,8
dae2g1m42tqs73au4ev0,ibm_fez,46,1629,static,56,--,,5,3,8
dae2g1m42tqs73au4ev0,ibm_fez,46,1630,correlated,56,--,,5,3,8
dae2g1m42tqs73au4ev0,ibm_fez,46,1631,correlated,56,-+,,0,8,8
dae2g1m42tqs73au4ev0,ibm_fez,46,1632,none,56,+-,,3,5,8
dae2g1m42tqs73au4ev0,ibm_fez,46,1633,none,56,--,,4,4,8
dae2g1m42tqs73au4ev0,ibm_fez,46,1634,correlated,56,++,,8,0,8
dae2g1m42tqs73au4ev0,ibm_fez,46,1635,,,,1,0,8,8
dae2g1m42tqs73au4ev0,ibm_fez,46,1636,none,47,++,,6,2,8
dae2g1m42tqs73au4ev0,ibm_fez,46,1637,static,47,-+,,6,2,8
dae2g1m42tqs73au4ev0,ibm_fez,46,1638,static,47,--,,7,1,8
dae2g1m42tqs73au4ev0,ibm_fez,46,1639,none,47,--,,6,2,8
dae2g1m42tqs73au4ev0,ibm_fez,46,1640,correlated,47,++,,2,6,8
dae2g1m42tqs73au4ev0,ibm_fez,46,1641,static,47,+-,,1,7,8
dae2g1m42tqs73au4ev0,ibm_fez,46,1642,correlated,47,+-,,1,7,8
dae2g1m42tqs73au4ev0,ibm_fez,46,1643,reset,47,+-,,3,5,8
dae2g1m42tqs73au4ev0,ibm_fez,46,1644,none,47,+-,,3,5,8
dae2g1m42tqs73au4ev0,ibm_fez,46,1645,static,47,++,,3,5,8
dae2g1m42tqs73au4ev0,ibm_fez,46,1646,reset,47,--,,7,1,8
dae2g1m42tqs73au4ev0,ibm_fez,46,1647,correlated,47,-+,,6,2,8
dae2g1m42tqs73au4ev0,ibm_fez,46,1648,reset,47,++,,0,8,8
dae2g1m42tqs73au4ev0,ibm_fez,46,1649,none,47,-+,,5,3,8
dae2g1m42tqs73au4ev0,ibm_fez,46,1650,reset,47,-+,,7,1,8
dae2g1m42tqs73au4ev0,ibm_fez,46,1651,correlated,47,--,,8,0,8
dae2g1m42tqs73au4ev0,ibm_fez,46,1652,,,,0,8,0,8
dae2g1m42tqs73au4ev0,ibm_fez,46,1653,reset,87,+-,,4,4,8
dae2g1m42tqs73au4ev0,ibm_fez,46,1654,reset,87,-+,,5,3,8
dae2g1m42tqs73au4ev0,ibm_fez,46,1655,none,87,+-,,0,8,8
dae2g1m42tqs73au4ev0,ibm_fez,46,1656,none,87,-+,,0,8,8
dae2g1m42tqs73au4ev0,ibm_fez,46,1657,reset,87,--,,4,4,8
dae2g1m42tqs73au4ev0,ibm_fez,46,1658,correlated,87,+-,,0,8,8
dae2g1m42tqs73au4ev0,ibm_fez,46,1659,correlated,87,-+,,0,8,8
dae2g1m42tqs73au4ev0,ibm_fez,46,1660,correlated,87,++,,8,0,8
dae2g1m42tqs73au4ev0,ibm_fez,46,1661,none,87,++,,8,0,8
dae2g1m42tqs73au4ev0,ibm_fez,46,1662,static,87,+-,,0,8,8
dae2g1m42tqs73au4ev0,ibm_fez,46,1663,static,87,++,,8,0,8
dae2g1m42tqs73au4ev0,ibm_fez,46,1664,static,87,--,,8,0,8
dae2g1m42tqs73au4ev0,ibm_fez,46,1665,correlated,87,--,,8,0,8
dae2g1m42tqs73au4ev0,ibm_fez,46,1666,reset,87,++,,3,5,8
dae2g1m42tqs73au4ev0,ibm_fez,46,1667,none,87,--,,8,0,8
dae2g1m42tqs73au4ev0,ibm_fez,46,1668,static,87,-+,,0,8,8
dae2g1m42tqs73au4ev0,ibm_fez,46,1669,,,,0,8,0,8
dae2g1m42tqs73au4ev0,ibm_fez,46,1670,,,,1,0,8,8
dae2g1m42tqs73au4ev0,ibm_fez,46,1671,reset,77,++,,4,4,8
dae2g1m42tqs73au4ev0,ibm_fez,46,1672,reset,77,--,,5,3,8
dae2g1m42tqs73au4ev0,ibm_fez,46,1673,static,77,--,,7,1,8
dae2g1m42tqs73au4ev0,ibm_fez,46,1674,reset,77,-+,,3,5,8
dae2g1m42tqs73au4ev0,ibm_fez,46,1675,correlated,77,--,,8,0,8
dae2g1m42tqs73au4ev0,ibm_fez,46,1676,correlated,77,-+,,0,8,8
dae2g1m42tqs73au4ev0,ibm_fez,46,1677,static,77,+-,,0,8,8
dae2g1m42tqs73au4ev0,ibm_fez,46,1678,reset,77,+-,,3,5,8
dae2g1m42tqs73au4ev0,ibm_fez,46,1679,static,77,-+,,0,8,8
dae2g1m42tqs73au4ev0,ibm_fez,46,1680,correlated,77,+-,,0,8,8
dae2g1m42tqs73au4ev0,ibm_fez,46,1681,none,77,--,,8,0,8
dae2g1m42tqs73au4ev0,ibm_fez,46,1682,none,77,+-,,0,8,8
dae2g1m42tqs73au4ev0,ibm_fez,46,1683,none,77,-+,,0,8,8
dae2g1m42tqs73au4ev0,ibm_fez,46,1684,none,77,++,,8,0,8
dae2g1m42tqs73au4ev0,ibm_fez,46,1685,correlated,77,++,,8,0,8
dae2g1m42tqs73au4ev0,ibm_fez,46,1686,static,77,++,,8,0,8
dae2g1m42tqs73au4ev0,ibm_fez,46,1687,,,,0,8,0,8
dae2g1m42tqs73au4ev0,ibm_fez,46,1688,,,,0,8,0,8
dae2g1m42tqs73au4ev0,ibm_fez,46,1689,,,,1,0,8,8
dae2g1m42tqs73au4ev0,ibm_fez,46,1690,reset,33,+-,,2,6,8
dae2g1m42tqs73au4ev0,ibm_fez,46,1691,reset,33,++,,4,4,8
dae2g1m42tqs73au4ev0,ibm_fez,46,1692,none,33,++,,0,8,8
dae2g1m42tqs73au4ev0,ibm_fez,46,1693,reset,33,-+,,4,4,8
dae2g1m42tqs73au4ev0,ibm_fez,46,1694,correlated,33,+-,,4,4,8
dae2g1m42tqs73au4ev0,ibm_fez,46,1695,static,33,-+,,2,6,8
dae2g1m42tqs73au4ev0,ibm_fez,46,1696,correlated,33,++,,5,3,8
dae2g1m42tqs73au4ev0,ibm_fez,46,1697,static,33,+-,,2,6,8
dae2g1m42tqs73au4ev0,ibm_fez,46,1698,reset,33,--,,2,6,8
dae2g1m42tqs73au4ev0,ibm_fez,46,1699,none,33,+-,,8,0,8
dae2g1m42tqs73au4ev0,ibm_fez,46,1700,static,33,--,,5,3,8
dae2g1m42tqs73au4ev0,ibm_fez,46,1701,correlated,33,-+,,4,4,8
dae2g1m42tqs73au4ev0,ibm_fez,46,1702,correlated,33,--,,2,6,8
dae2g1m42tqs73au4ev0,ibm_fez,46,1703,none,33,-+,,8,0,8
dae2g1m42tqs73au4ev0,ibm_fez,46,1704,none,33,--,,1,7,8
dae2g1m42tqs73au4ev0,ibm_fez,46,1705,static,33,++,,4,4,8
dae2g1m42tqs73au4ev0,ibm_fez,46,1706,,,,1,0,8,8
dae2g1m42tqs73au4ev0,ibm_fez,46,1707,none,101,++,,8,0,8
dae2g1m42tqs73au4ev0,ibm_fez,46,1708,correlated,101,++,,8,0,8
dae2g1m42tqs73au4ev0,ibm_fez,46,1709,none,101,+-,,8,0,8
dae2g1m42tqs73au4ev0,ibm_fez,46,1710,none,101,-+,,8,0,8
dae2g1m42tqs73au4ev0,ibm_fez,46,1711,static,101,+-,,8,0,8
dae2g1m42tqs73au4ev0,ibm_fez,46,1712,reset,101,--,,8,0,8
dae2g1m42tqs73au4ev0,ibm_fez,46,1713,correlated,101,-+,,8,0,8
dae2g1m42tqs73au4ev0,ibm_fez,46,1714,static,101,-+,,8,0,8
dae2g1m42tqs73au4ev0,ibm_fez,46,1715,static,101,--,,7,1,8
dae2g1m42tqs73au4ev0,ibm_fez,46,1716,reset,101,++,,8,0,8
dae2g1m42tqs73au4ev0,ibm_fez,46,1717,static,101,++,,8,0,8
dae2g1m42tqs73au4ev0,ibm_fez,46,1718,correlated,101,--,,8,0,8
dae2g1m42tqs73au4ev0,ibm_fez,46,1719,none,101,--,,8,0,8
dae2g1m42tqs73au4ev0,ibm_fez,46,1720,reset,101,-+,,8,0,8
dae2g1m42tqs73au4ev0,ibm_fez,46,1721,correlated,101,+-,,8,0,8
dae2g1m42tqs73au4ev0,ibm_fez,46,1722,reset,101,+-,,8,0,8
dae2g1m42tqs73au4ev0,ibm_fez,46,1723,static,35,-+,,3,5,8
dae2g1m42tqs73au4ev0,ibm_fez,46,1724,correlated,35,--,,4,4,8
dae2g1m42tqs73au4ev0,ibm_fez,46,1725,static,35,--,,7,1,8
dae2g1m42tqs73au4ev0,ibm_fez,46,1726,none,35,--,,5,3,8
dae2g1m42tqs73au4ev0,ibm_fez,46,1727,none,35,++,,4,4,8
dae2g1m42tqs73au4ev0,ibm_fez,46,1728,correlated,35,+-,,1,7,8
dae2g1m42tqs73au4ev0,ibm_fez,46,1729,reset,35,++,,4,4,8
dae2g1m42tqs73au4ev0,ibm_fez,46,1730,static,35,++,,6,2,8
dae2g1m42tqs73au4ev0,ibm_fez,46,1731,reset,35,+-,,4,4,8
dae2g1m42tqs73au4ev0,ibm_fez,46,1732,correlated,35,-+,,2,6,8
dae2g1m42tqs73au4ev0,ibm_fez,46,1733,none,35,+-,,5,3,8
dae2g1m42tqs73au4ev0,ibm_fez,46,1734,reset,35,--,,8,0,8
dae2g1m42tqs73au4ev0,ibm_fez,46,1735,none,35,-+,,4,4,8
dae2g1m42tqs73au4ev0,ibm_fez,46,1736,correlated,35,++,,6,2,8
dae2g1m42tqs73au4ev0,ibm_fez,46,1737,reset,35,-+,,1,7,8
dae2g1m42tqs73au4ev0,ibm_fez,46,1738,static,35,+-,,2,6,8
dae2g1m42tqs73au4ev0,ibm_fez,46,1739,,,,0,8,0,8
dae2g1m42tqs73au4ev0,ibm_fez,46,1740,static,12,--,,2,6,8
dae2g1m42tqs73au4ev0,ibm_fez,46,1741,static,12,+-,,8,0,8
dae2g1m42tqs73au4ev0,ibm_fez,46,1742,reset,12,+-,,7,1,8
dae2g1m42tqs73au4ev0,ibm_fez,46,1743,correlated,12,-+,,6,2,8
dae2g1m42tqs73au4ev0,ibm_fez,46,1744,static,12,-+,,3,5,8
dae2g1m42tqs73au4ev0,ibm_fez,46,1745,reset,12,++,,0,8,8
dae2g1m42tqs73au4ev0,ibm_fez,46,1746,none,12,++,,0,8,8
dae2g1m42tqs73au4ev0,ibm_fez,46,1747,correlated,12,--,,2,6,8
dae2g1m42tqs73au4ev0,ibm_fez,46,1748,correlated,12,+-,,4,4,8
dae2g1m42tqs73au4ev0,ibm_fez,46,1749,static,12,++,,4,4,8
dae2g1m42tqs73au4ev0,ibm_fez,46,1750,correlated,12,++,,4,4,8
dae2g1m42tqs73au4ev0,ibm_fez,46,1751,none,12,-+,,8,0,8
dae2g1m42tqs73au4ev0,ibm_fez,46,1752,none,12,--,,0,8,8
dae2g1m42tqs73au4ev0,ibm_fez,46,1753,reset,12,--,,1,7,8
dae2g1m42tqs73au4ev0,ibm_fez,46,1754,none,12,+-,,8,0,8
dae2g1m42tqs73au4ev0,ibm_fez,46,1755,reset,12,-+,,8,0,8
dae2g1m42tqs73au4ev0,ibm_fez,46,1756,reset,59,--,,7,1,8
dae2g1m42tqs73au4ev0,ibm_fez,46,1757,static,59,--,,8,0,8
dae2g1m42tqs73au4ev0,ibm_fez,46,1758,static,59,+-,,3,5,8
dae2g1m42tqs73au4ev0,ibm_fez,46,1759,correlated,59,++,,4,4,8
dae2g1m42tqs73au4ev0,ibm_fez,46,1760,correlated,59,+-,,2,6,8
dae2g1m42tqs73au4ev0,ibm_fez,46,1761,none,59,+-,,5,3,8
dae2g1m42tqs73au4ev0,ibm_fez,46,1762,static,59,-+,,7,1,8
dae2g1m42tqs73au4ev0,ibm_fez,46,1763,reset,59,++,,1,7,8
dae2g1m42tqs73au4ev0,ibm_fez,46,1764,static,59,++,,1,7,8
dae2g1m42tqs73au4ev0,ibm_fez,46,1765,correlated,59,-+,,6,2,8
dae2g1m42tqs73au4ev0,ibm_fez,46,1766,none,59,-+,,3,5,8
dae2g1m42tqs73au4ev0,ibm_fez,46,1767,none,59,++,,4,4,8
dae2g1m42tqs73au4ev0,ibm_fez,46,1768,reset,59,+-,,1,7,8
dae2g1m42tqs73au4ev0,ibm_fez,46,1769,reset,59,-+,,5,3,8
dae2g1m42tqs73au4ev0,ibm_fez,46,1770,none,59,--,,6,2,8
dae2g1m42tqs73au4ev0,ibm_fez,46,1771,correlated,59,--,,5,3,8
dae2g1m42tqs73au4ev0,ibm_fez,46,1772,,,,0,8,0,8
dae2g1m42tqs73au4ev0,ibm_fez,46,1773,,,,1,0,8,8
dae2g1m42tqs73au4ev0,ibm_fez,46,1774,correlated,99,++,,0,8,8
dae2g1m42tqs73au4ev0,ibm_fez,46,1775,correlated,99,+-,,6,2,8
dae2g1m42tqs73au4ev0,ibm_fez,46,1776,none,99,+-,,5,3,8
dae2g1m42tqs73au4ev0,ibm_fez,46,1777,static,99,+-,,7,1,8
dae2g1m42tqs73au4ev0,ibm_fez,46,1778,none,99,-+,,5,3,8
dae2g1m42tqs73au4ev0,ibm_fez,46,1779,reset,99,-+,,1,7,8
dae2g1m42tqs73au4ev0,ibm_fez,46,1780,static,99,++,,1,7,8
dae2g1m42tqs73au4ev0,ibm_fez,46,1781,correlated,99,--,,5,3,8
dae2g1m42tqs73au4ev0,ibm_fez,46,1782,correlated,99,-+,,3,5,8
dae2g1m42tqs73au4ev0,ibm_fez,46,1783,reset,99,++,,3,5,8
dae2g1m42tqs73au4ev0,ibm_fez,46,1784,none,99,++,,3,5,8
dae2g1m42tqs73au4ev0,ibm_fez,46,1785,reset,99,--,,7,1,8
dae2g1m42tqs73au4ev0,ibm_fez,46,1786,reset,99,+-,,5,3,8
dae2g1m42tqs73au4ev0,ibm_fez,46,1787,none,99,--,,3,5,8
dae2g1m42tqs73au4ev0,ibm_fez,46,1788,static,99,-+,,1,7,8
dae2g1m42tqs73au4ev0,ibm_fez,46,1789,static,99,--,,8,0,8
dae2g1m42tqs73au4ev0,ibm_fez,46,1790,,,,1,0,8,8
dae2g1m42tqs73au4ev0,ibm_fez,46,1791,,,,1,0,8,8
dae2g1m42tqs73au4ev0,ibm_fez,46,1792,correlated,53,-+,,0,8,8
dae2g1m42tqs73au4ev0,ibm_fez,46,1793,none,53,-+,,3,5,8
dae2g1m42tqs73au4ev0,ibm_fez,46,1794,reset,53,-+,,4,4,8
dae2g1m42tqs73au4ev0,ibm_fez,46,1795,static,53,--,,4,4,8
dae2g1m42tqs73au4ev0,ibm_fez,46,1796,none,53,++,,3,5,8
dae2g1m42tqs73au4ev0,ibm_fez,46,1797,correlated,53,--,,6,2,8
dae2g1m42tqs73au4ev0,ibm_fez,46,1798,reset,53,++,,7,1,8
dae2g1m42tqs73au4ev0,ibm_fez,46,1799,reset,53,--,,8,0,8
dae2g1m42tqs73au4ev0,ibm_fez,46,1800,correlated,53,+-,,2,6,8
dae2g1m42tqs73au4ev0,ibm_fez,46,1801,correlated,53,++,,7,1,8
dae2g1m42tqs73au4ev0,ibm_fez,46,1802,none,53,+-,,1,7,8
dae2g1m42tqs73au4ev0,ibm_fez,46,1803,reset,53,+-,,3,5,8
dae2g1m42tqs73au4ev0,ibm_fez,46,1804,static,53,-+,,2,6,8
dae2g1m42tqs73au4ev0,ibm_fez,46,1805,static,53,+-,,4,4,8
dae2g1m42tqs73au4ev0,ibm_fez,46,1806,none,53,--,,2,6,8
dae2g1m42tqs73au4ev0,ibm_fez,46,1807,static,53,++,,8,0,8
dae2g1m42tqs73au4ev0,ibm_fez,46,1808,none,48,--,,5,3,8
dae2g1m42tqs73au4ev0,ibm_fez,46,1809,static,48,++,,5,3,8
dae2g1m42tqs73au4ev0,ibm_fez,46,1810,none,48,++,,2,6,8
dae2g1m42tqs73au4ev0,ibm_fez,46,1811,none,48,+-,,4,4,8
dae2g1m42tqs73au4ev0,ibm_fez,46,1812,reset,48,+-,,6,2,8
dae2g1m42tqs73au4ev0,ibm_fez,46,1813,correlated,48,--,,7,1,8
dae2g1m42tqs73au4ev0,ibm_fez,46,1814,correlated,48,-+,,1,7,8
dae2g1m42tqs73au4ev0,ibm_fez,46,1815,none,48,-+,,4,4,8
dae2g1m42tqs73au4ev0,ibm_fez,46,1816,static,48,-+,,2,6,8
dae2g1m42tqs73au4ev0,ibm_fez,46,1817,reset,48,-+,,6,2,8
dae2g1m42tqs73au4ev0,ibm_fez,46,1818,static,48,--,,7,1,8
dae2g1m42tqs73au4ev0,ibm_fez,46,1819,correlated,48,+-,,0,8,8
dae2g1m42tqs73au4ev0,ibm_fez,46,1820,reset,48,++,,1,7,8
dae2g1m42tqs73au4ev0,ibm_fez,46,1821,correlated,48,++,,6,2,8
dae2g1m42tqs73au4ev0,ibm_fez,46,1822,static,48,+-,,2,6,8
dae2g1m42tqs73au4ev0,ibm_fez,46,1823,reset,48,--,,2,6,8
dae2g1m42tqs73au4ev0,ibm_fez,46,1824,reset,89,+-,,5,3,8
dae2g1m42tqs73au4ev0,ibm_fez,46,1825,static,89,+-,,4,4,8
dae2g1m42tqs73au4ev0,ibm_fez,46,1826,correlated,89,--,,5,3,8
dae2g1m42tqs73au4ev0,ibm_fez,46,1827,static,89,++,,8,0,8
dae2g1m42tqs73au4ev0,ibm_fez,46,1828,none,89,--,,4,4,8
dae2g1m42tqs73au4ev0,ibm_fez,46,1829,reset,89,-+,,7,1,8
dae2g1m42tqs73au4ev0,ibm_fez,46,1830,static,89,-+,,1,7,8
dae2g1m42tqs73au4ev0,ibm_fez,46,1831,none,89,+-,,6,2,8
dae2g1m42tqs73au4ev0,ibm_fez,46,1832,none,89,-+,,3,5,8
dae2g1m42tqs73au4ev0,ibm_fez,46,1833,none,89,++,,3,5,8
dae2g1m42tqs73au4ev0,ibm_fez,46,1834,static,89,--,,5,3,8
dae2g1m42tqs73au4ev0,ibm_fez,46,1835,reset,89,++,,3,5,8
dae2g1m42tqs73au4ev0,ibm_fez,46,1836,correlated,89,++,,6,2,8
dae2g1m42tqs73au4ev0,ibm_fez,46,1837,correlated,89,-+,,2,6,8
dae2g1m42tqs73au4ev0,ibm_fez,46,1838,reset,89,--,,2,6,8
dae2g1m42tqs73au4ev0,ibm_fez,46,1839,correlated,89,+-,,2,6,8
dae2g1m42tqs73au4ev0,ibm_fez,46,1840,none,40,--,,6,2,8
dae2g1m42tqs73au4ev0,ibm_fez,46,1841,static,40,++,,1,7,8
dae2g1m42tqs73au4ev0,ibm_fez,46,1842,correlated,40,+-,,8,0,8
dae2g1m42tqs73au4ev0,ibm_fez,46,1843,none,40,+-,,4,4,8
dae2g1m42tqs73au4ev0,ibm_fez,46,1844,reset,40,++,,7,1,8
dae2g1m42tqs73au4ev0,ibm_fez,46,1845,correlated,40,--,,5,3,8
dae2g1m42tqs73au4ev0,ibm_fez,46,1846,none,40,++,,4,4,8
dae2g1m42tqs73au4ev0,ibm_fez,46,1847,reset,40,-+,,6,2,8
dae2g1m42tqs73au4ev0,ibm_fez,46,1848,reset,40,--,,1,7,8
dae2g1m42tqs73au4ev0,ibm_fez,46,1849,static,40,+-,,6,2,8
dae2g1m42tqs73au4ev0,ibm_fez,46,1850,static,40,-+,,2,6,8
dae2g1m42tqs73au4ev0,ibm_fez,46,1851,static,40,--,,6,2,8
dae2g1m42tqs73au4ev0,ibm_fez,46,1852,none,40,-+,,6,2,8
dae2g1m42tqs73au4ev0,ibm_fez,46,1853,correlated,40,-+,,1,7,8
dae2g1m42tqs73au4ev0,ibm_fez,46,1854,reset,40,+-,,2,6,8
dae2g1m42tqs73au4ev0,ibm_fez,46,1855,correlated,40,++,,2,6,8
dae2g1m42tqs73au4ev0,ibm_fez,46,1856,,,,0,8,0,8
dae2g1m42tqs73au4ev0,ibm_fez,46,1857,correlated,68,++,,1,7,8
dae2g1m42tqs73au4ev0,ibm_fez,46,1858,reset,68,--,,7,1,8
dae2g1m42tqs73au4ev0,ibm_fez,46,1859,correlated,13,+-,,8,0,8
dae2g1m42tqs73au4ev0,ibm_fez,46,1860,none,68,+-,,4,4,8
dae2g1m42tqs73au4ev0,ibm_fez,46,1861,correlated,13,--,,3,5,8
dae2g1m42tqs73au4ev0,ibm_fez,46,1862,correlated,68,+-,,2,6,8
dae2g1m42tqs73au4ev0,ibm_fez,46,1863,static,68,+-,,3,5,8
dae2g1m42tqs73au4ev0,ibm_fez,46,1864,reset,13,+-,,7,1,8
dae2g1m42tqs73au4ev0,ibm_fez,46,1865,correlated,13,-+,,1,7,8
dae2g1m42tqs73au4ev0,ibm_fez,46,1866,static,13,-+,,7,1,8
dae2g1m42tqs73au4ev0,ibm_fez,46,1867,none,68,--,,3,5,8
dae2g1m42tqs73au4ev0,ibm_fez,46,1868,correlated,68,--,,8,0,8
dae2g1m42tqs73au4ev0,ibm_fez,46,1869,reset,68,-+,,5,3,8
dae2g1m42tqs73au4ev0,ibm_fez,46,1870,none,13,++,,5,3,8
dae2g1m42tqs73au4ev0,ibm_fez,46,1871,none,13,-+,,4,4,8
dae2g1m42tqs73au4ev0,ibm_fez,46,1872,reset,13,-+,,1,7,8
dae2g1m42tqs73au4ev0,ibm_fez,46,1873,none,68,-+,,4,4,8
dae2g1m42tqs73au4ev0,ibm_fez,46,1874,none,68,++,,7,1,8
dae2g1m42tqs73au4ev0,ibm_fez,46,1875,static,68,--,,8,0,8
dae2g1m42tqs73au4ev0,ibm_fez,46,1876,static,13,+-,,0,8,8
dae2g1m42tqs73au4ev0,ibm_fez,46,1877,static,13,++,,2,6,8
dae2g1m42tqs73au4ev0,ibm_fez,46,1878,reset,68,++,,2,6,8
dae2g1m42tqs73au4ev0,ibm_fez,46,1879,reset,13,--,,0,8,8
dae2g1m42tqs73au4ev0,ibm_fez,46,1880,static,68,++,,0,8,8
dae2g1m42tqs73au4ev0,ibm_fez,46,1881,correlated,68,-+,,7,1,8
dae2g1m42tqs73au4ev0,ibm_fez,46,1882,static,13,--,,8,0,8
dae2g1m42tqs73au4ev0,ibm_fez,46,1883,none,13,+-,,2,6,8
dae2g1m42tqs73au4ev0,ibm_fez,46,1884,correlated,13,++,,7,1,8
dae2g1m42tqs73au4ev0,ibm_fez,46,1885,reset,13,++,,5,3,8
dae2g1m42tqs73au4ev0,ibm_fez,46,1886,static,68,-+,,8,0,8
dae2g1m42tqs73au4ev0,ibm_fez,46,1887,none,13,--,,5,3,8
dae2g1m42tqs73au4ev0,ibm_fez,46,1888,reset,68,+-,,1,7,8
dae2g1m42tqs73au4ev0,ibm_fez,46,1889,none,122,1-,,4,4,8
dae2g1m42tqs73au4ev0,ibm_fez,46,1890,correlated,33,1-,,7,1,8
dae2g1m42tqs73au4ev0,ibm_fez,46,1891,none,33,1-,,3,5,8
dae2g1m42tqs73au4ev0,ibm_fez,46,1892,static,46,2-,,7,1,8
dae2g1m42tqs73au4ev0,ibm_fez,46,1893,correlated,122,1-,,0,8,8
dae2g1m42tqs73au4ev0,ibm_fez,46,1894,correlated,64,2+,,2,6,8
dae2g1m42tqs73au4ev0,ibm_fez,46,1895,reset,105,1-,,1,7,8
dae2g1m42tqs73au4ev0,ibm_fez,46,1896,correlated,90,1-,,7,1,8
dae2g1m42tqs73au4ev0,ibm_fez,46,1897,none,14,1+,,3,5,8
dae2g1m42tqs73au4ev0,ibm_fez,46,1898,reset,46,2+,,1,7,8
dae2g1m42tqs73au4ev0,ibm_fez,46,1899,none,46,2-,,6,2,8
dae2g1m42tqs73au4ev0,ibm_fez,46,1900,correlated,46,2+,,6,2,8
dae2g1m42tqs73au4ev0,ibm_fez,46,1901,correlated,105,1-,,1,7,8
dae2g1m42tqs73au4ev0,ibm_fez,46,1902,static,100,1+,,4,4,8
dae2g1m42tqs73au4ev0,ibm_fez,46,1903,correlated,127,2-,,0,8,8
dae2g1m42tqs73au4ev0,ibm_fez,46,1904,none,127,2-,,3,5,8
dae2g1m42tqs73au4ev0,ibm_fez,46,1905,static,46,2+,,1,7,8
dae2g1m42tqs73au4ev0,ibm_fez,46,1906,reset,100,1+,,4,4,8
dae2g1m42tqs73au4ev0,ibm_fez,46,1907,static,33,1+,,1,7,8
dae2g1m42tqs73au4ev0,ibm_fez,46,1908,correlated,14,1+,,7,1,8
dae2g1m42tqs73au4ev0,ibm_fez,46,1909,static,90,1-,,7,1,8
dae2g1m42tqs73au4ev0,ibm_fez,46,1910,static,64,2-,,8,0,8
dae2g1m42tqs73au4ev0,ibm_fez,46,1911,static,100,1-,,5,3,8
dae2g1m42tqs73au4ev0,ibm_fez,46,1912,static,33,1-,,7,1,8
dae2g1m42tqs73au4ev0,ibm_fez,46,1913,reset,100,1-,,2,6,8
dae2g1m42tqs73au4ev0,ibm_fez,46,1914,static,122,1+,,0,8,8
dae2g1m42tqs73au4ev0,ibm_fez,46,1915,static,127,2-,,6,2,8
dae2g1m42tqs73au4ev0,ibm_fez,46,1916,static,64,2+,,1,7,8
dae2g1m42tqs73au4ev0,ibm_fez,46,1917,none,33,1+,,2,6,8
dae2g1m42tqs73au4ev0,ibm_fez,46,1918,reset,14,1-,,0,8,8
dae2g1m42tqs73au4ev0,ibm_fez,46,1919,reset,127,2-,,7,1,8
dae2g1m42tqs73au4ev0,ibm_fez,46,1920,static,127,2+,,3,5,8
dae2g1m42tqs73au4ev0,ibm_fez,46,1921,none,105,1-,,5,3,8
dae2g1m42tqs73au4ev0,ibm_fez,46,1922,none,46,2+,,6,2,8
dae2g1m42tqs73au4ev0,ibm_fez,46,1923,reset,122,1-,,0,8,8
dae2g1m42tqs73au4ev0,ibm_fez,46,1924,reset,105,1+,,6,2,8
dae2g1m42tqs73au4ev0,ibm_fez,46,1925,static,105,1-,,5,3,8
dae2g1m42tqs73au4ev0,ibm_fez,46,1926,none,64,2-,,5,3,8
dae2g1m42tqs73au4ev0,ibm_fez,46,1927,reset,90,1-,,6,2,8
dae2g1m42tqs73au4ev0,ibm_fez,46,1928,static,105,1+,,1,7,8
dae2g1m42tqs73au4ev0,ibm_fez,46,1929,correlated,64,2-,,4,4,8
dae2g1m42tqs73au4ev0,ibm_fez,46,1930,static,90,1+,,1,7,8
dae2g1m42tqs73au4ev0,ibm_fez,46,1931,none,127,2+,,3,5,8
dae2g1m42tqs73au4ev0,ibm_fez,46,1932,reset,127,2+,,1,7,8
dae2g1m42tqs73au4ev0,ibm_fez,46,1933,correlated,105,1+,,7,1,8
dae2g1m42tqs73au4ev0,ibm_fez,46,1934,correlated,122,1+,,7,1,8
dae2g1m42tqs73au4ev0,ibm_fez,46,1935,reset,33,1+,,1,7,8
dae2g1m42tqs73au4ev0,ibm_fez,46,1936,none,90,1-,,2,6,8
dae2g1m42tqs73au4ev0,ibm_fez,46,1937,correlated,90,1+,,1,7,8
dae2g1m42tqs73au4ev0,ibm_fez,46,1938,static,14,1-,,7,1,8
dae2g1m42tqs73au4ev0,ibm_fez,46,1939,static,14,1+,,2,6,8
dae2g1m42tqs73au4ev0,ibm_fez,46,1940,correlated,14,1-,,2,6,8
dae2g1m42tqs73au4ev0,ibm_fez,46,1941,none,100,1-,,4,4,8
dae2g1m42tqs73au4ev0,ibm_fez,46,1942,reset,64,2-,,1,7,8
dae2g1m42tqs73au4ev0,ibm_fez,46,1943,static,122,1-,,7,1,8
dae2g1m42tqs73au4ev0,ibm_fez,46,1944,none,90,1+,,5,3,8
dae2g1m42tqs73au4ev0,ibm_fez,46,1945,correlated,100,1+,,5,3,8
dae2g1m42tqs73au4ev0,ibm_fez,46,1946,correlated,100,1-,,2,6,8
dae2g1m42tqs73au4ev0,ibm_fez,46,1947,none,100,1+,,5,3,8
dae2g1m42tqs73au4ev0,ibm_fez,46,1948,none,64,2+,,4,4,8
dae2g1m42tqs73au4ev0,ibm_fez,46,1949,reset,90,1+,,1,7,8
dae2g1m42tqs73au4ev0,ibm_fez,46,1950,correlated,33,1+,,0,8,8
dae2g1m42tqs73au4ev0,ibm_fez,46,1951,correlated,46,2-,,0,8,8
dae2g1m42tqs73au4ev0,ibm_fez,46,1952,reset,33,1-,,8,0,8
dae2g1m42tqs73au4ev0,ibm_fez,46,1953,none,122,1+,,1,7,8
dae2g1m42tqs73au4ev0,ibm_fez,46,1954,reset,64,2+,,7,1,8
dae2g1m42tqs73au4ev0,ibm_fez,46,1955,none,105,1+,,3,5,8
dae2g1m42tqs73au4ev0,ibm_fez,46,1956,reset,122,1+,,6,2,8
dae2g1m42tqs73au4ev0,ibm_fez,46,1957,reset,46,2-,,5,3,8
dae2g1m42tqs73au4ev0,ibm_fez,46,1958,correlated,127,2+,,8,0,8
dae2g1m42tqs73au4ev0,ibm_fez,46,1959,none,14,1-,,2,6,8
dae2g1m42tqs73au4ev0,ibm_fez,46,1960,reset,14,1+,,7,1,8
dae2g1m42tqs73au4ev0,ibm_fez,46,1961,none,32,1-,,4,4,8
dae2g1m42tqs73au4ev0,ibm_fez,46,1962,reset,15,1-,,2,6,8
dae2g1m42tqs73au4ev0,ibm_fez,46,1963,none,73,2-,,6,2,8
dae2g1m42tqs73au4ev0,ibm_fez,46,1964,correlated,73,1+,,8,0,8
dae2g1m42tqs73au4ev0,ibm_fez,46,1965,none,88,2-,,3,5,8
dae2g1m42tqs73au4ev0,ibm_fez,46,1966,reset,82,2+,,6,2,8
dae2g1m42tqs73au4ev0,ibm_fez,46,1967,correlated,19,2+,,1,7,8
dae2g1m42tqs73au4ev0,ibm_fez,46,1968,correlated,88,2+,,1,7,8
dae2g1m42tqs73au4ev0,ibm_fez,46,1969,reset,118,1-,,7,1,8
dae2g1m42tqs73au4ev0,ibm_fez,46,1970,static,59,2+,,0,8,8
dae2g1m42tqs73au4ev0,ibm_fez,46,1971,none,48,1-,,5,3,8
dae2g1m42tqs73au4ev0,ibm_fez,46,1972,correlated,19,2-,,8,0,8
dae2g1m42tqs73au4ev0,ibm_fez,46,1973,static,15,1-,,7,1,8
dae2g1m42tqs73au4ev0,ibm_fez,46,1974,static,118,1-,,6,2,8
dae2g1m42tqs73au4ev0,ibm_fez,46,1975,reset,59,2-,,8,0,8
dae2g1m42tqs73au4ev0,ibm_fez,46,1976,correlated,17,2-,,4,4,8
dae2g1m42tqs73au4ev0,ibm_fez,46,1977,static,118,1+,,3,5,8
dae2g1m42tqs73au4ev0,ibm_fez,46,1978,none,37,1+,,4,4,8
dae2g1m42tqs73au4ev0,ibm_fez,46,1979,static,48,1+,,2,6,8
dae2g1m42tqs73au4ev0,ibm_fez,46,1980,static,15,1+,,1,7,8
dae2g1m42tqs73au4ev0,ibm_fez,46,1981,correlated,15,1-,,0,8,8
dae2g1m42tqs73au4ev0,ibm_fez,46,1982,static,73,1-,,8,0,8
dae2g1m42tqs73au4ev0,ibm_fez,46,1983,correlated,82,2+,,7,1,8
dae2g1m42tqs73au4ev0,ibm_fez,46,1984,correlated,48,1+,,6,2,8
dae2g1m42tqs73au4ev0,ibm_fez,46,1985,reset,73,2+,,2,6,8
dae2g1m42tqs73au4ev0,ibm_fez,46,1986,static,19,2+,,3,5,8
dae2g1m42tqs73au4ev0,ibm_fez,46,1987,reset,48,1+,,6,2,8
dae2g1m42tqs73au4ev0,ibm_fez,46,1988,reset,117,1-,,0,8,8
dae2g1m42tqs73au4ev0,ibm_fez,46,1989,reset,32,1+,,0,8,8
dae2g1m42tqs73au4ev0,ibm_fez,46,1990,static,88,2+,,1,7,8
dae2g1m42tqs73au4ev0,ibm_fez,46,1991,none,117,1-,,6,2,8
dae2g1m42tqs73au4ev0,ibm_fez,46,1992,static,29,1-,,5,3,8
dae2g1m42tqs73au4ev0,ibm_fez,46,1993,static,19,2-,,7,1,8
dae2g1m42tqs73au4ev0,ibm_fez,46,1994,correlated,73,1-,,0,8,8
dae2g1m42tqs73au4ev0,ibm_fez,46,1995,correlated,37,1-,,3,5,8
dae2g1m42tqs73au4ev0,ibm_fez,46,1996,none,73,1-,,4,4,8
dae2g1m42tqs73au4ev0,ibm_fez,46,1997,static,37,1-,,7,1,8
dae2g1m42tqs73au4ev0,ibm_fez,46,1998,static,17,2+,,0,8,8
dae2g1m42tqs73au4ev0,ibm_fez,46,1999,none,118,1+,,3,5,8
dae2g1m42tqs73au4ev0,ibm_fez,46,2000,correlated,82,2-,,0,8,8
dae2g1m42tqs73au4ev0,ibm_fez,46,2001,none,15,1-,,2,6,8
dae2g1m42tqs73au4ev0,ibm_fez,46,2002,static,32,1-,,7,1,8
dae2g1m42tqs73au4ev0,ibm_fez,46,2003,reset,48,1-,,3,5,8
dae2g1m42tqs73au4ev0,ibm_fez,46,2004,reset,17,2-,,7,1,8
dae2g1m42tqs73au4ev0,ibm_fez,46,2005,static,73,1+,,0,8,8
dae2g1m42tqs73au4ev0,ibm_fez,46,2006,none,82,2-,,3,5,8
dae2g1m42tqs73au4ev0,ibm_fez,46,2007,correlated,32,1-,,7,1,8
dae2g1m42tqs73au4ev0,ibm_fez,46,2008,reset,59,2+,,2,6,8
dae2g1m42tqs73au4ev0,ibm_fez,46,2009,correlated,73,2+,,6,2,8
dae2g1m42tqs73au4ev0,ibm_fez,46,2010,reset,19,2+,,4,4,8
dae2g1m42tqs73au4ev0,ibm_fez,46,2011,none,88,2+,,1,7,8
dae2g1m42tqs73au4ev0,ibm_fez,46,2012,correlated,59,2-,,7,1,8
dae2g1m42tqs73au4ev0,ibm_fez,46,2013,static,17,2-,,7,1,8
dae2g1m42tqs73au4ev0,ibm_fez,46,2014,correlated,29,1-,,7,1,8
dae2g1m42tqs73au4ev0,ibm_fez,46,2015,none,17,2+,,3,5,8
dae2g1m42tqs73au4ev0,ibm_fez,46,2016,correlated,117,1-,,1,7,8
dae2g1m42tqs73au4ev0,ibm_fez,46,2017,reset,73,2-,,6,2,8
dae2g1m42tqs73au4ev0,ibm_fez,46,2018,static,117,1-,,7,1,8
dae2g1m42tqs73au4ev0,ibm_fez,46,2019,reset,117,1+,,6,2,8
dae2g1m42tqs73au4ev0,ibm_fez,46,2020,correlated,17,2+,,0,8,8
dae2g1m42tqs73au4ev0,ibm_fez,46,2021,reset,37,1+,,7,1,8
dae2g1m42tqs73au4ev0,ibm_fez,46,2022,reset,37,1-,,1,7,8
dae2g1m42tqs73au4ev0,ibm_fez,46,2023,none,118,1-,,6,2,8
dae2g1m42tqs73au4ev0,ibm_fez,46,2024,correlated,117,1+,,7,1,8
dae2g1m42tqs73au4ev0,ibm_fez,46,2025,none,59,2-,,7,1,8
dae2g1m42tqs73au4ev0,ibm_fez,46,2026,static,32,1+,,1,7,8
dae2g1m42tqs73au4ev0,ibm_fez,46,2027,none,82,2+,,4,4,8
dae2g1m42tqs73au4ev0,ibm_fez,46,2028,none,48,1+,,4,4,8
dae2g1m42tqs73au4ev0,ibm_fez,46,2029,correlated,29,1+,,3,5,8
dae2g1m42tqs73au4ev0,ibm_fez,46,2030,none,19,2-,,4,4,8
dae2g1m42tqs73au4ev0,ibm_fez,46,2031,none,37,1-,,2,6,8
dae2g1m42tqs73au4ev0,ibm_fez,46,2032,none,59,2+,,4,4,8
dae2g1m42tqs73au4ev0,ibm_fez,46,2033,static,82,2-,,8,0,8
dae2g1m42tqs73au4ev0,ibm_fez,46,2034,correlated,32,1+,,0,8,8
dae2g1m42tqs73au4ev0,ibm_fez,46,2035,reset,17,2+,,1,7,8
dae2g1m42tqs73au4ev0,ibm_fez,46,2036,reset,29,1+,,2,6,8
dae2g1m42tqs73au4ev0,ibm_fez,46,2037,correlated,88,2-,,7,1,8
dae2g1m42tqs73au4ev0,ibm_fez,46,2038,reset,73,1-,,3,5,8
dae2g1m42tqs73au4ev0,ibm_fez,46,2039,reset,29,1-,,8,0,8
dae2g1m42tqs73au4ev0,ibm_fez,46,2040,static,117,1+,,1,7,8
dae2g1m42tqs73au4ev0,ibm_fez,46,2041,reset,118,1+,,0,8,8
dae2g1m42tqs73au4ev0,ibm_fez,46,2042,none,32,1+,,4,4,8
dae2g1m42tqs73au4ev0,ibm_fez,46,2043,static,82,2+,,1,7,8
dae2g1m42tqs73au4ev0,ibm_fez,46,2044,static,29,1+,,1,7,8
dae2g1m42tqs73au4ev0,ibm_fez,46,2045,reset,88,2-,,0,8,8
dae2g1m42tqs73au4ev0,ibm_fez,46,2046,static,48,1-,,7,1,8
dae2g1m42tqs73au4ev0,ibm_fez,46,2047,reset,19,2-,,0,8,8
dae2g1m42tqs73au4ev0,ibm_fez,46,2048,reset,82,2-,,3,5,8
dae2g1m42tqs73au4ev0,ibm_fez,46,2049,reset,15,1+,,7,1,8
dae2g1m42tqs73au4ev0,ibm_fez,46,2050,static,37,1+,,0,8,8
dae2g1m42tqs73au4ev0,ibm_fez,46,2051,reset,32,1-,,8,0,8
dae2g1m42tqs73au4ev0,ibm_fez,46,2052,static,88,2-,,7,1,8
dae2g1m42tqs73au4ev0,ibm_fez,46,2053,none,29,1-,,3,5,8
dae2g1m42tqs73au4ev0,ibm_fez,46,2054,none,19,2+,,6,2,8
dae2g1m42tqs73au4ev0,ibm_fez,46,2055,none,17,2-,,3,5,8
dae2g1m42tqs73au4ev0,ibm_fez,46,2056,none,73,1+,,3,5,8
dae2g1m42tqs73au4ev0,ibm_fez,46,2057,correlated,15,1+,,6,2,8
dae2g1m42tqs73au4ev0,ibm_fez,46,2058,correlated,73,2-,,1,7,8
dae2g1m42tqs73au4ev0,ibm_fez,46,2059,reset,88,2+,,7,1,8
dae2g1m42tqs73au4ev0,ibm_fez,46,2060,correlated,59,2+,,1,7,8
dae2g1m42tqs73au4ev0,ibm_fez,46,2061,correlated,48,1-,,2,6,8
dae2g1m42tqs73au4ev0,ibm_fez,46,2062,static,59,2-,,8,0,8
dae2g1m42tqs73au4ev0,ibm_fez,46,2063,static,73,2-,,8,0,8
dae2g1m42tqs73au4ev0,ibm_fez,46,2064,static,73,2+,,0,8,8
dae2g1m42tqs73au4ev0,ibm_fez,46,2065,none,29,1+,,5,3,8
dae2g1m42tqs73au4ev0,ibm_fez,46,2066,none,117,1+,,5,3,8
dae2g1m42tqs73au4ev0,ibm_fez,46,2067,correlated,118,1-,,6,2,8
dae2g1m42tqs73au4ev0,ibm_fez,46,2068,correlated,118,1+,,2,6,8
dae2g1m42tqs73au4ev0,ibm_fez,46,2069,none,15,1+,,5,3,8
dae2g1m42tqs73au4ev0,ibm_fez,46,2070,reset,73,1+,,6,2,8
dae2g1m42tqs73au4ev0,ibm_fez,46,2071,none,73,2+,,3,5,8
dae2g1m42tqs73au4ev0,ibm_fez,46,2072,correlated,37,1+,,7,1,8
dae2g1m42tqs73au4ev0,ibm_fez,46,2073,reset,95,--,,5,3,8
dae2g1m42tqs73au4ev0,ibm_fez,46,2074,correlated,95,-+,,3,5,8
dae2g1m42tqs73au4ev0,ibm_fez,46,2075,reset,95,+-,,6,2,8
dae2g1m42tqs73au4ev0,ibm_fez,46,2076,none,95,+-,,8,0,8
dae2g1m42tqs73au4ev0,ibm_fez,46,2077,reset,95,++,,3,5,8
dae2g1m42tqs73au4ev0,ibm_fez,46,2078,none,95,-+,,8,0,8
dae2g1m42tqs73au4ev0,ibm_fez,46,2079,correlated,95,+-,,7,1,8
dae2g1m42tqs73au4ev0,ibm_fez,46,2080,static,95,++,,4,4,8
dae2g1m42tqs73au4ev0,ibm_fez,46,2081,static,95,--,,4,4,8
dae2g1m42tqs73au4ev0,ibm_fez,46,2082,static,95,+-,,4,4,8
dae2g1m42tqs73au4ev0,ibm_fez,46,2083,none,95,++,,0,8,8
dae2g1m42tqs73au4ev0,ibm_fez,46,2084,correlated,95,--,,7,1,8
dae2g1m42tqs73au4ev0,ibm_fez,46,2085,none,95,--,,0,8,8
dae2g1m42tqs73au4ev0,ibm_fez,46,2086,static,95,-+,,3,5,8
dae2g1m42tqs73au4ev0,ibm_fez,46,2087,reset,95,-+,,6,2,8
dae2g1m42tqs73au4ev0,ibm_fez,46,2088,correlated,95,++,,2,6,8
dae2g1m42tqs73au4ev0,ibm_fez,46,2089,,,,0,8,0,8
dae2g1m42tqs73au4ev0,ibm_fez,46,2090,none,24,-+,,0,8,8
dae2g1m42tqs73au4ev0,ibm_fez,46,2091,static,36,+-,,1,7,8
dae2g1m42tqs73au4ev0,ibm_fez,46,2092,correlated,36,+-,,0,8,8
dae2g1m42tqs73au4ev0,ibm_fez,46,2093,static,24,+-,,0,8,8
dae2g1m42tqs73au4ev0,ibm_fez,46,2094,correlated,24,-+,,0,8,8
dae2g1m42tqs73au4ev0,ibm_fez,46,2095,none,24,--,,8,0,8
dae2g1m42tqs73au4ev0,ibm_fez,46,2096,correlated,36,--,,8,0,8
dae2g1m42tqs73au4ev0,ibm_fez,46,2097,none,36,++,,8,0,8
dae2g1m42tqs73au4ev0,ibm_fez,46,2098,reset,36,+-,,0,8,8
dae2g1m42tqs73au4ev0,ibm_fez,46,2099,correlated,24,+-,,1,7,8
dae2g1m42tqs73au4ev0,ibm_fez,46,2100,reset,24,+-,,5,3,8
dae2g1m42tqs73au4ev0,ibm_fez,46,2101,correlated,24,++,,8,0,8
dae2g1m42tqs73au4ev0,ibm_fez,46,2102,reset,24,++,,4,4,8
dae2g1m42tqs73au4ev0,ibm_fez,46,2103,static,24,++,,8,0,8
dae2g1m42tqs73au4ev0,ibm_fez,46,2104,static,36,++,,7,1,8
dae2g1m42tqs73au4ev0,ibm_fez,46,2105,none,36,-+,,0,8,8
dae2g1m42tqs73au4ev0,ibm_fez,46,2106,static,24,-+,,0,8,8
dae2g1m42tqs73au4ev0,ibm_fez,46,2107,reset,36,++,,8,0,8
dae2g1m42tqs73au4ev0,ibm_fez,46,2108,static,36,--,,8,0,8
dae2g1m42tqs73au4ev0,ibm_fez,46,2109,reset,36,-+,,0,8,8
dae2g1m42tqs73au4ev0,ibm_fez,46,2110,none,36,+-,,0,8,8
dae2g1m42tqs73au4ev0,ibm_fez,46,2111,static,24,--,,8,0,8
dae2g1m42tqs73au4ev0,ibm_fez,46,2112,correlated,24,--,,8,0,8
dae2g1m42tqs73au4ev0,ibm_fez,46,2113,static,36,-+,,0,8,8
dae2g1m42tqs73au4ev0,ibm_fez,46,2114,none,24,++,,8,0,8
dae2g1m42tqs73au4ev0,ibm_fez,46,2115,reset,24,-+,,7,1,8
dae2g1m42tqs73au4ev0,ibm_fez,46,2116,reset,36,--,,8,0,8
dae2g1m42tqs73au4ev0,ibm_fez,46,2117,none,36,--,,8,0,8
dae2g1m42tqs73au4ev0,ibm_fez,46,2118,none,24,+-,,0,8,8
dae2g1m42tqs73au4ev0,ibm_fez,46,2119,correlated,36,++,,8,0,8
dae2g1m42tqs73au4ev0,ibm_fez,46,2120,reset,24,--,,4,4,8
dae2g1m42tqs73au4ev0,ibm_fez,46,2121,correlated,36,-+,,0,8,8
dae2g1m42tqs73au4ev0,ibm_fez,46,2122,,,,1,0,8,8
dae2g1m42tqs73au4ev0,ibm_fez,46,2123,,,,0,8,0,8
dae2g1m42tqs73au4ev0,ibm_fez,46,2124,,,,0,8,0,8
dae2g1m42tqs73au4ev0,ibm_fez,46,2125,,,,1,0,8,8
dae2g1m42tqs73au4ev0,ibm_fez,46,2126,,,,0,7,1,8
dae2g1m42tqs73au4ev0,ibm_fez,46,2127,static,3,++,,8,0,8
dae2g1m42tqs73au4ev0,ibm_fez,46,2128,none,3,++,,8,0,8
dae2g1m42tqs73au4ev0,ibm_fez,46,2129,none,3,-+,,0,8,8
dae2g1m42tqs73au4ev0,ibm_fez,46,2130,reset,3,-+,,0,8,8
dae2g1m42tqs73au4ev0,ibm_fez,46,2131,static,3,--,,8,0,8
dae2g1m42tqs73au4ev0,ibm_fez,46,2132,correlated,3,++,,8,0,8
dae2g1m42tqs73au4ev0,ibm_fez,46,2133,static,3,-+,,0,8,8
dae2g1m42tqs73au4ev0,ibm_fez,46,2134,correlated,3,--,,8,0,8
dae2g1m42tqs73au4ev0,ibm_fez,46,2135,none,3,+-,,0,8,8
dae2g1m42tqs73au4ev0,ibm_fez,46,2136,correlated,3,+-,,1,7,8
dae2g1m42tqs73au4ev0,ibm_fez,46,2137,reset,3,+-,,0,8,8
dae2g1m42tqs73au4ev0,ibm_fez,46,2138,none,3,--,,8,0,8
dae2g1m42tqs73au4ev0,ibm_fez,46,2139,reset,3,++,,8,0,8
dae2g1m42tqs73au4ev0,ibm_fez,46,2140,reset,3,--,,8,0,8
dae2g1m42tqs73au4ev0,ibm_fez,46,2141,static,3,+-,,1,7,8
dae2g1m42tqs73au4ev0,ibm_fez,46,2142,correlated,3,-+,,0,8,8
dae2g1m42tqs73au4ev0,ibm_fez,46,2143,static,116,--,,6,2,8
dae2g1m42tqs73au4ev0,ibm_fez,46,2144,static,116,++,,2,6,8
dae2g1m42tqs73au4ev0,ibm_fez,46,2145,reset,116,-+,,6,2,8
dae2g1m42tqs73au4ev0,ibm_fez,46,2146,correlated,116,--,,1,7,8
dae2g1m42tqs73au4ev0,ibm_fez,46,2147,static,116,+-,,6,2,8
dae2g1m42tqs73au4ev0,ibm_fez,46,2148,none,116,+-,,2,6,8
dae2g1m42tqs73au4ev0,ibm_fez,46,2149,none,116,-+,,2,6,8
dae2g1m42tqs73au4ev0,ibm_fez,46,2150,reset,116,++,,8,0,8
dae2g1m42tqs73au4ev0,ibm_fez,46,2151,correlated,116,++,,7,1,8
dae2g1m42tqs73au4ev0,ibm_fez,46,2152,reset,116,+-,,1,7,8
dae2g1m42tqs73au4ev0,ibm_fez,46,2153,reset,116,--,,3,5,8
dae2g1m42tqs73au4ev0,ibm_fez,46,2154,correlated,116,+-,,3,5,8
dae2g1m42tqs73au4ev0,ibm_fez,46,2155,static,116,-+,,0,8,8
dae2g1m42tqs73au4ev0,ibm_fez,46,2156,none,116,--,,2,6,8
dae2g1m42tqs73au4ev0,ibm_fez,46,2157,none,116,++,,5,3,8
dae2g1m42tqs73au4ev0,ibm_fez,46,2158,correlated,116,-+,,6,2,8
dae2g1m42tqs73au4ev0,ibm_fez,46,2159,static,70,+-,,4,4,8
dae2g1m42tqs73au4ev0,ibm_fez,46,2160,reset,70,--,,1,7,8
dae2g1m42tqs73au4ev0,ibm_fez,46,2161,none,70,++,,5,3,8
dae2g1m42tqs73au4ev0,ibm_fez,46,2162,reset,70,++,,1,7,8
dae2g1m42tqs73au4ev0,ibm_fez,46,2163,static,70,-+,,1,7,8
dae2g1m42tqs73au4ev0,ibm_fez,46,2164,static,70,++,,6,2,8
dae2g1m42tqs73au4ev0,ibm_fez,46,2165,none,70,-+,,6,2,8
dae2g1m42tqs73au4ev0,ibm_fez,46,2166,none,70,+-,,5,3,8
dae2g1m42tqs73au4ev0,ibm_fez,46,2167,reset,70,-+,,7,1,8
dae2g1m42tqs73au4ev0,ibm_fez,46,2168,reset,70,+-,,5,3,8
dae2g1m42tqs73au4ev0,ibm_fez,46,2169,correlated,70,+-,,3,5,8
dae2g1m42tqs73au4ev0,ibm_fez,46,2170,correlated,70,++,,6,2,8
dae2g1m42tqs73au4ev0,ibm_fez,46,2171,static,70,--,,6,2,8
dae2g1m42tqs73au4ev0,ibm_fez,46,2172,none,70,--,,6,2,8
dae2g1m42tqs73au4ev0,ibm_fez,46,2173,correlated,70,--,,7,1,8
dae2g1m42tqs73au4ev0,ibm_fez,46,2174,correlated,70,-+,,0,8,8
dae2g1m42tqs73au4ev0,ibm_fez,46,2175,,,,0,8,0,8
dae2g1m42tqs73au4ev0,ibm_fez,46,2176,correlated,69,-+,,3,5,8
dae2g1m42tqs73au4ev0,ibm_fez,46,2177,static,69,++,,0,8,8
dae2g1m42tqs73au4ev0,ibm_fez,46,2178,reset,69,-+,,2,6,8
dae2g1m42tqs73au4ev0,ibm_fez,46,2179,correlated,69,--,,2,6,8
dae2g1m42tqs73au4ev0,ibm_fez,46,2180,reset,69,--,,2,6,8
dae2g1m42tqs73au4ev0,ibm_fez,46,2181,none,69,++,,4,4,8
dae2g1m42tqs73au4ev0,ibm_fez,46,2182,reset,69,++,,8,0,8
dae2g1m42tqs73au4ev0,ibm_fez,46,2183,static,69,--,,7,1,8
dae2g1m42tqs73au4ev0,ibm_fez,46,2184,none,69,--,,4,4,8
dae2g1m42tqs73au4ev0,ibm_fez,46,2185,none,69,+-,,7,1,8
dae2g1m42tqs73au4ev0,ibm_fez,46,2186,correlated,69,+-,,5,3,8
dae2g1m42tqs73au4ev0,ibm_fez,46,2187,reset,69,+-,,5,3,8
dae2g1m42tqs73au4ev0,ibm_fez,46,2188,static,69,-+,,8,0,8
dae2g1m42tqs73au4ev0,ibm_fez,46,2189,correlated,69,++,,7,1,8
dae2g1m42tqs73au4ev0,ibm_fez,46,2190,static,69,+-,,1,7,8
dae2g1m42tqs73au4ev0,ibm_fez,46,2191,none,69,-+,,5,3,8
dae2g1m42tqs73au4ev0,ibm_fez,46,2192,,,,0,8,0,8
dae2g1m42tqs73au4ev0,ibm_fez,46,2193,reset,39,-+,,1,7,8
dae2g1m42tqs73au4ev0,ibm_fez,46,2194,static,39,--,,8,0,8
dae2g1m42tqs73au4ev0,ibm_fez,46,2195,correlated,39,--,,0,8,8
dae2g1m42tqs73au4ev0,ibm_fez,46,2196,static,39,+-,,2,6,8
dae2g1m42tqs73au4ev0,ibm_fez,46,2197,reset,39,+-,,7,1,8
dae2g1m42tqs73au4ev0,ibm_fez,46,2198,reset,39,--,,1,7,8
dae2g1m42tqs73au4ev0,ibm_fez,46,2199,static,39,-+,,8,0,8
dae2g1m42tqs73au4ev0,ibm_fez,46,2200,none,39,+-,,2,6,8
dae2g1m42tqs73au4ev0,ibm_fez,46,2201,correlated,39,-+,,1,7,8
dae2g1m42tqs73au4ev0,ibm_fez,46,2202,correlated,39,++,,7,1,8
dae2g1m42tqs73au4ev0,ibm_fez,46,2203,none,39,-+,,4,4,8
dae2g1m42tqs73au4ev0,ibm_fez,46,2204,none,39,++,,4,4,8
dae2g1m42tqs73au4ev0,ibm_fez,46,2205,none,39,--,,6,2,8
dae2g1m42tqs73au4ev0,ibm_fez,46,2206,static,39,++,,1,7,8
dae2g1m42tqs73au4ev0,ibm_fez,46,2207,reset,39,++,,8,0,8
dae2g1m42tqs73au4ev0,ibm_fez,46,2208,correlated,39,+-,,6,2,8
dae2g1m42tqs73au4ev0,ibm_fez,46,2209,,,,1,0,8,8
dae2g1m42tqs73au4ev0,ibm_fez,46,2210,correlated,79,++,,8,0,8
dae2g1m42tqs73au4ev0,ibm_fez,46,2211,static,79,+-,,8,0,8
dae2g1m42tqs73au4ev0,ibm_fez,46,2212,correlated,79,--,,8,0,8
dae2g1m42tqs73au4ev0,ibm_fez,46,2213,none,79,++,,8,0,8
dae2g1m42tqs73au4ev0,ibm_fez,46,2214,static,79,++,,7,1,8
dae2g1m42tqs73au4ev0,ibm_fez,46,2215,correlated,79,+-,,8,0,8
dae2g1m42tqs73au4ev0,ibm_fez,46,2216,static,79,-+,,8,0,8
dae2g1m42tqs73au4ev0,ibm_fez,46,2217,static,79,--,,8,0,8
dae2g1m42tqs73au4ev0,ibm_fez,46,2218,none,79,+-,,8,0,8
dae2g1m42tqs73au4ev0,ibm_fez,46,2219,reset,79,--,,8,0,8
dae2g1m42tqs73au4ev0,ibm_fez,46,2220,reset,79,-+,,8,0,8
dae2g1m42tqs73au4ev0,ibm_fez,46,2221,correlated,79,-+,,8,0,8
dae2g1m42tqs73au4ev0,ibm_fez,46,2222,none,79,--,,8,0,8
dae2g1m42tqs73au4ev0,ibm_fez,46,2223,reset,79,+-,,8,0,8
dae2g1m42tqs73au4ev0,ibm_fez,46,2224,none,79,-+,,7,1,8
dae2g1m42tqs73au4ev0,ibm_fez,46,2225,reset,79,++,,8,0,8
dae2g1m42tqs73au4ev0,ibm_fez,46,2226,none,113,--,,4,4,8
dae2g1m42tqs73au4ev0,ibm_fez,46,2227,none,113,+-,,6,2,8
dae2g1m42tqs73au4ev0,ibm_fez,46,2228,reset,113,+-,,2,6,8
dae2g1m42tqs73au4ev0,ibm_fez,46,2229,none,113,-+,,4,4,8
dae2g1m42tqs73au4ev0,ibm_fez,46,2230,correlated,113,++,,1,7,8
dae2g1m42tqs73au4ev0,ibm_fez,46,2231,correlated,113,+-,,8,0,8
dae2g1m42tqs73au4ev0,ibm_fez,46,2232,reset,113,++,,7,1,8
dae2g1m42tqs73au4ev0,ibm_fez,46,2233,static,113,--,,7,1,8
dae2g1m42tqs73au4ev0,ibm_fez,46,2234,correlated,113,--,,6,2,8
dae2g1m42tqs73au4ev0,ibm_fez,46,2235,reset,113,-+,,6,2,8
dae2g1m42tqs73au4ev0,ibm_fez,46,2236,static,113,+-,,6,2,8
dae2g1m42tqs73au4ev0,ibm_fez,46,2237,static,113,-+,,3,5,8
dae2g1m42tqs73au4ev0,ibm_fez,46,2238,reset,113,--,,1,7,8
dae2g1m42tqs73au4ev0,ibm_fez,46,2239,static,113,++,,1,7,8
dae2g1m42tqs73au4ev0,ibm_fez,46,2240,none,113,++,,5,3,8
dae2g1m42tqs73au4ev0,ibm_fez,46,2241,correlated,113,-+,,4,4,8
dae2g1m42tqs73au4ev0,ibm_fez,46,2242,,,,1,0,8,8
dae2g1m42tqs73au4ev0,ibm_fez,46,2243,none,90,+-,,4,4,8
dae2g1m42tqs73au4ev0,ibm_fez,46,2244,reset,90,++,,1,7,8
dae2g1m42tqs73au4ev0,ibm_fez,46,2245,correlated,90,++,,0,8,8
dae2g1m42tqs73au4ev0,ibm_fez,46,2246,reset,90,+-,,2,6,8
dae2g1m42tqs73au4ev0,ibm_fez,46,2247,static,90,+-,,0,8,8
dae2g1m42tqs73au4ev0,ibm_fez,46,2248,none,90,++,,5,3,8
dae2g1m42tqs73au4ev0,ibm_fez,46,2249,correlated,90,--,,7,1,8
dae2g1m42tqs73au4ev0,ibm_fez,46,2250,static,90,-+,,6,2,8
dae2g1m42tqs73au4ev0,ibm_fez,46,2251,none,90,--,,5,3,8
dae2g1m42tqs73au4ev0,ibm_fez,46,2252,static,90,++,,3,5,8
dae2g1m42tqs73au4ev0,ibm_fez,46,2253,correlated,90,-+,,4,4,8
dae2g1m42tqs73au4ev0,ibm_fez,46,2254,none,90,-+,,3,5,8
dae2g1m42tqs73au4ev0,ibm_fez,46,2255,reset,90,--,,8,0,8
dae2g1m42tqs73au4ev0,ibm_fez,46,2256,correlated,90,+-,,0,8,8
dae2g1m42tqs73au4ev0,ibm_fez,46,2257,static,90,--,,6,2,8
dae2g1m42tqs73au4ev0,ibm_fez,46,2258,reset,90,-+,,6,2,8
dae2g1m42tqs73au4ev0,ibm_fez,46,2259,none,7,++,,6,2,8
dae2g1m42tqs73au4ev0,ibm_fez,46,2260,correlated,7,++,,6,2,8
dae2g1m42tqs73au4ev0,ibm_fez,46,2261,none,7,+-,,4,4,8
dae2g1m42tqs73au4ev0,ibm_fez,46,2262,none,7,-+,,6,2,8
dae2g1m42tqs73au4ev0,ibm_fez,46,2263,static,7,-+,,2,6,8
dae2g1m42tqs73au4ev0,ibm_fez,46,2264,correlated,7,--,,7,1,8
dae2g1m42tqs73au4ev0,ibm_fez,46,2265,correlated,7,-+,,2,6,8
dae2g1m42tqs73au4ev0,ibm_fez,46,2266,reset,7,-+,,4,4,8
dae2g1m42tqs73au4ev0,ibm_fez,46,2267,reset,7,+-,,2,6,8
dae2g1m42tqs73au4ev0,ibm_fez,46,2268,correlated,7,+-,,0,8,8
dae2g1m42tqs73au4ev0,ibm_fez,46,2269,reset,7,++,,7,1,8
dae2g1m42tqs73au4ev0,ibm_fez,46,2270,static,7,+-,,2,6,8
dae2g1m42tqs73au4ev0,ibm_fez,46,2271,none,7,--,,4,4,8
dae2g1m42tqs73au4ev0,ibm_fez,46,2272,static,7,++,,6,2,8
dae2g1m42tqs73au4ev0,ibm_fez,46,2273,static,7,--,,6,2,8
dae2g1m42tqs73au4ev0,ibm_fez,46,2274,reset,7,--,,6,2,8
dae2g1m42tqs73au4ev0,ibm_fez,46,2275,,,,0,8,0,8
dae2g1m42tqs73au4ev0,ibm_fez,46,2276,,,,0,8,0,8
dae2g1m42tqs73au4ev0,ibm_fez,46,2277,static,25,++,,5,3,8
dae2g1m42tqs73au4ev0,ibm_fez,46,2278,none,25,--,,0,8,8
dae2g1m42tqs73au4ev0,ibm_fez,46,2279,none,25,-+,,8,0,8
dae2g1m42tqs73au4ev0,ibm_fez,46,2280,reset,25,--,,0,8,8
dae2g1m42tqs73au4ev0,ibm_fez,46,2281,correlated,25,+-,,2,6,8
dae2g1m42tqs73au4ev0,ibm_fez,46,2282,correlated,25,++,,4,4,8
dae2g1m42tqs73au4ev0,ibm_fez,46,2283,reset,25,-+,,8,0,8
dae2g1m42tqs73au4ev0,ibm_fez,46,2284,static,25,-+,,3,5,8
dae2g1m42tqs73au4ev0,ibm_fez,46,2285,none,25,++,,0,8,8
dae2g1m42tqs73au4ev0,ibm_fez,46,2286,correlated,25,-+,,2,6,8
dae2g1m42tqs73au4ev0,ibm_fez,46,2287,reset,25,++,,0,8,8
dae2g1m42tqs73au4ev0,ibm_fez,46,2288,static,25,+-,,7,1,8
dae2g1m42tqs73au4ev0,ibm_fez,46,2289,correlated,25,--,,4,4,8
dae2g1m42tqs73au4ev0,ibm_fez,46,2290,none,25,+-,,7,1,8
dae2g1m42tqs73au4ev0,ibm_fez,46,2291,static,25,--,,5,3,8
dae2g1m42tqs73au4ev0,ibm_fez,46,2292,reset,25,+-,,8,0,8
dae2g1m42tqs73au4ev0,ibm_fez,46,2293,,,,1,0,8,8
dae2g1m42tqs73au4ev0,ibm_fez,46,2294,,,,1,0,8,8
dae2g1m42tqs73au4ev0,ibm_fez,46,2295,reset,36,2+,,8,0,8
dae2g1m42tqs73au4ev0,ibm_fez,46,2296,reset,14,2-,,8,0,8
dae2g1m42tqs73au4ev0,ibm_fez,46,2297,static,77,2+,,8,0,8
dae2g1m42tqs73au4ev0,ibm_fez,46,2298,none,66,2-,,8,0,8
dae2g1m42tqs73au4ev0,ibm_fez,46,2299,correlated,0,1-,,8,0,8
dae2g1m42tqs73au4ev0,ibm_fez,46,2300,none,101,2-,,8,0,8
dae2g1m42tqs73au4ev0,ibm_fez,46,2301,none,113,1+,,7,1,8
dae2g1m42tqs73au4ev0,ibm_fez,46,2302,reset,3,2+,,7,1,8
dae2g1m42tqs73au4ev0,ibm_fez,46,2303,reset,101,2+,,8,0,8
dae2g1m42tqs73au4ev0,ibm_fez,46,2304,none,28,2+,,8,0,8
dae2g1m42tqs73au4ev0,ibm_fez,46,2305,static,101,2-,,8,0,8
dae2g1m42tqs73au4ev0,ibm_fez,46,2306,static,24,2-,,8,0,8
dae2g1m42tqs73au4ev0,ibm_fez,46,2307,correlated,99,1+,,8,0,8
dae2g1m42tqs73au4ev0,ibm_fez,46,2308,reset,99,1-,,8,0,8
dae2g1m42tqs73au4ev0,ibm_fez,46,2309,none,77,2-,,8,0,8
dae2g1m42tqs73au4ev0,ibm_fez,46,2310,static,3,2+,,8,0,8
dae2g1m42tqs73au4ev0,ibm_fez,46,2311,correlated,113,1+,,8,0,8
dae2g1m42tqs73au4ev0,ibm_fez,46,2312,none,66,2+,,8,0,8
dae2g1m42tqs73au4ev0,ibm_fez,46,2313,reset,99,1+,,8,0,8
dae2g1m42tqs73au4ev0,ibm_fez,46,2314,static,113,1+,,8,0,8
dae2g1m42tqs73au4ev0,ibm_fez,46,2315,correlated,60,1-,,8,0,8
dae2g1m42tqs73au4ev0,ibm_fez,46,2316,reset,0,1+,,8,0,8
dae2g1m42tqs73au4ev0,ibm_fez,46,2317,correlated,94,2+,,8,0,8
dae2g1m42tqs73au4ev0,ibm_fez,46,2318,static,28,2-,,8,0,8
dae2g1m42tqs73au4ev0,ibm_fez,46,2319,reset,3,2-,,8,0,8
dae2g1m42tqs73au4ev0,ibm_fez,46,2320,static,113,1-,,8,0,8
dae2g1m42tqs73au4ev0,ibm_fez,46,2321,correlated,14,2+,,7,1,8
dae2g1m42tqs73au4ev0,ibm_fez,46,2322,correlated,126,1+,,8,0,8
dae2g1m42tqs73au4ev0,ibm_fez,46,2323,correlated,99,1-,,8,0,8
dae2g1m42tqs73au4ev0,ibm_fez,46,2324,none,28,2-,,8,0,8
dae2g1m42tqs73au4ev0,ibm_fez,46,2325,none,0,1+,,8,0,8
dae2g1m42tqs73au4ev0,ibm_fez,46,2326,correlated,101,2+,,8,0,8
dae2g1m42tqs73au4ev0,ibm_fez,46,2327,none,24,2-,,8,0,8
dae2g1m42tqs73au4ev0,ibm_fez,46,2328,reset,101,2-,,8,0,8
dae2g1m42tqs73au4ev0,ibm_fez,46,2329,static,36,2+,,8,0,8
dae2g1m42tqs73au4ev0,ibm_fez,46,2330,none,126,1-,,8,0,8
dae2g1m42tqs73au4ev0,ibm_fez,46,2331,reset,60,1-,,8,0,8
dae2g1m42tqs73au4ev0,ibm_fez,46,2332,none,0,1-,,8,0,8
dae2g1m42tqs73au4ev0,ibm_fez,46,2333,reset,66,2-,,8,0,8
dae2g1m42tqs73au4ev0,ibm_fez,46,2334,correlated,77,2+,,8,0,8
dae2g1m42tqs73au4ev0,ibm_fez,46,2335,none,94,2+,,8,0,8
dae2g1m42tqs73au4ev0,ibm_fez,46,2336,correlated,28,2+,,8,0,8
dae2g1m42tqs73au4ev0,ibm_fez,46,2337,reset,77,2-,,8,0,8
dae2g1m42tqs73au4ev0,ibm_fez,46,2338,reset,113,1-,,8,0,8
dae2g1m42tqs73au4ev0,ibm_fez,46,2339,correlated,126,1-,,8,0,8
dae2g1m42tqs73au4ev0,ibm_fez,46,2340,static,126,1-,,7,1,8
dae2g1m42tqs73au4ev0,ibm_fez,46,2341,none,36,2+,,8,0,8
dae2g1m42tqs73au4ev0,ibm_fez,46,2342,static,60,1+,,8,0,8
dae2g1m42tqs73au4ev0,ibm_fez,46,2343,correlated,36,2+,,8,0,8
dae2g1m42tqs73au4ev0,ibm_fez,46,2344,static,126,1+,,8,0,8
dae2g1m42tqs73au4ev0,ibm_fez,46,2345,static,66,2-,,8,0,8
dae2g1m42tqs73au4ev0,ibm_fez,46,2346,reset,126,1-,,8,0,8
dae2g1m42tqs73au4ev0,ibm_fez,46,2347,none,14,2-,,8,0,8
dae2g1m42tqs73au4ev0,ibm_fez,46,2348,correlated,49,2+,,7,1,8
dae2g1m42tqs73au4ev0,ibm_fez,46,2349,correlated,101,2-,,8,0,8
dae2g1m42tqs73au4ev0,ibm_fez,46,2350,reset,60,1+,,8,0,8
dae2g1m42tqs73au4ev0,ibm_fez,46,2351,correlated,14,2-,,8,0,8
dae2g1m42tqs73au4ev0,ibm_fez,46,2352,reset,94,2-,,8,0,8
dae2g1m42tqs73au4ev0,ibm_fez,46,2353,static,60,1-,,8,0,8
dae2g1m42tqs73au4ev0,ibm_fez,46,2354,static,36,2-,,8,0,8
dae2g1m42tqs73au4ev0,ibm_fez,46,2355,reset,126,1+,,8,0,8
dae2g1m42tqs73au4ev0,ibm_fez,46,2356,none,49,2-,,8,0,8
dae2g1m42tqs73au4ev0,ibm_fez,46,2357,reset,28,2+,,8,0,8
dae2g1m42tqs73au4ev0,ibm_fez,46,2358,correlated,3,2-,,8,0,8
dae2g1m42tqs73au4ev0,ibm_fez,46,2359,reset,14,2+,,8,0,8
dae2g1m42tqs73au4ev0,ibm_fez,46,2360,reset,113,1+,,8,0,8
dae2g1m42tqs73au4ev0,ibm_fez,46,2361,static,94,2+,,8,0,8
dae2g1m42tqs73au4ev0,ibm_fez,46,2362,static,14,2-,,8,0,8
dae2g1m42tqs73au4ev0,ibm_fez,46,2363,none,126,1+,,8,0,8
dae2g1m42tqs73au4ev0,ibm_fez,46,2364,reset,28,2-,,8,0,8
dae2g1m42tqs73au4ev0,ibm_fez,46,2365,none,99,1-,,8,0,8
dae2g1m42tqs73au4ev0,ibm_fez,46,2366,static,0,1+,,8,0,8
dae2g1m42tqs73au4ev0,ibm_fez,46,2367,reset,77,2+,,8,0,8
dae2g1m42tqs73au4ev0,ibm_fez,46,2368,none,77,2+,,8,0,8
dae2g1m42tqs73au4ev0,ibm_fez,46,2369,static,49,2+,,7,1,8
dae2g1m42tqs73au4ev0,ibm_fez,46,2370,reset,0,1-,,8,0,8
dae2g1m42tqs73au4ev0,ibm_fez,46,2371,reset,66,2+,,8,0,8
dae2g1m42tqs73au4ev0,ibm_fez,46,2372,correlated,36,2-,,7,1,8
dae2g1m42tqs73au4ev0,ibm_fez,46,2373,correlated,24,2+,,8,0,8
dae2g1m42tqs73au4ev0,ibm_fez,46,2374,static,28,2+,,8,0,8
dae2g1m42tqs73au4ev0,ibm_fez,46,2375,none,99,1+,,8,0,8
dae2g1m42tqs73au4ev0,ibm_fez,46,2376,reset,24,2+,,8,0,8
dae2g1m42tqs73au4ev0,ibm_fez,46,2377,correlated,77,2-,,8,0,8
dae2g1m42tqs73au4ev0,ibm_fez,46,2378,none,60,1-,,8,0,8
dae2g1m42tqs73au4ev0,ibm_fez,46,2379,none,60,1+,,8,0,8
dae2g1m42tqs73au4ev0,ibm_fez,46,2380,correlated,3,2+,,8,0,8
dae2g1m42tqs73au4ev0,ibm_fez,46,2381,reset,49,2+,,8,0,8
dae2g1m42tqs73au4ev0,ibm_fez,46,2382,correlated,66,2-,,8,0,8
dae2g1m42tqs73au4ev0,ibm_fez,46,2383,static,77,2-,,7,1,8
dae2g1m42tqs73au4ev0,ibm_fez,46,2384,static,66,2+,,8,0,8
dae2g1m42tqs73au4ev0,ibm_fez,46,2385,none,3,2+,,7,1,8
dae2g1m42tqs73au4ev0,ibm_fez,46,2386,correlated,28,2-,,8,0,8
dae2g1m42tqs73au4ev0,ibm_fez,46,2387,static,99,1+,,8,0,8
dae2g1m42tqs73au4ev0,ibm_fez,46,2388,correlated,49,2-,,8,0,8
dae2g1m42tqs73au4ev0,ibm_fez,46,2389,static,0,1-,,7,1,8
dae2g1m42tqs73au4ev0,ibm_fez,46,2390,reset,36,2-,,8,0,8
dae2g1m42tqs73au4ev0,ibm_fez,46,2391,reset,49,2-,,8,0,8
dae2g1m42tqs73au4ev0,ibm_fez,46,2392,correlated,24,2-,,8,0,8
dae2g1m42tqs73au4ev0,ibm_fez,46,2393,none,101,2+,,8,0,8
dae2g1m42tqs73au4ev0,ibm_fez,46,2394,static,101,2+,,7,1,8
dae2g1m42tqs73au4ev0,ibm_fez,46,2395,static,94,2-,,8,0,8
dae2g1m42tqs73au4ev0,ibm_fez,46,2396,reset,94,2+,,8,0,8
dae2g1m42tqs73au4ev0,ibm_fez,46,2397,correlated,113,1-,,8,0,8
dae2g1m42tqs73au4ev0,ibm_fez,46,2398,static,49,2-,,7,1,8
dae2g1m42tqs73au4ev0,ibm_fez,46,2399,none,113,1-,,8,0,8
dae2g1m42tqs73au4ev0,ibm_fez,46,2400,none,3,2-,,8,0,8
dae2g1m42tqs73au4ev0,ibm_fez,46,2401,none,14,2+,,8,0,8
dae2g1m42tqs73au4ev0,ibm_fez,46,2402,correlated,0,1+,,8,0,8
dae2g1m42tqs73au4ev0,ibm_fez,46,2403,none,94,2-,,8,0,8
dae2g1m42tqs73au4ev0,ibm_fez,46,2404,correlated,60,1+,,8,0,8
dae2g1m42tqs73au4ev0,ibm_fez,46,2405,correlated,66,2+,,7,1,8
dae2g1m42tqs73au4ev0,ibm_fez,46,2406,static,14,2+,,8,0,8
dae2g1m42tqs73au4ev0,ibm_fez,46,2407,none,36,2-,,8,0,8
dae2g1m42tqs73au4ev0,ibm_fez,46,2408,static,24,2+,,8,0,8
dae2g1m42tqs73au4ev0,ibm_fez,46,2409,none,24,2+,,8,0,8
dae2g1m42tqs73au4ev0,ibm_fez,46,2410,correlated,94,2-,,8,0,8
dae2g1m42tqs73au4ev0,ibm_fez,46,2411,reset,24,2-,,8,0,8
dae2g1m42tqs73au4ev0,ibm_fez,46,2412,static,99,1-,,8,0,8
dae2g1m42tqs73au4ev0,ibm_fez,46,2413,none,49,2+,,8,0,8
dae2g1m42tqs73au4ev0,ibm_fez,46,2414,static,3,2-,,8,0,8
dae2g1m42tqs73au4ev0,ibm_fez,46,2415,correlated,61,--,,8,0,8
dae2g1m42tqs73au4ev0,ibm_fez,46,2416,none,61,--,,8,0,8
dae2g1m42tqs73au4ev0,ibm_fez,46,2417,none,61,+-,,0,8,8
dae2g1m42tqs73au4ev0,ibm_fez,46,2418,static,61,-+,,0,8,8
dae2g1m42tqs73au4ev0,ibm_fez,46,2419,correlated,61,-+,,1,7,8
dae2g1m42tqs73au4ev0,ibm_fez,46,2420,static,61,--,,8,0,8
dae2g1m42tqs73au4ev0,ibm_fez,46,2421,none,61,-+,,0,8,8
dae2g1m42tqs73au4ev0,ibm_fez,46,2422,reset,61,--,,3,5,8
dae2g1m42tqs73au4ev0,ibm_fez,46,2423,static,61,++,,8,0,8
dae2g1m42tqs73au4ev0,ibm_fez,46,2424,correlated,61,+-,,1,7,8
dae2g1m42tqs73au4ev0,ibm_fez,46,2425,reset,61,-+,,5,3,8
dae2g1m42tqs73au4ev0,ibm_fez,46,2426,reset,61,++,,4,4,8
dae2g1m42tqs73au4ev0,ibm_fez,46,2427,none,61,++,,8,0,8
dae2g1m42tqs73au4ev0,ibm_fez,46,2428,correlated,61,++,,7,1,8
dae2g1m42tqs73au4ev0,ibm_fez,46,2429,static,61,+-,,0,8,8
dae2g1m42tqs73au4ev0,ibm_fez,46,2430,reset,61,+-,,3,5,8
dae2g1m42tqs73au4ev0,ibm_fez,46,2431,,,,0,8,0,8
dae2g1m42tqs73au4ev0,ibm_fez,46,2432,correlated,88,+-,,5,3,8
dae2g1m42tqs73au4ev0,ibm_fez,46,2433,static,88,++,,1,7,8
dae2g1m42tqs73au4ev0,ibm_fez,46,2434,none,88,+-,,5,3,8
dae2g1m42tqs73au4ev0,ibm_fez,46,2435,static,88,--,,8,0,8
dae2g1m42tqs73au4ev0,ibm_fez,46,2436,static,88,-+,,1,7,8
dae2g1m42tqs73au4ev0,ibm_fez,46,2437,none,88,++,,6,2,8
dae2g1m42tqs73au4ev0,ibm_fez,46,2438,correlated,88,--,,7,1,8
dae2g1m42tqs73au4ev0,ibm_fez,46,2439,reset,88,-+,,7,1,8
dae2g1m42tqs73au4ev0,ibm_fez,46,2440,reset,88,++,,6,2,8
dae2g1m42tqs73au4ev0,ibm_fez,46,2441,reset,88,--,,2,6,8
dae2g1m42tqs73au4ev0,ibm_fez,46,2442,none,88,--,,3,5,8
dae2g1m42tqs73au4ev0,ibm_fez,46,2443,reset,88,+-,,0,8,8
dae2g1m42tqs73au4ev0,ibm_fez,46,2444,none,88,-+,,4,4,8
dae2g1m42tqs73au4ev0,ibm_fez,46,2445,static,88,+-,,7,1,8
dae2g1m42tqs73au4ev0,ibm_fez,46,2446,correlated,88,-+,,1,7,8
dae2g1m42tqs73au4ev0,ibm_fez,46,2447,correlated,88,++,,1,7,8
dae2g1m42tqs73au4ev0,ibm_fez,46,2448,,,,0,8,0,8
dae2g1m42tqs73au4ev0,ibm_fez,46,2449,,,,0,8,0,8
dae2g1m42tqs73au4ev0,ibm_fez,46,2450,,,,1,0,8,8
dae2g1m42tqs73au4ev0,ibm_fez,46,2451,,,,1,0,8,8
dae2g1m42tqs73au4ev0,ibm_fez,46,2452,none,0,--,,4,4,8
dae2g1m42tqs73au4ev0,ibm_fez,46,2453,correlated,0,--,,7,1,8
dae2g1m42tqs73au4ev0,ibm_fez,46,2454,reset,0,-+,,6,2,8
dae2g1m42tqs73au4ev0,ibm_fez,46,2455,static,0,-+,,4,4,8
dae2g1m42tqs73au4ev0,ibm_fez,46,2456,reset,0,++,,7,1,8
dae2g1m42tqs73au4ev0,ibm_fez,46,2457,none,0,++,,3,5,8
dae2g1m42tqs73au4ev0,ibm_fez,46,2458,none,0,+-,,5,3,8
dae2g1m42tqs73au4ev0,ibm_fez,46,2459,correlated,0,-+,,0,8,8
dae2g1m42tqs73au4ev0,ibm_fez,46,2460,reset,0,+-,,2,6,8
dae2g1m42tqs73au4ev0,ibm_fez,46,2461,static,0,+-,,5,3,8
dae2g1m42tqs73au4ev0,ibm_fez,46,2462,correlated,0,++,,2,6,8
dae2g1m42tqs73au4ev0,ibm_fez,46,2463,reset,0,--,,2,6,8
dae2g1m42tqs73au4ev0,ibm_fez,46,2464,static,0,--,,7,1,8
dae2g1m42tqs73au4ev0,ibm_fez,46,2465,correlated,0,+-,,8,0,8
dae2g1m42tqs73au4ev0,ibm_fez,46,2466,static,0,++,,0,8,8
dae2g1m42tqs73au4ev0,ibm_fez,46,2467,none,0,-+,,5,3,8
dae2g1m42tqs73au4ev0,ibm_fez,46,2468,none,53,1+,,3,5,8
dae2g1m42tqs73au4ev0,ibm_fez,46,2469,correlated,67,2-,,1,7,8
dae2g1m42tqs73au4ev0,ibm_fez,46,2470,none,72,2+,,3,5,8
dae2g1m42tqs73au4ev0,ibm_fez,46,2471,none,15,2+,,6,2,8
dae2g1m42tqs73au4ev0,ibm_fez,46,2472,correlated,53,1+,,1,7,8
dae2g1m42tqs73au4ev0,ibm_fez,46,2473,correlated,7,1+,,5,3,8
dae2g1m42tqs73au4ev0,ibm_fez,46,2474,reset,92,2+,,5,3,8
dae2g1m42tqs73au4ev0,ibm_fez,46,2475,static,92,2+,,1,7,8
dae2g1m42tqs73au4ev0,ibm_fez,46,2476,static,72,2-,,6,2,8
dae2g1m42tqs73au4ev0,ibm_fez,46,2477,static,15,2-,,8,0,8
dae2g1m42tqs73au4ev0,ibm_fez,46,2478,reset,106,2+,,7,1,8
dae2g1m42tqs73au4ev0,ibm_fez,46,2479,static,92,2-,,7,1,8
dae2g1m42tqs73au4ev0,ibm_fez,46,2480,reset,7,1+,,5,3,8
dae2g1m42tqs73au4ev0,ibm_fez,46,2481,reset,47,1+,,4,4,8
dae2g1m42tqs73au4ev0,ibm_fez,46,2482,static,15,2+,,0,8,8
dae2g1m42tqs73au4ev0,ibm_fez,46,2483,correlated,11,1+,,3,5,8
dae2g1m42tqs73au4ev0,ibm_fez,46,2484,static,7,1+,,2,6,8
dae2g1m42tqs73au4ev0,ibm_fez,46,2485,none,106,2-,,2,6,8
dae2g1m42tqs73au4ev0,ibm_fez,46,2486,static,67,2+,,2,6,8
dae2g1m42tqs73au4ev0,ibm_fez,46,2487,none,53,1-,,4,4,8
dae2g1m42tqs73au4ev0,ibm_fez,46,2488,correlated,92,2-,,7,1,8
dae2g1m42tqs73au4ev0,ibm_fez,46,2489,reset,15,2-,,2,6,8
dae2g1m42tqs73au4ev0,ibm_fez,46,2490,correlated,112,2-,,3,5,8
dae2g1m42tqs73au4ev0,ibm_fez,46,2491,reset,106,2-,,1,7,8
dae2g1m42tqs73au4ev0,ibm_fez,46,2492,none,9,2-,,4,4,8
dae2g1m42tqs73au4ev0,ibm_fez,46,2493,none,9,2+,,2,6,8
dae2g1m42tqs73au4ev0,ibm_fez,46,2494,reset,119,2+,,2,6,8
dae2g1m42tqs73au4ev0,ibm_fez,46,2495,static,119,2+,,3,5,8
dae2g1m42tqs73au4ev0,ibm_fez,46,2496,none,11,1-,,6,2,8
dae2g1m42tqs73au4ev0,ibm_fez,46,2497,none,92,2-,,2,6,8
dae2g1m42tqs73au4ev0,ibm_fez,46,2498,none,43,1+,,6,2,8
dae2g1m42tqs73au4ev0,ibm_fez,46,2499,reset,92,2-,,2,6,8
dae2g1m42tqs73au4ev0,ibm_fez,46,2500,reset,9,2-,,5,3,8
dae2g1m42tqs73au4ev0,ibm_fez,46,2501,none,47,1+,,4,4,8
dae2g1m42tqs73au4ev0,ibm_fez,46,2502,correlated,43,1+,,2,6,8
dae2g1m42tqs73au4ev0,ibm_fez,46,2503,correlated,15,2-,,0,8,8
dae2g1m42tqs73au4ev0,ibm_fez,46,2504,reset,53,1-,,6,2,8
dae2g1m42tqs73au4ev0,ibm_fez,46,2505,none,72,2-,,4,4,8
dae2g1m42tqs73au4ev0,ibm_fez,46,2506,reset,112,2+,,6,2,8
dae2g1m42tqs73au4ev0,ibm_fez,46,2507,static,112,2-,,8,0,8
dae2g1m42tqs73au4ev0,ibm_fez,46,2508,reset,67,2+,,1,7,8
dae2g1m42tqs73au4ev0,ibm_fez,46,2509,correlated,43,1-,,6,2,8
dae2g1m42tqs73au4ev0,ibm_fez,46,2510,reset,43,1+,,2,6,8
dae2g1m42tqs73au4ev0,ibm_fez,46,2511,static,106,2+,,1,7,8
dae2g1m42tqs73au4ev0,ibm_fez,46,2512,correlated,72,2-,,6,2,8
dae2g1m42tqs73au4ev0,ibm_fez,46,2513,reset,119,2-,,6,2,8
dae2g1m42tqs73au4ev0,ibm_fez,46,2514,correlated,7,1-,,2,6,8
dae2g1m42tqs73au4ev0,ibm_fez,46,2515,static,11,1+,,0,8,8
dae2g1m42tqs73au4ev0,ibm_fez,46,2516,reset,72,2+,,0,8,8
dae2g1m42tqs73au4ev0,ibm_fez,46,2517,correlated,47,1-,,7,1,8
dae2g1m42tqs73au4ev0,ibm_fez,46,2518,reset,9,2+,,3,5,8
dae2g1m42tqs73au4ev0,ibm_fez,46,2519,static,53,1+,,0,8,8
dae2g1m42tqs73au4ev0,ibm_fez,46,2520,reset,53,1+,,5,3,8
dae2g1m42tqs73au4ev0,ibm_fez,46,2521,reset,11,1+,,1,7,8
dae2g1m42tqs73au4ev0,ibm_fez,46,2522,reset,47,1-,,7,1,8
dae2g1m42tqs73au4ev0,ibm_fez,46,2523,none,119,2-,,3,5,8
dae2g1m42tqs73au4ev0,ibm_fez,46,2524,static,106,2-,,5,3,8
dae2g1m42tqs73au4ev0,ibm_fez,46,2525,static,119,2-,,6,2,8
dae2g1m42tqs73au4ev0,ibm_fez,46,2526,static,72,2+,,1,7,8
dae2g1m42tqs73au4ev0,ibm_fez,46,2527,static,47,1+,,1,7,8
dae2g1m42tqs73au4ev0,ibm_fez,46,2528,reset,112,2-,,1,7,8
dae2g1m42tqs73au4ev0,ibm_fez,46,2529,correlated,47,1+,,1,7,8
dae2g1m42tqs73au4ev0,ibm_fez,46,2530,none,11,1+,,2,6,8
dae2g1m42tqs73au4ev0,ibm_fez,46,2531,correlated,53,1-,,4,4,8
dae2g1m42tqs73au4ev0,ibm_fez,46,2532,none,112,2-,,6,2,8
dae2g1m42tqs73au4ev0,ibm_fez,46,2533,none,47,1-,,4,4,8
dae2g1m42tqs73au4ev0,ibm_fez,46,2534,none,67,2+,,4,4,8
dae2g1m42tqs73au4ev0,ibm_fez,46,2535,correlated,11,1-,,6,2,8
dae2g1m42tqs73au4ev0,ibm_fez,46,2536,correlated,72,2+,,0,8,8
dae2g1m42tqs73au4ev0,ibm_fez,46,2537,none,7,1-,,6,2,8
dae2g1m42tqs73au4ev0,ibm_fez,46,2538,correlated,119,2-,,5,3,8
dae2g1m42tqs73au4ev0,ibm_fez,46,2539,none,92,2+,,3,5,8
dae2g1m42tqs73au4ev0,ibm_fez,46,2540,static,9,2-,,5,3,8
dae2g1m42tqs73au4ev0,ibm_fez,46,2541,static,43,1-,,8,0,8
dae2g1m42tqs73au4ev0,ibm_fez,46,2542,none,15,2-,,2,6,8
dae2g1m42tqs73au4ev0,ibm_fez,46,2543,reset,72,2-,,5,3,8
dae2g1m42tqs73au4ev0,ibm_fez,46,2544,reset,15,2+,,6,2,8
dae2g1m42tqs73au4ev0,ibm_fez,46,2545,static,47,1-,,8,0,8
dae2g1m42tqs73au4ev0,ibm_fez,46,2546,none,43,1-,,4,4,8
dae2g1m42tqs73au4ev0,ibm_fez,46,2547,reset,11,1-,,7,1,8
dae2g1m42tqs73au4ev0,ibm_fez,46,2548,correlated,106,2-,,7,1,8
dae2g1m42tqs73au4ev0,ibm_fez,46,2549,correlated,112,2+,,6,2,8
dae2g1m42tqs73au4ev0,ibm_fez,46,2550,correlated,15,2+,,7,1,8
dae2g1m42tqs73au4ev0,ibm_fez,46,2551,reset,67,2-,,6,2,8
dae2g1m42tqs73au4ev0,ibm_fez,46,2552,static,53,1-,,8,0,8
dae2g1m42tqs73au4ev0,ibm_fez,46,2553,correlated,9,2+,,1,7,8
dae2g1m42tqs73au4ev0,ibm_fez,46,2554,correlated,92,2+,,5,3,8
dae2g1m42tqs73au4ev0,ibm_fez,46,2555,static,112,2+,,2,6,8
dae2g1m42tqs73au4ev0,ibm_fez,46,2556,static,9,2+,,1,7,8
dae2g1m42tqs73au4ev0,ibm_fez,46,2557,none,119,2+,,5,3,8
dae2g1m42tqs73au4ev0,ibm_fez,46,2558,reset,43,1-,,6,2,8
dae2g1m42tqs73au4ev0,ibm_fez,46,2559,correlated,119,2+,,4,4,8
dae2g1m42tqs73au4ev0,ibm_fez,46,2560,static,43,1+,,0,8,8
dae2g1m42tqs73au4ev0,ibm_fez,46,2561,none,7,1+,,3,5,8
dae2g1m42tqs73au4ev0,ibm_fez,46,2562,none,67,2-,,4,4,8
dae2g1m42tqs73au4ev0,ibm_fez,46,2563,none,112,2+,,5,3,8
dae2g1m42tqs73au4ev0,ibm_fez,46,2564,static,7,1-,,7,1,8
dae2g1m42tqs73au4ev0,ibm_fez,46,2565,static,67,2-,,7,1,8
dae2g1m42tqs73au4ev0,ibm_fez,46,2566,correlated,106,2+,,0,8,8
dae2g1m42tqs73au4ev0,ibm_fez,46,2567,reset,7,1-,,3,5,8
dae2g1m42tqs73au4ev0,ibm_fez,46,2568,none,106,2+,,4,4,8
dae2g1m42tqs73au4ev0,ibm_fez,46,2569,correlated,9,2-,,7,1,8
dae2g1m42tqs73au4ev0,ibm_fez,46,2570,correlated,67,2+,,7,1,8
dae2g1m42tqs73au4ev0,ibm_fez,46,2571,static,11,1-,,8,0,8
dae2g1m42tqs73au4ev0,ibm_fez,46,2572,reset,117,--,,2,6,8
dae2g1m42tqs73au4ev0,ibm_fez,46,2573,reset,117,+-,,6,2,8
dae2g1m42tqs73au4ev0,ibm_fez,46,2574,none,117,++,,3,5,8
dae2g1m42tqs73au4ev0,ibm_fez,46,2575,static,117,++,,5,3,8
dae2g1m42tqs73au4ev0,ibm_fez,46,2576,static,117,-+,,2,6,8
dae2g1m42tqs73au4ev0,ibm_fez,46,2577,correlated,117,--,,5,3,8
dae2g1m42tqs73au4ev0,ibm_fez,46,2578,static,117,--,,7,1,8
dae2g1m42tqs73au4ev0,ibm_fez,46,2579,correlated,117,+-,,2,6,8
dae2g1m42tqs73au4ev0,ibm_fez,46,2580,static,117,+-,,3,5,8
dae2g1m42tqs73au4ev0,ibm_fez,46,2581,none,117,--,,1,7,8
dae2g1m42tqs73au4ev0,ibm_fez,46,2582,reset,117,-+,,6,2,8
dae2g1m42tqs73au4ev0,ibm_fez,46,2583,correlated,117,-+,,4,4,8
dae2g1m42tqs73au4ev0,ibm_fez,46,2584,correlated,117,++,,5,3,8
dae2g1m42tqs73au4ev0,ibm_fez,46,2585,none,117,+-,,2,6,8
dae2g1m42tqs73au4ev0,ibm_fez,46,2586,reset,117,++,,1,7,8
dae2g1m42tqs73au4ev0,ibm_fez,46,2587,none,117,-+,,5,3,8
dae2g1m42tqs73au4ev0,ibm_fez,46,2588,correlated,51,++,,3,5,8
dae2g1m42tqs73au4ev0,ibm_fez,46,2589,correlated,51,--,,7,1,8
dae2g1m42tqs73au4ev0,ibm_fez,46,2590,static,51,-+,,3,5,8
dae2g1m42tqs73au4ev0,ibm_fez,46,2591,reset,51,+-,,1,7,8
dae2g1m42tqs73au4ev0,ibm_fez,46,2592,none,51,+-,,3,5,8
dae2g1m42tqs73au4ev0,ibm_fez,46,2593,reset,51,--,,0,8,8
dae2g1m42tqs73au4ev0,ibm_fez,46,2594,none,51,++,,4,4,8
dae2g1m42tqs73au4ev0,ibm_fez,46,2595,correlated,51,-+,,1,7,8
dae2g1m42tqs73au4ev0,ibm_fez,46,2596,none,51,--,,3,5,8
dae2g1m42tqs73au4ev0,ibm_fez,46,2597,static,51,++,,0,8,8
dae2g1m42tqs73au4ev0,ibm_fez,46,2598,correlated,51,+-,,7,1,8
dae2g1m42tqs73au4ev0,ibm_fez,46,2599,reset,51,-+,,8,0,8
dae2g1m42tqs73au4ev0,ibm_fez,46,2600,none,51,-+,,4,4,8
dae2g1m42tqs73au4ev0,ibm_fez,46,2601,reset,51,++,,6,2,8
dae2g1m42tqs73au4ev0,ibm_fez,46,2602,static,51,--,,8,0,8
dae2g1m42tqs73au4ev0,ibm_fez,46,2603,static,51,+-,,6,2,8
dae2g1m42tqs73au4ev0,ibm_fez,46,2604,correlated,115,++,,5,3,8
dae2g1m42tqs73au4ev0,ibm_fez,46,2605,reset,115,+-,,0,8,8
dae2g1m42tqs73au4ev0,ibm_fez,46,2606,static,115,-+,,2,6,8
dae2g1m42tqs73au4ev0,ibm_fez,46,2607,static,115,+-,,3,5,8
dae2g1m42tqs73au4ev0,ibm_fez,46,2608,reset,115,++,,6,2,8
dae2g1m42tqs73au4ev0,ibm_fez,46,2609,none,115,++,,4,4,8
dae2g1m42tqs73au4ev0,ibm_fez,46,2610,none,115,+-,,4,4,8
dae2g1m42tqs73au4ev0,ibm_fez,46,2611,none,115,-+,,6,2,8
dae2g1m42tqs73au4ev0,ibm_fez,46,2612,reset,115,--,,7,1,8
dae2g1m42tqs73au4ev0,ibm_fez,46,2613,static,115,++,,6,2,8
dae2g1m42tqs73au4ev0,ibm_fez,46,2614,static,115,--,,5,3,8
dae2g1m42tqs73au4ev0,ibm_fez,46,2615,correlated,115,+-,,1,7,8
dae2g1m42tqs73au4ev0,ibm_fez,46,2616,reset,115,-+,,1,7,8
dae2g1m42tqs73au4ev0,ibm_fez,46,2617,correlated,115,--,,6,2,8
dae2g1m42tqs73au4ev0,ibm_fez,46,2618,none,115,--,,5,3,8
dae2g1m42tqs73au4ev0,ibm_fez,46,2619,correlated,115,-+,,2,6,8
dae2g1m42tqs73au4ev0,ibm_fez,46,2620,none,15,-+,,4,4,8
dae2g1m42tqs73au4ev0,ibm_fez,46,2621,static,15,++,,2,6,8
dae2g1m42tqs73au4ev0,ibm_fez,46,2622,correlated,15,+-,,8,0,8
dae2g1m42tqs73au4ev0,ibm_fez,46,2623,static,15,-+,,5,3,8
dae2g1m42tqs73au4ev0,ibm_fez,46,2624,reset,15,++,,8,0,8
dae2g1m42tqs73au4ev0,ibm_fez,46,2625,none,15,++,,1,7,8
dae2g1m42tqs73au4ev0,ibm_fez,46,2626,correlated,15,++,,7,1,8
dae2g1m42tqs73au4ev0,ibm_fez,46,2627,reset,15,+-,,8,0,8
dae2g1m42tqs73au4ev0,ibm_fez,46,2628,none,15,--,,5,3,8
dae2g1m42tqs73au4ev0,ibm_fez,46,2629,static,15,--,,7,1,8
dae2g1m42tqs73au4ev0,ibm_fez,46,2630,static,15,+-,,2,6,8
dae2g1m42tqs73au4ev0,ibm_fez,46,2631,correlated,15,-+,,0,8,8
dae2g1m42tqs73au4ev0,ibm_fez,46,2632,reset,15,--,,0,8,8
dae2g1m42tqs73au4ev0,ibm_fez,46,2633,correlated,15,--,,2,6,8
dae2g1m42tqs73au4ev0,ibm_fez,46,2634,none,15,+-,,7,1,8
dae2g1m42tqs73au4ev0,ibm_fez,46,2635,reset,15,-+,,3,5,8
dae2g1m42tqs73au4ev0,ibm_fez,46,2636,,,,1,0,8,8
dae2g1m42tqs73au4ev0,ibm_fez,46,2637,,,,1,0,8,8
dae2g1m42tqs73au4ev0,ibm_fez,46,2638,none,67,++,,2,6,8
dae2g1m42tqs73au4ev0,ibm_fez,46,2639,none,112,++,,4,4,8
dae2g1m42tqs73au4ev0,ibm_fez,46,2640,reset,112,++,,5,3,8
dae2g1m42tqs73au4ev0,ibm_fez,46,2641,static,112,+-,,1,7,8
dae2g1m42tqs73au4ev0,ibm_fez,46,2642,static,67,--,,7,1,8
dae2g1m42tqs73au4ev0,ibm_fez,46,2643,correlated,112,--,,2,6,8
dae2g1m42tqs73au4ev0,ibm_fez,46,2644,none,112,+-,,4,4,8
dae2g1m42tqs73au4ev0,ibm_fez,46,2645,reset,112,--,,3,5,8
dae2g1m42tqs73au4ev0,ibm_fez,46,2646,none,112,--,,5,3,8
dae2g1m42tqs73au4ev0,ibm_fez,46,2647,correlated,112,++,,7,1,8
dae2g1m42tqs73au4ev0,ibm_fez,46,2648,correlated,67,++,,8,0,8
dae2g1m42tqs73au4ev0,ibm_fez,46,2649,correlated,112,+-,,8,0,8
dae2g1m42tqs73au4ev0,ibm_fez,46,2650,static,112,++,,2,6,8
dae2g1m42tqs73au4ev0,ibm_fez,46,2651,correlated,67,+-,,7,1,8
dae2g1m42tqs73au4ev0,ibm_fez,46,2652,none,67,--,,4,4,8
dae2g1m42tqs73au4ev0,ibm_fez,46,2653,static,67,++,,0,8,8
dae2g1m42tqs73au4ev0,ibm_fez,46,2654,static,67,-+,,5,3,8
dae2g1m42tqs73au4ev0,ibm_fez,46,2655,correlated,67,-+,,1,7,8
dae2g1m42tqs73au4ev0,ibm_fez,46,2656,static,112,-+,,7,1,8
dae2g1m42tqs73au4ev0,ibm_fez,46,2657,correlated,112,-+,,0,8,8
dae2g1m42tqs73au4ev0,ibm_fez,46,2658,static,112,--,,5,3,8
dae2g1m42tqs73au4ev0,ibm_fez,46,2659,none,67,+-,,5,3,8
dae2g1m42tqs73au4ev0,ibm_fez,46,2660,reset,112,-+,,2,6,8
dae2g1m42tqs73au4ev0,ibm_fez,46,2661,reset,67,-+,,1,7,8
dae2g1m42tqs73au4ev0,ibm_fez,46,2662,reset,112,+-,,6,2,8
dae2g1m42tqs73au4ev0,ibm_fez,46,2663,none,112,-+,,5,3,8
dae2g1m42tqs73au4ev0,ibm_fez,46,2664,reset,67,++,,7,1,8
dae2g1m42tqs73au4ev0,ibm_fez,46,2665,none,67,-+,,4,4,8
dae2g1m42tqs73au4ev0,ibm_fez,46,2666,reset,67,--,,2,6,8
dae2g1m42tqs73au4ev0,ibm_fez,46,2667,static,67,+-,,0,8,8
dae2g1m42tqs73au4ev0,ibm_fez,46,2668,reset,67,+-,,8,0,8
dae2g1m42tqs73au4ev0,ibm_fez,46,2669,correlated,67,--,,1,7,8
dae2g1m42tqs73au4ev0,ibm_fez,46,2670,correlated,55,+-,,1,7,8
dae2g1m42tqs73au4ev0,ibm_fez,46,2671,none,55,++,,6,2,8
dae2g1m42tqs73au4ev0,ibm_fez,46,2672,correlated,55,++,,2,6,8
dae2g1m42tqs73au4ev0,ibm_fez,46,2673,static,55,++,,1,7,8
dae2g1m42tqs73au4ev0,ibm_fez,46,2674,reset,55,+-,,2,6,8
dae2g1m42tqs73au4ev0,ibm_fez,46,2675,none,55,-+,,6,2,8
dae2g1m42tqs73au4ev0,ibm_fez,46,2676,correlated,55,-+,,8,0,8
dae2g1m42tqs73au4ev0,ibm_fez,46,2677,static,55,+-,,1,7,8
dae2g1m42tqs73au4ev0,ibm_fez,46,2678,reset,55,-+,,7,1,8
dae2g1m42tqs73au4ev0,ibm_fez,46,2679,correlated,55,--,,7,1,8
dae2g1m42tqs73au4ev0,ibm_fez,46,2680,none,55,--,,2,6,8
dae2g1m42tqs73au4ev0,ibm_fez,46,2681,static,55,-+,,6,2,8
dae2g1m42tqs73au4ev0,ibm_fez,46,2682,reset,55,--,,7,1,8
dae2g1m42tqs73au4ev0,ibm_fez,46,2683,none,55,+-,,3,5,8
dae2g1m42tqs73au4ev0,ibm_fez,46,2684,static,55,--,,6,2,8
dae2g1m42tqs73au4ev0,ibm_fez,46,2685,reset,55,++,,1,7,8
dae2g1m42tqs73au4ev0,ibm_fez,46,2686,,,,1,0,8,8
dae2g1m42tqs73au4ev0,ibm_fez,46,2687,,,,1,0,8,8
dae2g1m42tqs73au4ev0,ibm_fez,46,2688,static,75,2-,,6,2,8
dae2g1m42tqs73au4ev0,ibm_fez,46,2689,correlated,91,1+,,7,1,8
dae2g1m42tqs73au4ev0,ibm_fez,46,2690,correlated,99,2+,,0,8,8
dae2g1m42tqs73au4ev0,ibm_fez,46,2691,correlated,114,2-,,6,2,8
dae2g1m42tqs73au4ev0,ibm_fez,46,2692,static,114,2+,,1,7,8
dae2g1m42tqs73au4ev0,ibm_fez,46,2693,static,91,2-,,7,1,8
dae2g1m42tqs73au4ev0,ibm_fez,46,2694,none,5,2-,,4,4,8
dae2g1m42tqs73au4ev0,ibm_fez,46,2695,correlated,123,1-,,3,5,8
dae2g1m42tqs73au4ev0,ibm_fez,46,2696,static,114,2-,,5,3,8
dae2g1m42tqs73au4ev0,ibm_fez,46,2697,none,120,2-,,6,2,8
dae2g1m42tqs73au4ev0,ibm_fez,46,2698,reset,91,1-,,2,6,8
dae2g1m42tqs73au4ev0,ibm_fez,46,2699,none,123,1+,,3,5,8
dae2g1m42tqs73au4ev0,ibm_fez,46,2700,correlated,121,1-,,3,5,8
dae2g1m42tqs73au4ev0,ibm_fez,46,2701,none,91,1-,,6,2,8
dae2g1m42tqs73au4ev0,ibm_fez,46,2702,none,98,2+,,4,4,8
dae2g1m42tqs73au4ev0,ibm_fez,46,2703,none,99,2-,,6,2,8
dae2g1m42tqs73au4ev0,ibm_fez,46,2704,none,99,2+,,4,4,8
dae2g1m42tqs73au4ev0,ibm_fez,46,2705,reset,76,2-,,0,8,8
dae2g1m42tqs73au4ev0,ibm_fez,46,2706,correlated,75,2+,,8,0,8
dae2g1m42tqs73au4ev0,ibm_fez,46,2707,static,5,2+,,2,6,8
dae2g1m42tqs73au4ev0,ibm_fez,46,2708,static,99,2+,,2,6,8
dae2g1m42tqs73au4ev0,ibm_fez,46,2709,correlated,98,2-,,8,0,8
dae2g1m42tqs73au4ev0,ibm_fez,46,2710,correlated,114,2+,,1,7,8
dae2g1m42tqs73au4ev0,ibm_fez,46,2711,reset,75,2+,,6,2,8
dae2g1m42tqs73au4ev0,ibm_fez,46,2712,none,123,1-,,5,3,8
dae2g1m42tqs73au4ev0,ibm_fez,46,2713,none,121,1+,,5,3,8
dae2g1m42tqs73au4ev0,ibm_fez,46,2714,static,39,2-,,8,0,8
dae2g1m42tqs73au4ev0,ibm_fez,46,2715,reset,75,2-,,1,7,8
dae2g1m42tqs73au4ev0,ibm_fez,46,2716,reset,39,2+,,5,3,8
dae2g1m42tqs73au4ev0,ibm_fez,46,2717,correlated,121,1+,,7,1,8
dae2g1m42tqs73au4ev0,ibm_fez,46,2718,none,91,2-,,4,4,8
dae2g1m42tqs73au4ev0,ibm_fez,46,2719,reset,98,2+,,6,2,8
dae2g1m42tqs73au4ev0,ibm_fez,46,2720,static,91,1-,,7,1,8
dae2g1m42tqs73au4ev0,ibm_fez,46,2721,none,39,2-,,3,5,8
dae2g1m42tqs73au4ev0,ibm_fez,46,2722,reset,91,2+,,8,0,8
dae2g1m42tqs73au4ev0,ibm_fez,46,2723,reset,5,2+,,0,8,8
dae2g1m42tqs73au4ev0,ibm_fez,46,2724,reset,99,2+,,2,6,8
dae2g1m42tqs73au4ev0,ibm_fez,46,2725,none,98,2-,,3,5,8
dae2g1m42tqs73au4ev0,ibm_fez,46,2726,static,120,2-,,7,1,8
dae2g1m42tqs73au4ev0,ibm_fez,46,2727,reset,39,2-,,3,5,8
dae2g1m42tqs73au4ev0,ibm_fez,46,2728,correlated,99,2-,,5,3,8
dae2g1m42tqs73au4ev0,ibm_fez,46,2729,correlated,91,1-,,4,4,8
dae2g1m42tqs73au4ev0,ibm_fez,46,2730,reset,76,2+,,7,1,8
dae2g1m42tqs73au4ev0,ibm_fez,46,2731,reset,120,2-,,0,8,8
dae2g1m42tqs73au4ev0,ibm_fez,46,2732,none,91,2+,,7,1,8
dae2g1m42tqs73au4ev0,ibm_fez,46,2733,correlated,123,1+,,8,0,8
dae2g1m42tqs73au4ev0,ibm_fez,46,2734,reset,121,1+,,8,0,8
dae2g1m42tqs73au4ev0,ibm_fez,46,2735,reset,5,2-,,7,1,8
dae2g1m42tqs73au4ev0,ibm_fez,46,2736,correlated,76,2-,,8,0,8
dae2g1m42tqs73au4ev0,ibm_fez,46,2737,correlated,91,2+,,6,2,8
dae2g1m42tqs73au4ev0,ibm_fez,46,2738,static,99,2-,,7,1,8
dae2g1m42tqs73au4ev0,ibm_fez,46,2739,reset,121,1-,,0,8,8
dae2g1m42tqs73au4ev0,ibm_fez,46,2740,none,5,2+,,2,6,8
dae2g1m42tqs73au4ev0,ibm_fez,46,2741,reset,98,2-,,0,8,8
dae2g1m42tqs73au4ev0,ibm_fez,46,2742,none,120,2+,,3,5,8
dae2g1m42tqs73au4ev0,ibm_fez,46,2743,static,98,2-,,5,3,8
dae2g1m42tqs73au4ev0,ibm_fez,46,2744,none,75,2-,,3,5,8
dae2g1m42tqs73au4ev0,ibm_fez,46,2745,none,76,2+,,4,4,8
dae2g1m42tqs73au4ev0,ibm_fez,46,2746,correlated,98,2+,,1,7,8
dae2g1m42tqs73au4ev0,ibm_fez,46,2747,static,75,2+,,0,8,8
dae2g1m42tqs73au4ev0,ibm_fez,46,2748,reset,99,2-,,6,2,8
dae2g1m42tqs73au4ev0,ibm_fez,46,2749,static,76,2-,,8,0,8
dae2g1m42tqs73au4ev0,ibm_fez,46,2750,static,98,2+,,3,5,8
dae2g1m42tqs73au4ev0,ibm_fez,46,2751,none,91,1+,,5,3,8
dae2g1m42tqs73au4ev0,ibm_fez,46,2752,none,39,2+,,5,3,8
dae2g1m42tqs73au4ev0,ibm_fez,46,2753,static,91,1+,,1,7,8
dae2g1m42tqs73au4ev0,ibm_fez,46,2754,correlated,5,2-,,6,2,8
dae2g1m42tqs73au4ev0,ibm_fez,46,2755,correlated,91,2-,,2,6,8
dae2g1m42tqs73au4ev0,ibm_fez,46,2756,static,91,2+,,4,4,8
dae2g1m42tqs73au4ev0,ibm_fez,46,2757,static,121,1-,,8,0,8
dae2g1m42tqs73au4ev0,ibm_fez,46,2758,reset,120,2+,,7,1,8
dae2g1m42tqs73au4ev0,ibm_fez,46,2759,reset,123,1-,,1,7,8
dae2g1m42tqs73au4ev0,ibm_fez,46,2760,reset,91,2-,,3,5,8
dae2g1m42tqs73au4ev0,ibm_fez,46,2761,reset,123,1+,,8,0,8
dae2g1m42tqs73au4ev0,ibm_fez,46,2762,none,75,2+,,6,2,8
dae2g1m42tqs73au4ev0,ibm_fez,46,2763,none,114,2+,,5,3,8
dae2g1m42tqs73au4ev0,ibm_fez,46,2764,correlated,75,2-,,1,7,8
dae2g1m42tqs73au4ev0,ibm_fez,46,2765,correlated,120,2-,,7,1,8
dae2g1m42tqs73au4ev0,ibm_fez,46,2766,static,121,1+,,2,6,8
dae2g1m42tqs73au4ev0,ibm_fez,46,2767,reset,114,2-,,3,5,8
dae2g1m42tqs73au4ev0,ibm_fez,46,2768,static,120,2+,,3,5,8
dae2g1m42tqs73au4ev0,ibm_fez,46,2769,reset,114,2+,,7,1,8
dae2g1m42tqs73au4ev0,ibm_fez,46,2770,correlated,39,2+,,8,0,8
dae2g1m42tqs73au4ev0,ibm_fez,46,2771,static,123,1-,,7,1,8
dae2g1m42tqs73au4ev0,ibm_fez,46,2772,static,5,2-,,8,0,8
dae2g1m42tqs73au4ev0,ibm_fez,46,2773,correlated,39,2-,,2,6,8
dae2g1m42tqs73au4ev0,ibm_fez,46,2774,none,114,2-,,3,5,8
dae2g1m42tqs73au4ev0,ibm_fez,46,2775,correlated,120,2+,,0,8,8
dae2g1m42tqs73au4ev0,ibm_fez,46,2776,none,76,2-,,4,4,8
dae2g1m42tqs73au4ev0,ibm_fez,46,2777,static,76,2+,,1,7,8
dae2g1m42tqs73au4ev0,ibm_fez,46,2778,static,39,2+,,0,8,8
dae2g1m42tqs73au4ev0,ibm_fez,46,2779,reset,91,1+,,8,0,8
dae2g1m42tqs73au4ev0,ibm_fez,46,2780,static,123,1+,,2,6,8
dae2g1m42tqs73au4ev0,ibm_fez,46,2781,correlated,5,2+,,1,7,8
dae2g1m42tqs73au4ev0,ibm_fez,46,2782,correlated,76,2+,,2,6,8
dae2g1m42tqs73au4ev0,ibm_fez,46,2783,none,121,1-,,4,4,8
dae2g1m42tqs73au4ev0,ibm_fez,46,2784,static,82,++,,1,7,8
dae2g1m42tqs73au4ev0,ibm_fez,46,2785,reset,82,++,,6,2,8
dae2g1m42tqs73au4ev0,ibm_fez,46,2786,static,82,-+,,7,1,8
dae2g1m42tqs73au4ev0,ibm_fez,46,2787,none,82,--,,4,4,8
dae2g1m42tqs73au4ev0,ibm_fez,46,2788,correlated,82,++,,7,1,8
dae2g1m42tqs73au4ev0,ibm_fez,46,2789,static,82,--,,5,3,8
dae2g1m42tqs73au4ev0,ibm_fez,46,2790,reset,82,-+,,2,6,8
dae2g1m42tqs73au4ev0,ibm_fez,46,2791,none,82,++,,5,3,8
dae2g1m42tqs73au4ev0,ibm_fez,46,2792,none,82,+-,,5,3,8
dae2g1m42tqs73au4ev0,ibm_fez,46,2793,reset,82,+-,,7,1,8
dae2g1m42tqs73au4ev0,ibm_fez,46,2794,correlated,82,+-,,5,3,8
dae2g1m42tqs73au4ev0,ibm_fez,46,2795,static,82,+-,,1,7,8
dae2g1m42tqs73au4ev0,ibm_fez,46,2796,correlated,82,--,,0,8,8
dae2g1m42tqs73au4ev0,ibm_fez,46,2797,correlated,82,-+,,2,6,8
dae2g1m42tqs73au4ev0,ibm_fez,46,2798,reset,82,--,,1,7,8
dae2g1m42tqs73au4ev0,ibm_fez,46,2799,none,82,-+,,4,4,8
dae2g1m42tqs73au4ev0,ibm_fez,46,2800,,,,0,8,0,8
dae2g1m42tqs73au4ev0,ibm_fez,46,2801,static,97,--,,7,1,8
dae2g1m42tqs73au4ev0,ibm_fez,46,2802,static,97,-+,,0,8,8
dae2g1m42tqs73au4ev0,ibm_fez,46,2803,static,97,+-,,7,1,8
dae2g1m42tqs73au4ev0,ibm_fez,46,2804,none,97,-+,,6,2,8
dae2g1m42tqs73au4ev0,ibm_fez,46,2805,static,97,++,,2,6,8
dae2g1m42tqs73au4ev0,ibm_fez,46,2806,none,97,--,,6,2,8
dae2g1m42tqs73au4ev0,ibm_fez,46,2807,none,97,+-,,5,3,8
dae2g1m42tqs73au4ev0,ibm_fez,46,2808,correlated,97,--,,0,8,8
dae2g1m42tqs73au4ev0,ibm_fez,46,2809,correlated,97,-+,,7,1,8
dae2g1m42tqs73au4ev0,ibm_fez,46,2810,correlated,97,++,,7,1,8
dae2g1m42tqs73au4ev0,ibm_fez,46,2811,reset,97,++,,8,0,8
dae2g1m42tqs73au4ev0,ibm_fez,46,2812,reset,97,+-,,1,7,8
dae2g1m42tqs73au4ev0,ibm_fez,46,2813,correlated,97,+-,,1,7,8
dae2g1m42tqs73au4ev0,ibm_fez,46,2814,none,97,++,,2,6,8
dae2g1m42tqs73au4ev0,ibm_fez,46,2815,reset,97,--,,3,5,8
dae2g1m42tqs73au4ev0,ibm_fez,46,2816,reset,97,-+,,7,1,8
dae2g1m42tqs73au4ev0,ibm_fez,46,2817,,,,1,0,8,8
dae2g1m42tqs73au4ev0,ibm_fez,46,2818,,,,1,0,8,8
dae2g1m42tqs73au4ev0,ibm_fez,46,2819,correlated,30,++,,8,0,8
dae2g1m42tqs73au4ev0,ibm_fez,46,2820,reset,30,-+,,2,6,8
dae2g1m42tqs73au4ev0,ibm_fez,46,2821,reset,30,--,,5,3,8
dae2g1m42tqs73au4ev0,ibm_fez,46,2822,none,30,-+,,1,7,8
dae2g1m42tqs73au4ev0,ibm_fez,46,2823,static,30,+-,,0,8,8
dae2g1m42tqs73au4ev0,ibm_fez,46,2824,correlated,30,+-,,0,8,8
dae2g1m42tqs73au4ev0,ibm_fez,46,2825,reset,30,++,,5,3,8
dae2g1m42tqs73au4ev0,ibm_fez,46,2826,correlated,30,--,,8,0,8
dae2g1m42tqs73au4ev0,ibm_fez,46,2827,none,30,+-,,0,8,8
dae2g1m42tqs73au4ev0,ibm_fez,46,2828,none,30,++,,8,0,8
dae2g1m42tqs73au4ev0,ibm_fez,46,2829,reset,30,+-,,3,5,8
dae2g1m42tqs73au4ev0,ibm_fez,46,2830,static,30,--,,8,0,8
dae2g1m42tqs73au4ev0,ibm_fez,46,2831,static,30,-+,,0,8,8
dae2g1m42tqs73au4ev0,ibm_fez,46,2832,static,30,++,,8,0,8
dae2g1m42tqs73au4ev0,ibm_fez,46,2833,none,30,--,,8,0,8
dae2g1m42tqs73au4ev0,ibm_fez,46,2834,correlated,30,-+,,0,8,8
dae2g1m42tqs73au4ev0,ibm_fez,46,2835,correlated,11,+-,,1,7,8
dae2g1m42tqs73au4ev0,ibm_fez,46,2836,reset,11,-+,,7,1,8
dae2g1m42tqs73au4ev0,ibm_fez,46,2837,correlated,11,++,,3,5,8
dae2g1m42tqs73au4ev0,ibm_fez,46,2838,none,11,-+,,4,4,8
dae2g1m42tqs73au4ev0,ibm_fez,46,2839,correlated,11,-+,,6,2,8
dae2g1m42tqs73au4ev0,ibm_fez,46,2840,reset,11,+-,,0,8,8
dae2g1m42tqs73au4ev0,ibm_fez,46,2841,correlated,11,--,,6,2,8
dae2g1m42tqs73au4ev0,ibm_fez,46,2842,reset,11,--,,7,1,8
dae2g1m42tqs73au4ev0,ibm_fez,46,2843,static,11,+-,,2,6,8
dae2g1m42tqs73au4ev0,ibm_fez,46,2844,none,11,+-,,5,3,8
dae2g1m42tqs73au4ev0,ibm_fez,46,2845,static,11,-+,,8,0,8
dae2g1m42tqs73au4ev0,ibm_fez,46,2846,reset,11,++,,0,8,8
dae2g1m42tqs73au4ev0,ibm_fez,46,2847,static,11,--,,6,2,8
dae2g1m42tqs73au4ev0,ibm_fez,46,2848,none,11,++,,6,2,8
dae2g1m42tqs73au4ev0,ibm_fez,46,2849,none,11,--,,4,4,8
dae2g1m42tqs73au4ev0,ibm_fez,46,2850,static,11,++,,2,6,8
dae2g1m42tqs73au4ev0,ibm_fez,46,2851,correlated,107,1+,,0,8,8
dae2g1m42tqs73au4ev0,ibm_fez,46,2852,static,54,1+,,2,6,8
dae2g1m42tqs73au4ev0,ibm_fez,46,2853,none,92,1+,,5,3,8
dae2g1m42tqs73au4ev0,ibm_fez,46,2854,reset,92,1-,,6,2,8
dae2g1m42tqs73au4ev0,ibm_fez,46,2855,static,115,1+,,1,7,8
dae2g1m42tqs73au4ev0,ibm_fez,46,2856,static,51,2+,,2,6,8
dae2g1m42tqs73au4ev0,ibm_fez,46,2857,static,115,1-,,7,1,8
dae2g1m42tqs73au4ev0,ibm_fez,46,2858,static,65,2+,,3,5,8
dae2g1m42tqs73au4ev0,ibm_fez,46,2859,static,109,1-,,6,2,8
dae2g1m42tqs73au4ev0,ibm_fez,46,2860,correlated,61,1-,,8,0,8
dae2g1m42tqs73au4ev0,ibm_fez,46,2861,none,10,2+,,3,5,8
dae2g1m42tqs73au4ev0,ibm_fez,46,2862,reset,110,2+,,1,7,8
dae2g1m42tqs73au4ev0,ibm_fez,46,2863,correlated,65,2-,,2,6,8
dae2g1m42tqs73au4ev0,ibm_fez,46,2864,static,65,2-,,6,2,8
dae2g1m42tqs73au4ev0,ibm_fez,46,2865,none,69,2-,,3,5,8
dae2g1m42tqs73au4ev0,ibm_fez,46,2866,correlated,92,1+,,2,6,8
dae2g1m42tqs73au4ev0,ibm_fez,46,2867,none,110,2+,,6,2,8
dae2g1m42tqs73au4ev0,ibm_fez,46,2868,none,54,1+,,3,5,8
dae2g1m42tqs73au4ev0,ibm_fez,46,2869,reset,61,1-,,6,2,8
dae2g1m42tqs73au4ev0,ibm_fez,46,2870,correlated,51,2-,,8,0,8
dae2g1m42tqs73au4ev0,ibm_fez,46,2871,reset,10,2+,,2,6,8
dae2g1m42tqs73au4ev0,ibm_fez,46,2872,reset,51,2-,,3,5,8
dae2g1m42tqs73au4ev0,ibm_fez,46,2873,correlated,69,2+,,7,1,8
dae2g1m42tqs73au4ev0,ibm_fez,46,2874,none,115,1+,,3,5,8
dae2g1m42tqs73au4ev0,ibm_fez,46,2875,static,92,1-,,6,2,8
dae2g1m42tqs73au4ev0,ibm_fez,46,2876,correlated,10,2+,,2,6,8
dae2g1m42tqs73au4ev0,ibm_fez,46,2877,reset,115,1-,,7,1,8
dae2g1m42tqs73au4ev0,ibm_fez,46,2878,static,69,2-,,6,2,8
dae2g1m42tqs73au4ev0,ibm_fez,46,2879,reset,107,1-,,7,1,8
dae2g1m42tqs73au4ev0,ibm_fez,46,2880,correlated,51,2+,,1,7,8
dae2g1m42tqs73au4ev0,ibm_fez,46,2881,static,61,1+,,0,8,8
dae2g1m42tqs73au4ev0,ibm_fez,46,2882,correlated,69,2-,,0,8,8
dae2g1m42tqs73au4ev0,ibm_fez,46,2883,reset,69,2-,,2,6,8
dae2g1m42tqs73au4ev0,ibm_fez,46,2884,reset,54,1+,,6,2,8
dae2g1m42tqs73au4ev0,ibm_fez,46,2885,static,92,1+,,1,7,8
dae2g1m42tqs73au4ev0,ibm_fez,46,2886,none,61,1-,,3,5,8
dae2g1m42tqs73au4ev0,ibm_fez,46,2887,none,10,2-,,4,4,8
dae2g1m42tqs73au4ev0,ibm_fez,46,2888,correlated,109,1+,,1,7,8
dae2g1m42tqs73au4ev0,ibm_fez,46,2889,none,110,2-,,4,4,8
dae2g1m42tqs73au4ev0,ibm_fez,46,2890,correlated,110,2-,,8,0,8
dae2g1m42tqs73au4ev0,ibm_fez,46,2891,none,107,1+,,5,3,8
dae2g1m42tqs73au4ev0,ibm_fez,46,2892,static,54,1-,,7,1,8
dae2g1m42tqs73au4ev0,ibm_fez,46,2893,reset,107,1+,,0,8,8
dae2g1m42tqs73au4ev0,ibm_fez,46,2894,static,51,2-,,5,3,8
dae2g1m42tqs73au4ev0,ibm_fez,46,2895,static,10,2-,,6,2,8
dae2g1m42tqs73au4ev0,ibm_fez,46,2896,correlated,54,1-,,2,6,8
dae2g1m42tqs73au4ev0,ibm_fez,46,2897,none,65,2-,,3,5,8
dae2g1m42tqs73au4ev0,ibm_fez,46,2898,none,115,1-,,3,5,8
dae2g1m42tqs73au4ev0,ibm_fez,46,2899,none,65,2+,,1,7,8
dae2g1m42tqs73au4ev0,ibm_fez,46,2900,none,69,2+,,6,2,8
dae2g1m42tqs73au4ev0,ibm_fez,46,2901,static,61,1-,,7,1,8
dae2g1m42tqs73au4ev0,ibm_fez,46,2902,none,109,1-,,5,3,8
dae2g1m42tqs73au4ev0,ibm_fez,46,2903,reset,115,1+,,0,8,8
dae2g1m42tqs73au4ev0,ibm_fez,46,2904,correlated,54,1+,,8,0,8
dae2g1m42tqs73au4ev0,ibm_fez,46,2905,static,107,1+,,2,6,8
dae2g1m42tqs73au4ev0,ibm_fez,46,2906,reset,110,2-,,6,2,8
dae2g1m42tqs73au4ev0,ibm_fez,46,2907,static,109,1+,,3,5,8
dae2g1m42tqs73au4ev0,ibm_fez,46,2908,reset,51,2+,,6,2,8
dae2g1m42tqs73au4ev0,ibm_fez,46,2909,none,107,1-,,5,3,8
dae2g1m42tqs73au4ev0,ibm_fez,46,2910,reset,69,2+,,7,1,8
dae2g1m42tqs73au4ev0,ibm_fez,46,2911,none,109,1+,,4,4,8
dae2g1m42tqs73au4ev0,ibm_fez,46,2912,reset,109,1-,,6,2,8
dae2g1m42tqs73au4ev0,ibm_fez,46,2913,reset,10,2-,,7,1,8
dae2g1m42tqs73au4ev0,ibm_fez,46,2914,static,110,2+,,0,8,8
dae2g1m42tqs73au4ev0,ibm_fez,46,2915,none,61,1+,,3,5,8
dae2g1m42tqs73au4ev0,ibm_fez,46,2916,reset,65,2+,,3,5,8
dae2g1m42tqs73au4ev0,ibm_fez,46,2917,none,51,2+,,5,3,8
dae2g1m42tqs73au4ev0,ibm_fez,46,2918,static,10,2+,,1,7,8
dae2g1m42tqs73au4ev0,ibm_fez,46,2919,none,54,1-,,4,4,8
dae2g1m42tqs73au4ev0,ibm_fez,46,2920,static,110,2-,,6,2,8
dae2g1m42tqs73au4ev0,ibm_fez,46,2921,correlated,110,2+,,5,3,8
dae2g1m42tqs73au4ev0,ibm_fez,46,2922,correlated,107,1-,,6,2,8
dae2g1m42tqs73au4ev0,ibm_fez,46,2923,none,51,2-,,6,2,8
dae2g1m42tqs73au4ev0,ibm_fez,46,2924,correlated,115,1+,,0,8,8
dae2g1m42tqs73au4ev0,ibm_fez,46,2925,correlated,65,2+,,6,2,8
dae2g1m42tqs73au4ev0,ibm_fez,46,2926,correlated,109,1-,,7,1,8
dae2g1m42tqs73au4ev0,ibm_fez,46,2927,correlated,10,2-,,7,1,8
dae2g1m42tqs73au4ev0,ibm_fez,46,2928,static,107,1-,,5,3,8
dae2g1m42tqs73au4ev0,ibm_fez,46,2929,reset,92,1+,,0,8,8
dae2g1m42tqs73au4ev0,ibm_fez,46,2930,correlated,115,1-,,5,3,8
dae2g1m42tqs73au4ev0,ibm_fez,46,2931,correlated,61,1+,,0,8,8
dae2g1m42tqs73au4ev0,ibm_fez,46,2932,static,69,2+,,0,8,8
dae2g1m42tqs73au4ev0,ibm_fez,46,2933,reset,54,1-,,1,7,8
dae2g1m42tqs73au4ev0,ibm_fez,46,2934,correlated,92,1-,,7,1,8
dae2g1m42tqs73au4ev0,ibm_fez,46,2935,none,92,1-,,5,3,8
dae2g1m42tqs73au4ev0,ibm_fez,46,2936,reset,61,1+,,1,7,8
dae2g1m42tqs73au4ev0,ibm_fez,46,2937,reset,109,1+,,0,8,8
dae2g1m42tqs73au4ev0,ibm_fez,46,2938,reset,65,2-,,6,2,8
dae2g1m42tqs73au4ev0,ibm_fez,46,2939,static,46,+-,,6,2,8
dae2g1m42tqs73au4ev0,ibm_fez,46,2940,none,46,+-,,3,5,8
dae2g1m42tqs73au4ev0,ibm_fez,46,2941,correlated,46,+-,,2,6,8
dae2g1m42tqs73au4ev0,ibm_fez,46,2942,static,46,--,,7,1,8
dae2g1m42tqs73au4ev0,ibm_fez,46,2943,none,46,-+,,3,5,8
dae2g1m42tqs73au4ev0,ibm_fez,46,2944,reset,46,-+,,3,5,8
dae2g1m42tqs73au4ev0,ibm_fez,46,2945,correlated,46,-+,,6,2,8
dae2g1m42tqs73au4ev0,ibm_fez,46,2946,correlated,46,--,,2,6,8
dae2g1m42tqs73au4ev0,ibm_fez,46,2947,reset,46,--,,7,1,8
dae2g1m42tqs73au4ev0,ibm_fez,46,2948,static,46,++,,3,5,8
dae2g1m42tqs73au4ev0,ibm_fez,46,2949,reset,46,+-,,7,1,8
dae2g1m42tqs73au4ev0,ibm_fez,46,2950,static,46,-+,,3,5,8
dae2g1m42tqs73au4ev0,ibm_fez,46,2951,reset,46,++,,1,7,8
dae2g1m42tqs73au4ev0,ibm_fez,46,2952,correlated,46,++,,7,1,8
dae2g1m42tqs73au4ev0,ibm_fez,46,2953,none,46,++,,5,3,8
dae2g1m42tqs73au4ev0,ibm_fez,46,2954,none,46,--,,3,5,8
dae2g1m42tqs73au4ev0,ibm_fez,46,2955,reset,41,-+,,8,0,8
dae2g1m42tqs73au4ev0,ibm_fez,46,2956,reset,41,++,,8,0,8
dae2g1m42tqs73au4ev0,ibm_fez,46,2957,none,41,--,,8,0,8
dae2g1m42tqs73au4ev0,ibm_fez,46,2958,none,41,+-,,7,1,8
dae2g1m42tqs73au4ev0,ibm_fez,46,2959,static,8,++,,8,0,8
dae2g1m42tqs73au4ev0,ibm_fez,46,2960,reset,8,-+,,8,0,8
dae2g1m42tqs73au4ev0,ibm_fez,46,2961,correlated,8,+-,,8,0,8
dae2g1m42tqs73au4ev0,ibm_fez,46,2962,correlated,41,+-,,8,0,8
dae2g1m42tqs73au4ev0,ibm_fez,46,2963,static,41,-+,,8,0,8
dae2g1m42tqs73au4ev0,ibm_fez,46,2964,none,41,++,,8,0,8
dae2g1m42tqs73au4ev0,ibm_fez,46,2965,reset,8,++,,8,0,8
dae2g1m42tqs73au4ev0,ibm_fez,46,2966,reset,41,+-,,8,0,8
dae2g1m42tqs73au4ev0,ibm_fez,46,2967,static,8,--,,8,0,8
dae2g1m42tqs73au4ev0,ibm_fez,46,2968,correlated,8,--,,8,0,8
dae2g1m42tqs73au4ev0,ibm_fez,46,2969,none,8,-+,,8,0,8
dae2g1m42tqs73au4ev0,ibm_fez,46,2970,static,8,-+,,8,0,8
dae2g1m42tqs73au4ev0,ibm_fez,46,2971,static,8,+-,,8,0,8
dae2g1m42tqs73au4ev0,ibm_fez,46,2972,reset,41,--,,8,0,8
dae2g1m42tqs73au4ev0,ibm_fez,46,2973,correlated,41,--,,8,0,8
dae2g1m42tqs73au4ev0,ibm_fez,46,2974,correlated,8,++,,8,0,8
dae2g1m42tqs73au4ev0,ibm_fez,46,2975,static,41,+-,,8,0,8
dae2g1m42tqs73au4ev0,ibm_fez,46,2976,none,8,++,,8,0,8
dae2g1m42tqs73au4ev0,ibm_fez,46,2977,reset,8,+-,,8,0,8
dae2g1m42tqs73au4ev0,ibm_fez,46,2978,static,41,--,,8,0,8
dae2g1m42tqs73au4ev0,ibm_fez,46,2979,correlated,8,-+,,8,0,8
dae2g1m42tqs73au4ev0,ibm_fez,46,2980,correlated,41,++,,8,0,8
dae2g1m42tqs73au4ev0,ibm_fez,46,2981,reset,8,--,,8,0,8
dae2g1m42tqs73au4ev0,ibm_fez,46,2982,none,41,-+,,8,0,8
dae2g1m42tqs73au4ev0,ibm_fez,46,2983,none,8,+-,,8,0,8
dae2g1m42tqs73au4ev0,ibm_fez,46,2984,correlated,41,-+,,8,0,8
dae2g1m42tqs73au4ev0,ibm_fez,46,2985,static,41,++,,8,0,8
dae2g1m42tqs73au4ev0,ibm_fez,46,2986,none,8,--,,8,0,8
dae2g1m42tqs73au4ev0,ibm_fez,46,2987,static,119,++,,7,1,8
dae2g1m42tqs73au4ev0,ibm_fez,46,2988,static,119,-+,,0,8,8
dae2g1m42tqs73au4ev0,ibm_fez,46,2989,static,119,+-,,1,7,8
dae2g1m42tqs73au4ev0,ibm_fez,46,2990,correlated,119,+-,,2,6,8
dae2g1m42tqs73au4ev0,ibm_fez,46,2991,static,119,--,,5,3,8
dae2g1m42tqs73au4ev0,ibm_fez,46,2992,reset,119,++,,8,0,8
dae2g1m42tqs73au4ev0,ibm_fez,46,2993,none,119,--,,6,2,8
dae2g1m42tqs73au4ev0,ibm_fez,46,2994,correlated,119,--,,7,1,8
dae2g1m42tqs73au4ev0,ibm_fez,46,2995,none,119,-+,,1,7,8
dae2g1m42tqs73au4ev0,ibm_fez,46,2996,correlated,119,++,,5,3,8
dae2g1m42tqs73au4ev0,ibm_fez,46,2997,none,119,+-,,5,3,8
dae2g1m42tqs73au4ev0,ibm_fez,46,2998,reset,119,--,,6,2,8
dae2g1m42tqs73au4ev0,ibm_fez,46,2999,reset,119,+-,,1,7,8
dae2g1m42tqs73au4ev0,ibm_fez,46,3000,none,119,++,,4,4,8
dae2g1m42tqs73au4ev0,ibm_fez,46,3001,correlated,119,-+,,2,6,8
dae2g1m42tqs73au4ev0,ibm_fez,46,3002,reset,119,-+,,2,6,8
dae2g1m42tqs73au4ev0,ibm_fez,46,3003,,,,0,8,0,8
dae2g1m42tqs73au4ev0,ibm_fez,46,3004,,,,1,0,8,8
dae2g1m42tqs73au4ev0,ibm_fez,46,3005,,,,0,8,0,8
dae2g1m42tqs73au4ev0,ibm_fez,46,3006,,,,1,0,8,8
dae2g1m42tqs73au4ev0,ibm_fez,46,3007,reset,127,+-,,7,1,8
dae2g1m42tqs73au4ev0,ibm_fez,46,3008,none,127,-+,,3,5,8
dae2g1m42tqs73au4ev0,ibm_fez,46,3009,reset,127,-+,,1,7,8
dae2g1m42tqs73au4ev0,ibm_fez,46,3010,static,127,--,,8,0,8
dae2g1m42tqs73au4ev0,ibm_fez,46,3011,correlated,127,--,,1,7,8
dae2g1m42tqs73au4ev0,ibm_fez,46,3012,static,127,-+,,7,1,8
dae2g1m42tqs73au4ev0,ibm_fez,46,3013,reset,127,++,,8,0,8
dae2g1m42tqs73au4ev0,ibm_fez,46,3014,none,127,--,,4,4,8
dae2g1m42tqs73au4ev0,ibm_fez,46,3015,correlated,127,-+,,1,7,8
dae2g1m42tqs73au4ev0,ibm_fez,46,3016,none,127,+-,,5,3,8
dae2g1m42tqs73au4ev0,ibm_fez,46,3017,static,127,++,,2,6,8
dae2g1m42tqs73au4ev0,ibm_fez,46,3018,reset,127,--,,0,8,8
dae2g1m42tqs73au4ev0,ibm_fez,46,3019,none,127,++,,3,5,8
dae2g1m42tqs73au4ev0,ibm_fez,46,3020,correlated,127,++,,5,3,8
dae2g1m42tqs73au4ev0,ibm_fez,46,3021,correlated,127,+-,,7,1,8
dae2g1m42tqs73au4ev0,ibm_fez,46,3022,static,127,+-,,1,7,8
dae2g1m42tqs73au4ev0,ibm_fez,46,3023,,,,1,0,8,8
dae2g1m42tqs73au4ev0,ibm_fez,46,3024,,,,1,0,8,8
dae2g1m42tqs73au4ev0,ibm_fez,46,3025,reset,25,1-,,7,1,8
dae2g1m42tqs73au4ev0,ibm_fez,46,3026,none,13,2-,,6,2,8
dae2g1m42tqs73au4ev0,ibm_fez,46,3027,static,68,2+,,0,8,8
dae2g1m42tqs73au4ev0,ibm_fez,46,3028,reset,118,2-,,5,3,8
dae2g1m42tqs73au4ev0,ibm_fez,46,3029,correlated,116,2+,,6,2,8
dae2g1m42tqs73au4ev0,ibm_fez,46,3030,none,34,1-,,4,4,8
dae2g1m42tqs73au4ev0,ibm_fez,46,3031,reset,118,2+,,3,5,8
dae2g1m42tqs73au4ev0,ibm_fez,46,3032,correlated,89,1+,,7,1,8
dae2g1m42tqs73au4ev0,ibm_fez,46,3033,reset,34,1-,,3,5,8
dae2g1m42tqs73au4ev0,ibm_fez,46,3034,correlated,13,2-,,2,6,8
dae2g1m42tqs73au4ev0,ibm_fez,46,3035,none,116,2-,,3,5,8
dae2g1m42tqs73au4ev0,ibm_fez,46,3036,static,115,2-,,8,0,8
dae2g1m42tqs73au4ev0,ibm_fez,46,3037,none,10,1-,,4,4,8
dae2g1m42tqs73au4ev0,ibm_fez,46,3038,correlated,10,1-,,7,1,8
dae2g1m42tqs73au4ev0,ibm_fez,46,3039,static,13,2-,,8,0,8
dae2g1m42tqs73au4ev0,ibm_fez,46,3040,reset,10,1+,,1,7,8
dae2g1m42tqs73au4ev0,ibm_fez,46,3041,static,17,1-,,6,2,8
dae2g1m42tqs73au4ev0,ibm_fez,46,3042,correlated,25,1-,,8,0,8
dae2g1m42tqs73au4ev0,ibm_fez,46,3043,none,118,2-,,3,5,8
dae2g1m42tqs73au4ev0,ibm_fez,46,3044,reset,102,1-,,0,8,8
dae2g1m42tqs73au4ev0,ibm_fez,46,3045,reset,68,2-,,2,6,8
dae2g1m42tqs73au4ev0,ibm_fez,46,3046,static,116,2-,,8,0,8
dae2g1m42tqs73au4ev0,ibm_fez,46,3047,correlated,115,2-,,7,1,8
dae2g1m42tqs73au4ev0,ibm_fez,46,3048,reset,17,1+,,1,7,8
dae2g1m42tqs73au4ev0,ibm_fez,46,3049,reset,68,2+,,7,1,8
dae2g1m42tqs73au4ev0,ibm_fez,46,3050,correlated,68,2+,,1,7,8
dae2g1m42tqs73au4ev0,ibm_fez,46,3051,correlated,102,1-,,2,6,8
dae2g1m42tqs73au4ev0,ibm_fez,46,3052,correlated,34,1+,,8,0,8
dae2g1m42tqs73au4ev0,ibm_fez,46,3053,static,115,2+,,1,7,8
dae2g1m42tqs73au4ev0,ibm_fez,46,3054,none,34,1+,,5,3,8
dae2g1m42tqs73au4ev0,ibm_fez,46,3055,static,118,2+,,1,7,8
dae2g1m42tqs73au4ev0,ibm_fez,46,3056,none,25,1-,,3,5,8
dae2g1m42tqs73au4ev0,ibm_fez,46,3057,static,118,2-,,6,2,8
dae2g1m42tqs73au4ev0,ibm_fez,46,3058,none,102,1-,,5,3,8
dae2g1m42tqs73au4ev0,ibm_fez,46,3059,correlated,118,2-,,8,0,8
dae2g1m42tqs73au4ev0,ibm_fez,46,3060,correlated,10,1+,,2,6,8
dae2g1m42tqs73au4ev0,ibm_fez,46,3061,correlated,115,2+,,1,7,8
dae2g1m42tqs73au4ev0,ibm_fez,46,3062,none,103,2+,,6,2,8
dae2g1m42tqs73au4ev0,ibm_fez,46,3063,correlated,89,1-,,3,5,8
dae2g1m42tqs73au4ev0,ibm_fez,46,3064,static,34,1+,,1,7,8
dae2g1m42tqs73au4ev0,ibm_fez,46,3065,static,68,2-,,6,2,8
dae2g1m42tqs73au4ev0,ibm_fez,46,3066,static,116,2+,,1,7,8
dae2g1m42tqs73au4ev0,ibm_fez,46,3067,none,89,1-,,4,4,8
dae2g1m42tqs73au4ev0,ibm_fez,46,3068,static,89,1+,,4,4,8
dae2g1m42tqs73au4ev0,ibm_fez,46,3069,static,10,1+,,2,6,8
dae2g1m42tqs73au4ev0,ibm_fez,46,3070,none,102,1+,,5,3,8
dae2g1m42tqs73au4ev0,ibm_fez,46,3071,none,13,2+,,4,4,8
dae2g1m42tqs73au4ev0,ibm_fez,46,3072,reset,89,1-,,0,8,8
dae2g1m42tqs73au4ev0,ibm_fez,46,3073,correlated,116,2-,,2,6,8
dae2g1m42tqs73au4ev0,ibm_fez,46,3074,none,115,2-,,3,5,8
dae2g1m42tqs73au4ev0,ibm_fez,46,3075,static,17,1+,,1,7,8
dae2g1m42tqs73au4ev0,ibm_fez,46,3076,none,68,2-,,5,3,8
dae2g1m42tqs73au4ev0,ibm_fez,46,3077,correlated,25,1+,,1,7,8
dae2g1m42tqs73au4ev0,ibm_fez,46,3078,reset,103,2+,,1,7,8
dae2g1m42tqs73au4ev0,ibm_fez,46,3079,none,118,2+,,3,5,8
dae2g1m42tqs73au4ev0,ibm_fez,46,3080,correlated,102,1+,,7,1,8
dae2g1m42tqs73au4ev0,ibm_fez,46,3081,none,89,1+,,4,4,8
dae2g1m42tqs73au4ev0,ibm_fez,46,3082,reset,10,1-,,6,2,8
dae2g1m42tqs73au4ev0,ibm_fez,46,3083,static,13,2+,,0,8,8
dae2g1m42tqs73au4ev0,ibm_fez,46,3084,correlated,17,1+,,2,6,8
dae2g1m42tqs73au4ev0,ibm_fez,46,3085,correlated,118,2+,,2,6,8
dae2g1m42tqs73au4ev0,ibm_fez,46,3086,reset,13,2-,,1,7,8
dae2g1m42tqs73au4ev0,ibm_fez,46,3087,static,25,1+,,1,7,8
dae2g1m42tqs73au4ev0,ibm_fez,46,3088,static,89,1-,,8,0,8
dae2g1m42tqs73au4ev0,ibm_fez,46,3089,none,68,2+,,3,5,8
dae2g1m42tqs73au4ev0,ibm_fez,46,3090,correlated,34,1-,,1,7,8
dae2g1m42tqs73au4ev0,ibm_fez,46,3091,reset,13,2+,,6,2,8
dae2g1m42tqs73au4ev0,ibm_fez,46,3092,reset,102,1+,,7,1,8
dae2g1m42tqs73au4ev0,ibm_fez,46,3093,static,102,1-,,5,3,8
dae2g1m42tqs73au4ev0,ibm_fez,46,3094,reset,116,2+,,5,3,8
dae2g1m42tqs73au4ev0,ibm_fez,46,3095,none,10,1+,,6,2,8
dae2g1m42tqs73au4ev0,ibm_fez,46,3096,static,10,1-,,7,1,8
dae2g1m42tqs73au4ev0,ibm_fez,46,3097,static,34,1-,,8,0,8
dae2g1m42tqs73au4ev0,ibm_fez,46,3098,none,116,2+,,5,3,8
dae2g1m42tqs73au4ev0,ibm_fez,46,3099,reset,34,1+,,6,2,8
dae2g1m42tqs73au4ev0,ibm_fez,46,3100,none,25,1+,,2,6,8
dae2g1m42tqs73au4ev0,ibm_fez,46,3101,reset,115,2+,,3,5,8
dae2g1m42tqs73au4ev0,ibm_fez,46,3102,reset,103,2-,,7,1,8
dae2g1m42tqs73au4ev0,ibm_fez,46,3103,static,103,2+,,1,7,8
dae2g1m42tqs73au4ev0,ibm_fez,46,3104,correlated,68,2-,,7,1,8
dae2g1m42tqs73au4ev0,ibm_fez,46,3105,static,103,2-,,6,2,8
dae2g1m42tqs73au4ev0,ibm_fez,46,3106,static,102,1+,,2,6,8
dae2g1m42tqs73au4ev0,ibm_fez,46,3107,none,103,2-,,5,3,8
dae2g1m42tqs73au4ev0,ibm_fez,46,3108,reset,89,1+,,7,1,8
dae2g1m42tqs73au4ev0,ibm_fez,46,3109,correlated,17,1-,,5,3,8
dae2g1m42tqs73au4ev0,ibm_fez,46,3110,correlated,13,2+,,8,0,8
dae2g1m42tqs73au4ev0,ibm_fez,46,3111,reset,17,1-,,7,1,8
dae2g1m42tqs73au4ev0,ibm_fez,46,3112,none,17,1+,,6,2,8
dae2g1m42tqs73au4ev0,ibm_fez,46,3113,correlated,103,2-,,6,2,8
dae2g1m42tqs73au4ev0,ibm_fez,46,3114,reset,25,1+,,2,6,8
dae2g1m42tqs73au4ev0,ibm_fez,46,3115,none,115,2+,,6,2,8
dae2g1m42tqs73au4ev0,ibm_fez,46,3116,reset,115,2-,,6,2,8
dae2g1m42tqs73au4ev0,ibm_fez,46,3117,correlated,103,2+,,2,6,8
dae2g1m42tqs73au4ev0,ibm_fez,46,3118,none,17,1-,,5,3,8
dae2g1m42tqs73au4ev0,ibm_fez,46,3119,reset,116,2-,,1,7,8
dae2g1m42tqs73au4ev0,ibm_fez,46,3120,static,25,1-,,8,0,8
dae2g1m42tqs73au4ev0,ibm_fez,46,3121,correlated,107,++,,5,3,8
dae2g1m42tqs73au4ev0,ibm_fez,46,3122,reset,107,-+,,6,2,8
dae2g1m42tqs73au4ev0,ibm_fez,46,3123,reset,107,--,,2,6,8
dae2g1m42tqs73au4ev0,ibm_fez,46,3124,correlated,107,+-,,4,4,8
dae2g1m42tqs73au4ev0,ibm_fez,46,3125,correlated,107,-+,,4,4,8
dae2g1m42tqs73au4ev0,ibm_fez,46,3126,static,107,+-,,6,2,8
dae2g1m42tqs73au4ev0,ibm_fez,46,3127,static,107,++,,5,3,8
dae2g1m42tqs73au4ev0,ibm_fez,46,3128,none,107,-+,,8,0,8
dae2g1m42tqs73au4ev0,ibm_fez,46,3129,static,107,--,,4,4,8
dae2g1m42tqs73au4ev0,ibm_fez,46,3130,static,107,-+,,4,4,8
dae2g1m42tqs73au4ev0,ibm_fez,46,3131,reset,107,++,,3,5,8
dae2g1m42tqs73au4ev0,ibm_fez,46,3132,correlated,107,--,,4,4,8
dae2g1m42tqs73au4ev0,ibm_fez,46,3133,none,107,+-,,8,0,8
dae2g1m42tqs73au4ev0,ibm_fez,46,3134,reset,107,+-,,3,5,8
dae2g1m42tqs73au4ev0,ibm_fez,46,3135,none,107,++,,0,8,8
dae2g1m42tqs73au4ev0,ibm_fez,46,3136,none,107,--,,0,8,8
dae2g1m42tqs73au4ev0,ibm_fez,46,3137,,,,0,8,0,8
dae2g1m42tqs73au4ev0,ibm_fez,46,3138,none,38,++,,4,4,8
dae2g1m42tqs73au4ev0,ibm_fez,46,3139,static,38,++,,6,2,8
dae2g1m42tqs73au4ev0,ibm_fez,46,3140,static,38,+-,,2,6,8
dae2g1m42tqs73au4ev0,ibm_fez,46,3141,none,38,-+,,4,4,8
dae2g1m42tqs73au4ev0,ibm_fez,46,3142,reset,38,+-,,3,5,8
dae2g1m42tqs73au4ev0,ibm_fez,46,3143,reset,38,++,,6,2,8
dae2g1m42tqs73au4ev0,ibm_fez,46,3144,correlated,38,++,,7,1,8
dae2g1m42tqs73au4ev0,ibm_fez,46,3145,correlated,38,--,,7,1,8
dae2g1m42tqs73au4ev0,ibm_fez,46,3146,correlated,38,-+,,0,8,8
dae2g1m42tqs73au4ev0,ibm_fez,46,3147,none,38,+-,,3,5,8
dae2g1m42tqs73au4ev0,ibm_fez,46,3148,static,38,--,,6,2,8
dae2g1m42tqs73au4ev0,ibm_fez,46,3149,reset,38,--,,6,2,8
dae2g1m42tqs73au4ev0,ibm_fez,46,3150,static,38,-+,,1,7,8
dae2g1m42tqs73au4ev0,ibm_fez,46,3151,none,38,--,,3,5,8
dae2g1m42tqs73au4ev0,ibm_fez,46,3152,reset,38,-+,,4,4,8
dae2g1m42tqs73au4ev0,ibm_fez,46,3153,correlated,38,+-,,0,8,8
dae2g1m42tqs73au4ev0,ibm_fez,46,3154,,,,0,8,0,8
dae2g1m42tqs73au4ev0,ibm_fez,46,3155,,,,0,8,0,8
dae2g1m42tqs73au4ev0,ibm_fez,46,3156,,,,1,0,8,8
dae2g1m42tqs73au4ev0,ibm_fez,46,3157,correlated,62,++,,4,4,8
dae2g1m42tqs73au4ev0,ibm_fez,46,3158,reset,62,+-,,7,1,8
dae2g1m42tqs73au4ev0,ibm_fez,46,3159,static,62,--,,6,2,8
dae2g1m42tqs73au4ev0,ibm_fez,46,3160,static,62,++,,6,2,8
dae2g1m42tqs73au4ev0,ibm_fez,46,3161,correlated,62,+-,,0,8,8
dae2g1m42tqs73au4ev0,ibm_fez,46,3162,none,62,--,,4,4,8
dae2g1m42tqs73au4ev0,ibm_fez,46,3163,none,62,-+,,4,4,8
dae2g1m42tqs73au4ev0,ibm_fez,46,3164,none,62,++,,3,5,8
dae2g1m42tqs73au4ev0,ibm_fez,46,3165,static,62,+-,,2,6,8
dae2g1m42tqs73au4ev0,ibm_fez,46,3166,reset,62,++,,2,6,8
dae2g1m42tqs73au4ev0,ibm_fez,46,3167,none,62,+-,,4,4,8
dae2g1m42tqs73au4ev0,ibm_fez,46,3168,static,62,-+,,3,5,8
dae2g1m42tqs73au4ev0,ibm_fez,46,3169,correlated,62,--,,7,1,8
dae2g1m42tqs73au4ev0,ibm_fez,46,3170,correlated,62,-+,,1,7,8
dae2g1m42tqs73au4ev0,ibm_fez,46,3171,reset,62,--,,4,4,8
dae2g1m42tqs73au4ev0,ibm_fez,46,3172,reset,62,-+,,4,4,8
dae2g1m42tqs73au4ev0,ibm_fez,46,3173,correlated,91,+-,,1,7,8
dae2g1m42tqs73au4ev0,ibm_fez,46,3174,correlated,91,-+,,0,8,8
dae2g1m42tqs73au4ev0,ibm_fez,46,3175,static,91,++,,7,1,8
dae2g1m42tqs73au4ev0,ibm_fez,46,3176,none,91,-+,,3,5,8
dae2g1m42tqs73au4ev0,ibm_fez,46,3177,none,91,++,,3,5,8
dae2g1m42tqs73au4ev0,ibm_fez,46,3178,static,91,-+,,3,5,8
dae2g1m42tqs73au4ev0,ibm_fez,46,3179,reset,91,+-,,2,6,8
dae2g1m42tqs73au4ev0,ibm_fez,46,3180,none,91,+-,,4,4,8
dae2g1m42tqs73au4ev0,ibm_fez,46,3181,none,91,--,,6,2,8
dae2g1m42tqs73au4ev0,ibm_fez,46,3182,correlated,91,--,,5,3,8
dae2g1m42tqs73au4ev0,ibm_fez,46,3183,reset,91,-+,,2,6,8
dae2g1m42tqs73au4ev0,ibm_fez,46,3184,correlated,91,++,,5,3,8
dae2g1m42tqs73au4ev0,ibm_fez,46,3185,reset,91,++,,7,1,8
dae2g1m42tqs73au4ev0,ibm_fez,46,3186,static,91,+-,,4,4,8
dae2g1m42tqs73au4ev0,ibm_fez,46,3187,reset,91,--,,6,2,8
dae2g1m42tqs73au4ev0,ibm_fez,46,3188,static,91,--,,6,2,8
dae2g1m42tqs73au4ev0,ibm_fez,46,3189,none,121,--,,8,0,8
dae2g1m42tqs73au4ev0,ibm_fez,46,3190,none,121,++,,8,0,8
dae2g1m42tqs73au4ev0,ibm_fez,46,3191,none,121,+-,,0,8,8
dae2g1m42tqs73au4ev0,ibm_fez,46,3192,correlated,121,-+,,0,8,8
dae2g1m42tqs73au4ev0,ibm_fez,46,3193,correlated,121,--,,8,0,8
dae2g1m42tqs73au4ev0,ibm_fez,46,3194,static,121,+-,,0,8,8
dae2g1m42tqs73au4ev0,ibm_fez,46,3195,reset,121,--,,7,1,8
dae2g1m42tqs73au4ev0,ibm_fez,46,3196,none,121,-+,,0,8,8
dae2g1m42tqs73au4ev0,ibm_fez,46,3197,static,121,++,,8,0,8
dae2g1m42tqs73au4ev0,ibm_fez,46,3198,static,121,-+,,0,8,8
dae2g1m42tqs73au4ev0,ibm_fez,46,3199,reset,121,-+,,0,8,8
dae2g1m42tqs73au4ev0,ibm_fez,46,3200,correlated,121,+-,,0,8,8
dae2g1m42tqs73au4ev0,ibm_fez,46,3201,reset,121,++,,8,0,8
dae2g1m42tqs73au4ev0,ibm_fez,46,3202,correlated,121,++,,7,1,8
dae2g1m42tqs73au4ev0,ibm_fez,46,3203,static,121,--,,7,1,8
dae2g1m42tqs73au4ev0,ibm_fez,46,3204,reset,121,+-,,0,8,8
dae2g1m42tqs73au4ev0,ibm_fez,46,3205,none,1,1-,,8,0,8
dae2g1m42tqs73au4ev0,ibm_fez,46,3206,static,121,2+,,8,0,8
dae2g1m42tqs73au4ev0,ibm_fez,46,3207,none,96,2+,,8,0,8
dae2g1m42tqs73au4ev0,ibm_fez,46,3208,static,121,2-,,8,0,8
dae2g1m42tqs73au4ev0,ibm_fez,46,3209,static,31,2-,,8,0,8
dae2g1m42tqs73au4ev0,ibm_fez,46,3210,static,84,1-,,8,0,8
dae2g1m42tqs73au4ev0,ibm_fez,46,3211,correlated,108,1-,,8,0,8
dae2g1m42tqs73au4ev0,ibm_fez,46,3212,reset,79,1+,,8,0,8
dae2g1m42tqs73au4ev0,ibm_fez,46,3213,reset,84,1-,,8,0,8
dae2g1m42tqs73au4ev0,ibm_fez,46,3214,none,31,2-,,8,0,8
dae2g1m42tqs73au4ev0,ibm_fez,46,3215,none,121,2-,,8,0,8
dae2g1m42tqs73au4ev0,ibm_fez,46,3216,none,42,2-,,8,0,8
dae2g1m42tqs73au4ev0,ibm_fez,46,3217,none,40,1+,,8,0,8
dae2g1m42tqs73au4ev0,ibm_fez,46,3218,correlated,1,1+,,8,0,8
dae2g1m42tqs73au4ev0,ibm_fez,46,3219,correlated,22,2+,,8,0,8
dae2g1m42tqs73au4ev0,ibm_fez,46,3220,none,108,1+,,8,0,8
dae2g1m42tqs73au4ev0,ibm_fez,46,3221,none,74,2-,,8,0,8
dae2g1m42tqs73au4ev0,ibm_fez,46,3222,reset,108,1+,,8,0,8
dae2g1m42tqs73au4ev0,ibm_fez,46,3223,correlated,74,2-,,8,0,8
dae2g1m42tqs73au4ev0,ibm_fez,46,3224,static,22,2-,,8,0,8
dae2g1m42tqs73au4ev0,ibm_fez,46,3225,static,31,2+,,8,0,8
dae2g1m42tqs73au4ev0,ibm_fez,46,3226,correlated,97,1-,,8,0,8
dae2g1m42tqs73au4ev0,ibm_fez,46,3227,reset,74,2+,,8,0,8
dae2g1m42tqs73au4ev0,ibm_fez,46,3228,reset,74,2-,,8,0,8
dae2g1m42tqs73au4ev0,ibm_fez,46,3229,static,75,1-,,8,0,8
dae2g1m42tqs73au4ev0,ibm_fez,46,3230,reset,1,1-,,8,0,8
dae2g1m42tqs73au4ev0,ibm_fez,46,3231,none,22,2-,,8,0,8
dae2g1m42tqs73au4ev0,ibm_fez,46,3232,static,97,1+,,8,0,8
dae2g1m42tqs73au4ev0,ibm_fez,46,3233,reset,40,1+,,8,0,8
dae2g1m42tqs73au4ev0,ibm_fez,46,3234,reset,97,1-,,8,0,8
dae2g1m42tqs73au4ev0,ibm_fez,46,3235,none,97,1-,,8,0,8
dae2g1m42tqs73au4ev0,ibm_fez,46,3236,reset,96,2-,,8,0,8
dae2g1m42tqs73au4ev0,ibm_fez,46,3237,static,108,1+,,8,0,8
dae2g1m42tqs73au4ev0,ibm_fez,46,3238,correlated,2,2+,,8,0,8
dae2g1m42tqs73au4ev0,ibm_fez,46,3239,none,40,1-,,8,0,8
dae2g1m42tqs73au4ev0,ibm_fez,46,3240,reset,31,2-,,8,0,8
dae2g1m42tqs73au4ev0,ibm_fez,46,3241,static,75,1+,,8,0,8
dae2g1m42tqs73au4ev0,ibm_fez,46,3242,reset,1,1+,,7,1,8
dae2g1m42tqs73au4ev0,ibm_fez,46,3243,correlated,40,1-,,8,0,8
dae2g1m42tqs73au4ev0,ibm_fez,46,3244,correlated,2,2-,,8,0,8
dae2g1m42tqs73au4ev0,ibm_fez,46,3245,none,75,1-,,8,0,8
dae2g1m42tqs73au4ev0,ibm_fez,46,3246,correlated,31,2-,,7,1,8
dae2g1m42tqs73au4ev0,ibm_fez,46,3247,reset,121,2+,,8,0,8
dae2g1m42tqs73au4ev0,ibm_fez,46,3248,static,1,1-,,8,0,8
dae2g1m42tqs73au4ev0,ibm_fez,46,3249,none,121,2+,,8,0,8
dae2g1m42tqs73au4ev0,ibm_fez,46,3250,correlated,40,1+,,8,0,8
dae2g1m42tqs73au4ev0,ibm_fez,46,3251,none,2,2-,,8,0,8
dae2g1m42tqs73au4ev0,ibm_fez,46,3252,correlated,1,1-,,8,0,8
dae2g1m42tqs73au4ev0,ibm_fez,46,3253,none,97,1+,,8,0,8
dae2g1m42tqs73au4ev0,ibm_fez,46,3254,none,79,1-,,8,0,8
dae2g1m42tqs73au4ev0,ibm_fez,46,3255,reset,96,2+,,8,0,8
dae2g1m42tqs73au4ev0,ibm_fez,46,3256,static,74,2-,,8,0,8
dae2g1m42tqs73au4ev0,ibm_fez,46,3257,static,42,2-,,8,0,8
dae2g1m42tqs73au4ev0,ibm_fez,46,3258,reset,2,2+,,8,0,8
dae2g1m42tqs73au4ev0,ibm_fez,46,3259,none,108,1-,,8,0,8
dae2g1m42tqs73au4ev0,ibm_fez,46,3260,static,96,2-,,8,0,8
dae2g1m42tqs73au4ev0,ibm_fez,46,3261,correlated,84,1-,,8,0,8
dae2g1m42tqs73au4ev0,ibm_fez,46,3262,reset,121,2-,,8,0,8
dae2g1m42tqs73au4ev0,ibm_fez,46,3263,none,84,1-,,8,0,8
dae2g1m42tqs73au4ev0,ibm_fez,46,3264,static,1,1+,,8,0,8
dae2g1m42tqs73au4ev0,ibm_fez,46,3265,correlated,22,2-,,8,0,8
dae2g1m42tqs73au4ev0,ibm_fez,46,3266,reset,2,2-,,8,0,8
dae2g1m42tqs73au4ev0,ibm_fez,46,3267,correlated,84,1+,,8,0,8
dae2g1m42tqs73au4ev0,ibm_fez,46,3268,none,84,1+,,8,0,8
dae2g1m42tqs73au4ev0,ibm_fez,46,3269,none,1,1+,,8,0,8
dae2g1m42tqs73au4ev0,ibm_fez,46,3270,static,74,2+,,8,0,8
dae2g1m42tqs73au4ev0,ibm_fez,46,3271,correlated,108,1+,,8,0,8
dae2g1m42tqs73au4ev0,ibm_fez,46,3272,correlated,79,1+,,8,0,8
dae2g1m42tqs73au4ev0,ibm_fez,46,3273,none,2,2+,,8,0,8
dae2g1m42tqs73au4ev0,ibm_fez,46,3274,reset,22,2-,,8,0,8
dae2g1m42tqs73au4ev0,ibm_fez,46,3275,none,75,1+,,7,1,8
dae2g1m42tqs73au4ev0,ibm_fez,46,3276,reset,97,1+,,8,0,8
dae2g1m42tqs73au4ev0,ibm_fez,46,3277,static,42,2+,,8,0,8
dae2g1m42tqs73au4ev0,ibm_fez,46,3278,static,79,1-,,7,1,8
dae2g1m42tqs73au4ev0,ibm_fez,46,3279,reset,75,1+,,8,0,8
dae2g1m42tqs73au4ev0,ibm_fez,46,3280,correlated,31,2+,,8,0,8
dae2g1m42tqs73au4ev0,ibm_fez,46,3281,correlated,121,2+,,8,0,8
dae2g1m42tqs73au4ev0,ibm_fez,46,3282,none,74,2+,,8,0,8
dae2g1m42tqs73au4ev0,ibm_fez,46,3283,static,84,1+,,8,0,8
dae2g1m42tqs73au4ev0,ibm_fez,46,3284,none,22,2+,,8,0,8
dae2g1m42tqs73au4ev0,ibm_fez,46,3285,correlated,79,1-,,8,0,8
dae2g1m42tqs73au4ev0,ibm_fez,46,3286,correlated,42,2+,,8,0,8
dae2g1m42tqs73au4ev0,ibm_fez,46,3287,none,42,2+,,8,0,8
dae2g1m42tqs73au4ev0,ibm_fez,46,3288,reset,42,2+,,8,0,8
dae2g1m42tqs73au4ev0,ibm_fez,46,3289,none,79,1+,,8,0,8
dae2g1m42tqs73au4ev0,ibm_fez,46,3290,correlated,121,2-,,8,0,8
dae2g1m42tqs73au4ev0,ibm_fez,46,3291,correlated,75,1-,,8,0,8
dae2g1m42tqs73au4ev0,ibm_fez,46,3292,reset,40,1-,,8,0,8
dae2g1m42tqs73au4ev0,ibm_fez,46,3293,static,2,2-,,8,0,8
dae2g1m42tqs73au4ev0,ibm_fez,46,3294,static,2,2+,,8,0,8
dae2g1m42tqs73au4ev0,ibm_fez,46,3295,reset,42,2-,,8,0,8
dae2g1m42tqs73au4ev0,ibm_fez,46,3296,static,96,2+,,8,0,8
dae2g1m42tqs73au4ev0,ibm_fez,46,3297,correlated,74,2+,,8,0,8
dae2g1m42tqs73au4ev0,ibm_fez,46,3298,reset,108,1-,,8,0,8
dae2g1m42tqs73au4ev0,ibm_fez,46,3299,reset,75,1-,,8,0,8
dae2g1m42tqs73au4ev0,ibm_fez,46,3300,reset,79,1-,,8,0,8
dae2g1m42tqs73au4ev0,ibm_fez,46,3301,static,40,1-,,8,0,8
dae2g1m42tqs73au4ev0,ibm_fez,46,3302,correlated,96,2+,,8,0,8
dae2g1m42tqs73au4ev0,ibm_fez,46,3303,static,108,1-,,8,0,8
dae2g1m42tqs73au4ev0,ibm_fez,46,3304,static,97,1-,,8,0,8
dae2g1m42tqs73au4ev0,ibm_fez,46,3305,static,79,1+,,8,0,8
dae2g1m42tqs73au4ev0,ibm_fez,46,3306,reset,84,1+,,8,0,8
dae2g1m42tqs73au4ev0,ibm_fez,46,3307,reset,31,2+,,8,0,8
dae2g1m42tqs73au4ev0,ibm_fez,46,3308,static,22,2+,,8,0,8
dae2g1m42tqs73au4ev0,ibm_fez,46,3309,static,40,1+,,8,0,8
dae2g1m42tqs73au4ev0,ibm_fez,46,3310,correlated,96,2-,,8,0,8
dae2g1m42tqs73au4ev0,ibm_fez,46,3311,reset,22,2+,,8,0,8
dae2g1m42tqs73au4ev0,ibm_fez,46,3312,correlated,75,1+,,8,0,8
dae2g1m42tqs73au4ev0,ibm_fez,46,3313,correlated,42,2-,,8,0,8
dae2g1m42tqs73au4ev0,ibm_fez,46,3314,none,31,2+,,8,0,8
dae2g1m42tqs73au4ev0,ibm_fez,46,3315,none,96,2-,,8,0,8
dae2g1m42tqs73au4ev0,ibm_fez,46,3316,correlated,97,1+,,7,1,8
dae2g1m42tqs73au4ev0,ibm_fez,46,3317,,,,0,8,0,8
dae2g1m42tqs73au4ev0,ibm_fez,46,3318,reset,73,--,,1,7,8
dae2g1m42tqs73au4ev0,ibm_fez,46,3319,correlated,73,-+,,2,6,8
dae2g1m42tqs73au4ev0,ibm_fez,46,3320,none,73,-+,,4,4,8
dae2g1m42tqs73au4ev0,ibm_fez,46,3321,none,73,++,,5,3,8
dae2g1m42tqs73au4ev0,ibm_fez,46,3322,correlated,73,++,,6,2,8
dae2g1m42tqs73au4ev0,ibm_fez,46,3323,none,73,--,,5,3,8
dae2g1m42tqs73au4ev0,ibm_fez,46,3324,reset,73,-+,,8,0,8
dae2g1m42tqs73au4ev0,ibm_fez,46,3325,static,73,--,,4,4,8
dae2g1m42tqs73au4ev0,ibm_fez,46,3326,correlated,73,--,,5,3,8
dae2g1m42tqs73au4ev0,ibm_fez,46,3327,static,73,+-,,3,5,8
dae2g1m42tqs73au4ev0,ibm_fez,46,3328,correlated,73,+-,,2,6,8
dae2g1m42tqs73au4ev0,ibm_fez,46,3329,static,73,++,,7,1,8
dae2g1m42tqs73au4ev0,ibm_fez,46,3330,reset,73,+-,,7,1,8
dae2g1m42tqs73au4ev0,ibm_fez,46,3331,reset,73,++,,1,7,8
dae2g1m42tqs73au4ev0,ibm_fez,46,3332,static,73,-+,,4,4,8
dae2g1m42tqs73au4ev0,ibm_fez,46,3333,none,73,+-,,4,4,8
dae2g1m42tqs73au4ev0,ibm_fez,46,3334,reset,114,--,,1,7,8
dae2g1m42tqs73au4ev0,ibm_fez,46,3335,static,114,++,,1,7,8
dae2g1m42tqs73au4ev0,ibm_fez,46,3336,reset,114,++,,6,2,8
dae2g1m42tqs73au4ev0,ibm_fez,46,3337,none,114,--,,2,6,8
dae2g1m42tqs73au4ev0,ibm_fez,46,3338,correlated,114,++,,2,6,8
dae2g1m42tqs73au4ev0,ibm_fez,46,3339,correlated,114,--,,6,2,8
dae2g1m42tqs73au4ev0,ibm_fez,46,3340,static,114,+-,,6,2,8
dae2g1m42tqs73au4ev0,ibm_fez,46,3341,static,114,--,,7,1,8
dae2g1m42tqs73au4ev0,ibm_fez,46,3342,static,114,-+,,2,6,8
dae2g1m42tqs73au4ev0,ibm_fez,46,3343,reset,114,-+,,5,3,8
dae2g1m42tqs73au4ev0,ibm_fez,46,3344,reset,114,+-,,1,7,8
dae2g1m42tqs73au4ev0,ibm_fez,46,3345,correlated,114,+-,,6,2,8
dae2g1m42tqs73au4ev0,ibm_fez,46,3346,none,114,-+,,7,1,8
dae2g1m42tqs73au4ev0,ibm_fez,46,3347,none,114,+-,,2,6,8
dae2g1m42tqs73au4ev0,ibm_fez,46,3348,correlated,114,-+,,1,7,8
dae2g1m42tqs73au4ev0,ibm_fez,46,3349,none,114,++,,4,4,8
dae2g1m42tqs73au4ev0,ibm_fez,46,3350,static,83,--,,7,1,8
dae2g1m42tqs73au4ev0,ibm_fez,46,3351,none,83,++,,2,6,8
dae2g1m42tqs73au4ev0,ibm_fez,46,3352,static,83,-+,,3,5,8
dae2g1m42tqs73au4ev0,ibm_fez,46,3353,reset,83,--,,2,6,8
dae2g1m42tqs73au4ev0,ibm_fez,46,3354,correlated,83,++,,1,7,8
dae2g1m42tqs73au4ev0,ibm_fez,46,3355,reset,83,-+,,7,1,8
dae2g1m42tqs73au4ev0,ibm_fez,46,3356,correlated,83,+-,,7,1,8
dae2g1m42tqs73au4ev0,ibm_fez,46,3357,static,83,++,,1,7,8
dae2g1m42tqs73au4ev0,ibm_fez,46,3358,none,83,+-,,6,2,8
dae2g1m42tqs73au4ev0,ibm_fez,46,3359,reset,83,+-,,4,4,8
dae2g1m42tqs73au4ev0,ibm_fez,46,3360,correlated,83,--,,8,0,8
dae2g1m42tqs73au4ev0,ibm_fez,46,3361,none,83,--,,5,3,8
dae2g1m42tqs73au4ev0,ibm_fez,46,3362,reset,83,++,,7,1,8
dae2g1m42tqs73au4ev0,ibm_fez,46,3363,static,83,+-,,8,0,8
dae2g1m42tqs73au4ev0,ibm_fez,46,3364,none,83,-+,,4,4,8
dae2g1m42tqs73au4ev0,ibm_fez,46,3365,correlated,83,-+,,3,5,8
dae2g1m42tqs73au4ev0,ibm_fez,46,3366,static,74,--,,8,0,8
dae2g1m42tqs73au4ev0,ibm_fez,46,3367,reset,74,--,,8,0,8
dae2g1m42tqs73au4ev0,ibm_fez,46,3368,none,74,--,,7,1,8
dae2g1m42tqs73au4ev0,ibm_fez,46,3369,correlated,74,-+,,8,0,8
dae2g1m42tqs73au4ev0,ibm_fez,46,3370,reset,74,-+,,8,0,8
dae2g1m42tqs73au4ev0,ibm_fez,46,3371,none,74,-+,,8,0,8
dae2g1m42tqs73au4ev0,ibm_fez,46,3372,static,74,++,,8,0,8
dae2g1m42tqs73au4ev0,ibm_fez,46,3373,reset,74,+-,,8,0,8
dae2g1m42tqs73au4ev0,ibm_fez,46,3374,reset,74,++,,8,0,8
dae2g1m42tqs73au4ev0,ibm_fez,46,3375,correlated,74,--,,8,0,8
dae2g1m42tqs73au4ev0,ibm_fez,46,3376,correlated,74,++,,8,0,8
dae2g1m42tqs73au4ev0,ibm_fez,46,3377,static,74,-+,,8,0,8
dae2g1m42tqs73au4ev0,ibm_fez,46,3378,correlated,74,+-,,8,0,8
dae2g1m42tqs73au4ev0,ibm_fez,46,3379,none,74,++,,8,0,8
dae2g1m42tqs73au4ev0,ibm_fez,46,3380,static,74,+-,,8,0,8
dae2g1m42tqs73au4ev0,ibm_fez,46,3381,none,74,+-,,8,0,8
dae2g1m42tqs73au4ev0,ibm_fez,46,3382,,,,0,8,0,8
dae2g1m42tqs73au4ev0,ibm_fez,46,3383,correlated,52,++,,2,6,8
dae2g1m42tqs73au4ev0,ibm_fez,46,3384,none,52,++,,0,8,8
dae2g1m42tqs73au4ev0,ibm_fez,46,3385,reset,52,-+,,8,0,8
dae2g1m42tqs73au4ev0,ibm_fez,46,3386,static,52,--,,4,4,8
dae2g1m42tqs73au4ev0,ibm_fez,46,3387,static,52,-+,,6,2,8
dae2g1m42tqs73au4ev0,ibm_fez,46,3388,none,52,--,,0,8,8
dae2g1m42tqs73au4ev0,ibm_fez,46,3389,correlated,52,-+,,6,2,8
dae2g1m42tqs73au4ev0,ibm_fez,46,3390,none,52,-+,,8,0,8
dae2g1m42tqs73au4ev0,ibm_fez,46,3391,reset,52,++,,0,8,8
dae2g1m42tqs73au4ev0,ibm_fez,46,3392,static,52,+-,,7,1,8
dae2g1m42tqs73au4ev0,ibm_fez,46,3393,reset,52,--,,0,8,8
dae2g1m42tqs73au4ev0,ibm_fez,46,3394,none,52,+-,,8,0,8
dae2g1m42tqs73au4ev0,ibm_fez,46,3395,static,52,++,,5,3,8
dae2g1m42tqs73au4ev0,ibm_fez,46,3396,correlated,52,--,,3,5,8
dae2g1m42tqs73au4ev0,ibm_fez,46,3397,reset,52,+-,,8,0,8
dae2g1m42tqs73au4ev0,ibm_fez,46,3398,correlated,52,+-,,6,2,8
dae2g1m42tqs73au4ev0,ibm_fez,46,3399,,,,0,8,0,8
dae2g1m42tqs73au4ev0,ibm_fez,46,3400,static,20,-+,,7,1,8
dae2g1m42tqs73au4ev0,ibm_fez,46,3401,none,20,+-,,5,3,8
dae2g1m42tqs73au4ev0,ibm_fez,46,3402,correlated,20,++,,2,6,8
dae2g1m42tqs73au4ev0,ibm_fez,46,3403,reset,20,--,,7,1,8
dae2g1m42tqs73au4ev0,ibm_fez,46,3404,correlated,20,+-,,2,6,8
dae2g1m42tqs73au4ev0,ibm_fez,46,3405,static,20,--,,6,2,8
dae2g1m42tqs73au4ev0,ibm_fez,46,3406,correlated,20,-+,,7,1,8
dae2g1m42tqs73au4ev0,ibm_fez,46,3407,correlated,20,--,,7,1,8
dae2g1m42tqs73au4ev0,ibm_fez,46,3408,none,20,--,,3,5,8
dae2g1m42tqs73au4ev0,ibm_fez,46,3409,static,20,++,,2,6,8
dae2g1m42tqs73au4ev0,ibm_fez,46,3410,reset,20,+-,,2,6,8
dae2g1m42tqs73au4ev0,ibm_fez,46,3411,static,20,+-,,0,8,8
dae2g1m42tqs73au4ev0,ibm_fez,46,3412,reset,20,-+,,5,3,8
dae2g1m42tqs73au4ev0,ibm_fez,46,3413,reset,20,++,,1,7,8
dae2g1m42tqs73au4ev0,ibm_fez,46,3414,none,20,-+,,3,5,8
dae2g1m42tqs73au4ev0,ibm_fez,46,3415,none,20,++,,3,5,8
dae2g1m42tqs73au4ev0,ibm_fez,46,3416,reset,10,--,,6,2,8
dae2g1m42tqs73au4ev0,ibm_fez,46,3417,reset,10,-+,,6,2,8
dae2g1m42tqs73au4ev0,ibm_fez,46,3418,correlated,10,++,,1,7,8
dae2g1m42tqs73au4ev0,ibm_fez,46,3419,none,10,++,,3,5,8
dae2g1m42tqs73au4ev0,ibm_fez,46,3420,none,10,+-,,3,5,8
dae2g1m42tqs73au4ev0,ibm_fez,46,3421,static,10,++,,1,7,8
dae2g1m42tqs73au4ev0,ibm_fez,46,3422,reset,10,++,,1,7,8
dae2g1m42tqs73au4ev0,ibm_fez,46,3423,correlated,10,-+,,3,5,8
dae2g1m42tqs73au4ev0,ibm_fez,46,3424,none,10,--,,3,5,8
dae2g1m42tqs73au4ev0,ibm_fez,46,3425,none,10,-+,,3,5,8
dae2g1m42tqs73au4ev0,ibm_fez,46,3426,reset,10,+-,,2,6,8
dae2g1m42tqs73au4ev0,ibm_fez,46,3427,correlated,10,--,,4,4,8
dae2g1m42tqs73au4ev0,ibm_fez,46,3428,static,10,-+,,7,1,8
dae2g1m42tqs73au4ev0,ibm_fez,46,3429,static,10,+-,,2,6,8
dae2g1m42tqs73au4ev0,ibm_fez,46,3430,static,10,--,,6,2,8
dae2g1m42tqs73au4ev0,ibm_fez,46,3431,correlated,10,+-,,2,6,8
dae2g1m42tqs73au4ev0,ibm_fez,46,3432,,,,0,8,0,8
dae2g1m42tqs73au4ev0,ibm_fez,46,3433,,,,0,8,0,8
dae2g1m42tqs73au4ev0,ibm_fez,46,3434,correlated,76,+-,,6,2,8
dae2g1m42tqs73au4ev0,ibm_fez,46,3435,reset,76,++,,7,1,8
dae2g1m42tqs73au4ev0,ibm_fez,46,3436,none,76,-+,,3,5,8
dae2g1m42tqs73au4ev0,ibm_fez,46,3437,static,76,+-,,8,0,8
dae2g1m42tqs73au4ev0,ibm_fez,46,3438,static,76,-+,,2,6,8
dae2g1m42tqs73au4ev0,ibm_fez,46,3439,static,76,--,,7,1,8
dae2g1m42tqs73au4ev0,ibm_fez,46,3440,none,76,++,,3,5,8
dae2g1m42tqs73au4ev0,ibm_fez,46,3441,none,76,--,,4,4,8
dae2g1m42tqs73au4ev0,ibm_fez,46,3442,none,76,+-,,4,4,8
dae2g1m42tqs73au4ev0,ibm_fez,46,3443,correlated,76,++,,1,7,8
dae2g1m42tqs73au4ev0,ibm_fez,46,3444,correlated,76,-+,,2,6,8
dae2g1m42tqs73au4ev0,ibm_fez,46,3445,reset,76,-+,,8,0,8
dae2g1m42tqs73au4ev0,ibm_fez,46,3446,correlated,76,--,,8,0,8
dae2g1m42tqs73au4ev0,ibm_fez,46,3447,reset,76,--,,3,5,8
dae2g1m42tqs73au4ev0,ibm_fez,46,3448,static,76,++,,2,6,8
dae2g1m42tqs73au4ev0,ibm_fez,46,3449,reset,76,+-,,1,7,8
dae2g1m42tqs73au4ev0,ibm_fez,46,3450,,,,1,0,8,8
dae2g1m42tqs73au4ev0,ibm_fez,46,3451,static,92,++,,0,8,8
dae2g1m42tqs73au4ev0,ibm_fez,46,3452,static,92,--,,8,0,8
dae2g1m42tqs73au4ev0,ibm_fez,46,3453,reset,92,-+,,8,0,8
dae2g1m42tqs73au4ev0,ibm_fez,46,3454,none,92,++,,3,5,8
dae2g1m42tqs73au4ev0,ibm_fez,46,3455,reset,92,+-,,2,6,8
dae2g1m42tqs73au4ev0,ibm_fez,46,3456,reset,92,++,,3,5,8
dae2g1m42tqs73au4ev0,ibm_fez,46,3457,correlated,92,--,,8,0,8
dae2g1m42tqs73au4ev0,ibm_fez,46,3458,static,92,+-,,1,7,8
dae2g1m42tqs73au4ev0,ibm_fez,46,3459,correlated,92,+-,,2,6,8
dae2g1m42tqs73au4ev0,ibm_fez,46,3460,correlated,92,++,,2,6,8
dae2g1m42tqs73au4ev0,ibm_fez,46,3461,none,92,-+,,3,5,8
dae2g1m42tqs73au4ev0,ibm_fez,46,3462,none,92,+-,,5,3,8
dae2g1m42tqs73au4ev0,ibm_fez,46,3463,correlated,92,-+,,7,1,8
dae2g1m42tqs73au4ev0,ibm_fez,46,3464,none,92,--,,5,3,8
dae2g1m42tqs73au4ev0,ibm_fez,46,3465,static,92,-+,,4,4,8
dae2g1m42tqs73au4ev0,ibm_fez,46,3466,reset,92,--,,6,2,8
dae2g1m42tqs73au4ev0,ibm_fez,46,3467,reset,26,--,,7,1,8
dae2g1m42tqs73au4ev0,ibm_fez,46,3468,none,26,+-,,1,7,8
dae2g1m42tqs73au4ev0,ibm_fez,46,3469,none,26,-+,,0,8,8
dae2g1m42tqs73au4ev0,ibm_fez,46,3470,reset,26,++,,8,0,8
dae2g1m42tqs73au4ev0,ibm_fez,46,3471,correlated,26,+-,,0,8,8
dae2g1m42tqs73au4ev0,ibm_fez,46,3472,reset,26,+-,,0,8,8
dae2g1m42tqs73au4ev0,ibm_fez,46,3473,static,26,++,,8,0,8
dae2g1m42tqs73au4ev0,ibm_fez,46,3474,static,26,+-,,0,8,8
dae2g1m42tqs73au4ev0,ibm_fez,46,3475,static,26,-+,,0,8,8
dae2g1m42tqs73au4ev0,ibm_fez,46,3476,none,26,--,,7,1,8
dae2g1m42tqs73au4ev0,ibm_fez,46,3477,none,26,++,,8,0,8
dae2g1m42tqs73au4ev0,ibm_fez,46,3478,reset,26,-+,,0,8,8
dae2g1m42tqs73au4ev0,ibm_fez,46,3479,static,26,--,,8,0,8
dae2g1m42tqs73au4ev0,ibm_fez,46,3480,correlated,26,--,,7,1,8
dae2g1m42tqs73au4ev0,ibm_fez,46,3481,correlated,26,++,,7,1,8
dae2g1m42tqs73au4ev0,ibm_fez,46,3482,correlated,26,-+,,0,8,8
dae2g1m42tqs73au4ev0,ibm_fez,46,3483,,,,0,8,0,8
dae2g1m42tqs73au4ev0,ibm_fez,46,3484,correlated,42,--,,8,0,8
dae2g1m42tqs73au4ev0,ibm_fez,46,3485,correlated,42,-+,,0,8,8
dae2g1m42tqs73au4ev0,ibm_fez,46,3486,correlated,42,++,,8,0,8
dae2g1m42tqs73au4ev0,ibm_fez,46,3487,static,42,--,,8,0,8
dae2g1m42tqs73au4ev0,ibm_fez,46,3488,none,42,++,,8,0,8
dae2g1m42tqs73au4ev0,ibm_fez,46,3489,correlated,42,+-,,0,8,8
dae2g1m42tqs73au4ev0,ibm_fez,46,3490,static,42,+-,,0,8,8
dae2g1m42tqs73au4ev0,ibm_fez,46,3491,static,42,-+,,0,8,8
dae2g1m42tqs73au4ev0,ibm_fez,46,3492,reset,42,++,,3,5,8
dae2g1m42tqs73au4ev0,ibm_fez,46,3493,none,42,+-,,0,8,8
dae2g1m42tqs73au4ev0,ibm_fez,46,3494,reset,42,+-,,5,3,8
dae2g1m42tqs73au4ev0,ibm_fez,46,3495,static,42,++,,8,0,8
dae2g1m42tqs73au4ev0,ibm_fez,46,3496,reset,42,--,,2,6,8
dae2g1m42tqs73au4ev0,ibm_fez,46,3497,none,42,-+,,0,8,8
dae2g1m42tqs73au4ev0,ibm_fez,46,3498,none,42,--,,8,0,8
dae2g1m42tqs73au4ev0,ibm_fez,46,3499,reset,42,-+,,4,4,8
dae2g1m42tqs73au4ev0,ibm_fez,46,3500,,,,0,8,0,8
dae2g1m42tqs73au4ev0,ibm_fez,46,3501,,,,1,0,8,8
dae2g1m42tqs73au4ev0,ibm_fez,46,3502,,,,0,8,0,8
dae2g1m42tqs73au4ev0,ibm_fez,46,3503,,,,0,8,0,8
dae2g1m42tqs73au4ev0,ibm_fez,46,3504,none,123,++,,1,7,8
dae2g1m42tqs73au4ev0,ibm_fez,46,3505,reset,123,--,,8,0,8
dae2g1m42tqs73au4ev0,ibm_fez,46,3506,correlated,123,-+,,2,6,8
dae2g1m42tqs73au4ev0,ibm_fez,46,3507,static,123,-+,,2,6,8
dae2g1m42tqs73au4ev0,ibm_fez,46,3508,correlated,123,--,,4,4,8
dae2g1m42tqs73au4ev0,ibm_fez,46,3509,none,123,--,,5,3,8
dae2g1m42tqs73au4ev0,ibm_fez,46,3510,reset,123,+-,,1,7,8
dae2g1m42tqs73au4ev0,ibm_fez,46,3511,static,123,++,,4,4,8
dae2g1m42tqs73au4ev0,ibm_fez,46,3512,reset,123,-+,,2,6,8
dae2g1m42tqs73au4ev0,ibm_fez,46,3513,none,123,+-,,5,3,8
dae2g1m42tqs73au4ev0,ibm_fez,46,3514,static,123,+-,,1,7,8
dae2g1m42tqs73au4ev0,ibm_fez,46,3515,none,123,-+,,4,4,8
dae2g1m42tqs73au4ev0,ibm_fez,46,3516,static,123,--,,7,1,8
dae2g1m42tqs73au4ev0,ibm_fez,46,3517,reset,123,++,,6,2,8
dae2g1m42tqs73au4ev0,ibm_fez,46,3518,correlated,123,+-,,1,7,8
dae2g1m42tqs73au4ev0,ibm_fez,46,3519,correlated,123,++,,4,4,8
dae2g1m42tqs73au4ev0,ibm_fez,46,3520,reset,109,--,,6,2,8
dae2g1m42tqs73au4ev0,ibm_fez,46,3521,correlated,109,+-,,2,6,8
dae2g1m42tqs73au4ev0,ibm_fez,46,3522,correlated,109,--,,5,3,8
dae2g1m42tqs73au4ev0,ibm_fez,46,3523,none,109,-+,,5,3,8
dae2g1m42tqs73au4ev0,ibm_fez,46,3524,reset,109,++,,2,6,8
dae2g1m42tqs73au4ev0,ibm_fez,46,3525,reset,109,-+,,7,1,8
dae2g1m42tqs73au4ev0,ibm_fez,46,3526,static,109,++,,1,7,8
dae2g1m42tqs73au4ev0,ibm_fez,46,3527,reset,109,+-,,2,6,8
dae2g1m42tqs73au4ev0,ibm_fez,46,3528,static,109,-+,,6,2,8
dae2g1m42tqs73au4ev0,ibm_fez,46,3529,none,109,++,,5,3,8
dae2g1m42tqs73au4ev0,ibm_fez,46,3530,none,109,+-,,5,3,8
dae2g1m42tqs73au4ev0,ibm_fez,46,3531,correlated,109,++,,2,6,8
dae2g1m42tqs73au4ev0,ibm_fez,46,3532,correlated,109,-+,,6,2,8
dae2g1m42tqs73au4ev0,ibm_fez,46,3533,static,109,+-,,2,6,8
dae2g1m42tqs73au4ev0,ibm_fez,46,3534,none,109,--,,6,2,8
dae2g1m42tqs73au4ev0,ibm_fez,46,3535,static,109,--,,6,2,8
dae2g1m42tqs73au4ev0,ibm_fez,46,3536,static,85,--,,7,1,8
dae2g1m42tqs73au4ev0,ibm_fez,46,3537,static,85,-+,,1,7,8
dae2g1m42tqs73au4ev0,ibm_fez,46,3538,reset,85,++,,0,8,8
dae2g1m42tqs73au4ev0,ibm_fez,46,3539,reset,85,+-,,8,0,8
dae2g1m42tqs73au4ev0,ibm_fez,46,3540,none,85,-+,,7,1,8
dae2g1m42tqs73au4ev0,ibm_fez,46,3541,correlated,85,+-,,4,4,8
dae2g1m42tqs73au4ev0,ibm_fez,46,3542,static,85,++,,3,5,8
dae2g1m42tqs73au4ev0,ibm_fez,46,3543,correlated,85,-+,,3,5,8
dae2g1m42tqs73au4ev0,ibm_fez,46,3544,correlated,85,++,,4,4,8
dae2g1m42tqs73au4ev0,ibm_fez,46,3545,none,85,--,,0,8,8
dae2g1m42tqs73au4ev0,ibm_fez,46,3546,none,85,++,,1,7,8
dae2g1m42tqs73au4ev0,ibm_fez,46,3547,correlated,85,--,,4,4,8
dae2g1m42tqs73au4ev0,ibm_fez,46,3548,reset,85,-+,,8,0,8
dae2g1m42tqs73au4ev0,ibm_fez,46,3549,static,85,+-,,3,5,8
dae2g1m42tqs73au4ev0,ibm_fez,46,3550,reset,85,--,,1,7,8
dae2g1m42tqs73au4ev0,ibm_fez,46,3551,none,85,+-,,8,0,8
dae2g1m42tqs73au4ev0,ibm_fez,46,3552,,,,0,8,0,8
dae2g1m42tqs73au4ev0,ibm_fez,46,3553,correlated,100,2-,,2,6,8
dae2g1m42tqs73au4ev0,ibm_fez,46,3554,reset,97,2-,,0,8,8
dae2g1m42tqs73au4ev0,ibm_fez,46,3555,correlated,13,1+,,6,2,8
dae2g1m42tqs73au4ev0,ibm_fez,46,3556,none,97,2+,,5,3,8
dae2g1m42tqs73au4ev0,ibm_fez,46,3557,static,100,2+,,2,6,8
dae2g1m42tqs73au4ev0,ibm_fez,46,3558,none,122,2+,,4,4,8
dae2g1m42tqs73au4ev0,ibm_fez,46,3559,static,122,2+,,0,8,8
dae2g1m42tqs73au4ev0,ibm_fez,46,3560,none,13,1+,,6,2,8
dae2g1m42tqs73au4ev0,ibm_fez,46,3561,reset,13,1+,,5,3,8
dae2g1m42tqs73au4ev0,ibm_fez,46,3562,none,100,2+,,5,3,8
dae2g1m42tqs73au4ev0,ibm_fez,46,3563,none,11,2+,,2,6,8
dae2g1m42tqs73au4ev0,ibm_fez,46,3564,static,69,1+,,2,6,8
dae2g1m42tqs73au4ev0,ibm_fez,46,3565,static,13,1-,,6,2,8
dae2g1m42tqs73au4ev0,ibm_fez,46,3566,correlated,55,2-,,6,2,8
dae2g1m42tqs73au4ev0,ibm_fez,46,3567,static,100,2-,,7,1,8
dae2g1m42tqs73au4ev0,ibm_fez,46,3568,static,55,2-,,6,2,8
dae2g1m42tqs73au4ev0,ibm_fez,46,3569,correlated,69,1-,,1,7,8
dae2g1m42tqs73au4ev0,ibm_fez,46,3570,reset,20,2+,,5,3,8
dae2g1m42tqs73au4ev0,ibm_fez,46,3571,none,97,2-,,3,5,8
dae2g1m42tqs73au4ev0,ibm_fez,46,3572,correlated,68,1+,,2,6,8
dae2g1m42tqs73au4ev0,ibm_fez,46,3573,correlated,11,2-,,7,1,8
dae2g1m42tqs73au4ev0,ibm_fez,46,3574,correlated,68,1-,,7,1,8
dae2g1m42tqs73au4ev0,ibm_fez,46,3575,reset,100,2+,,0,8,8
dae2g1m42tqs73au4ev0,ibm_fez,46,3576,reset,55,2-,,6,2,8
dae2g1m42tqs73au4ev0,ibm_fez,46,3577,none,20,2-,,4,4,8
dae2g1m42tqs73au4ev0,ibm_fez,46,3578,reset,45,1+,,7,1,8
dae2g1m42tqs73au4ev0,ibm_fez,46,3579,correlated,13,1-,,3,5,8
dae2g1m42tqs73au4ev0,ibm_fez,46,3580,correlated,45,1-,,2,6,8
dae2g1m42tqs73au4ev0,ibm_fez,46,3581,reset,45,1-,,0,8,8
dae2g1m42tqs73au4ev0,ibm_fez,46,3582,correlated,97,2+,,8,0,8
dae2g1m42tqs73au4ev0,ibm_fez,46,3583,correlated,55,2+,,1,7,8
dae2g1m42tqs73au4ev0,ibm_fez,46,3584,reset,13,1-,,2,6,8
dae2g1m42tqs73au4ev0,ibm_fez,46,3585,static,11,2-,,6,2,8
dae2g1m42tqs73au4ev0,ibm_fez,46,3586,none,45,1+,,2,6,8
dae2g1m42tqs73au4ev0,ibm_fez,46,3587,reset,55,2+,,0,8,8
dae2g1m42tqs73au4ev0,ibm_fez,46,3588,reset,122,2+,,1,7,8
dae2g1m42tqs73au4ev0,ibm_fez,46,3589,none,69,1-,,6,2,8
dae2g1m42tqs73au4ev0,ibm_fez,46,3590,static,122,2-,,6,2,8
dae2g1m42tqs73au4ev0,ibm_fez,46,3591,none,100,2-,,4,4,8
dae2g1m42tqs73au4ev0,ibm_fez,46,3592,correlated,11,2+,,1,7,8
dae2g1m42tqs73au4ev0,ibm_fez,46,3593,correlated,122,2-,,1,7,8
dae2g1m42tqs73au4ev0,ibm_fez,46,3594,static,97,2+,,1,7,8
dae2g1m42tqs73au4ev0,ibm_fez,46,3595,correlated,100,2+,,7,1,8
dae2g1m42tqs73au4ev0,ibm_fez,46,3596,correlated,20,2+,,2,6,8
dae2g1m42tqs73au4ev0,ibm_fez,46,3597,none,55,2+,,3,5,8
dae2g1m42tqs73au4ev0,ibm_fez,46,3598,reset,69,1+,,7,1,8
dae2g1m42tqs73au4ev0,ibm_fez,46,3599,none,122,2-,,4,4,8
dae2g1m42tqs73au4ev0,ibm_fez,46,3600,reset,20,2-,,2,6,8
dae2g1m42tqs73au4ev0,ibm_fez,46,3601,none,55,2-,,3,5,8
dae2g1m42tqs73au4ev0,ibm_fez,46,3602,correlated,45,1+,,8,0,8
dae2g1m42tqs73au4ev0,ibm_fez,46,3603,static,68,1-,,8,0,8
dae2g1m42tqs73au4ev0,ibm_fez,46,3604,reset,100,2-,,6,2,8
dae2g1m42tqs73au4ev0,ibm_fez,46,3605,none,20,2+,,3,5,8
dae2g1m42tqs73au4ev0,ibm_fez,46,3606,static,45,1-,,8,0,8
dae2g1m42tqs73au4ev0,ibm_fez,46,3607,correlated,97,2-,,0,8,8
dae2g1m42tqs73au4ev0,ibm_fez,46,3608,none,68,1-,,4,4,8
dae2g1m42tqs73au4ev0,ibm_fez,46,3609,static,97,2-,,7,1,8
dae2g1m42tqs73au4ev0,ibm_fez,46,3610,correlated,20,2-,,6,2,8
dae2g1m42tqs73au4ev0,ibm_fez,46,3611,none,11,2-,,6,2,8
dae2g1m42tqs73au4ev0,ibm_fez,46,3612,static,13,1+,,2,6,8
dae2g1m42tqs73au4ev0,ibm_fez,46,3613,reset,122,2-,,7,1,8
dae2g1m42tqs73au4ev0,ibm_fez,46,3614,correlated,69,1+,,7,1,8
dae2g1m42tqs73au4ev0,ibm_fez,46,3615,static,69,1-,,5,3,8
dae2g1m42tqs73au4ev0,ibm_fez,46,3616,static,11,2+,,2,6,8
dae2g1m42tqs73au4ev0,ibm_fez,46,3617,static,20,2-,,7,1,8
dae2g1m42tqs73au4ev0,ibm_fez,46,3618,reset,68,1+,,1,7,8
dae2g1m42tqs73au4ev0,ibm_fez,46,3619,none,45,1-,,3,5,8
dae2g1m42tqs73au4ev0,ibm_fez,46,3620,none,13,1-,,5,3,8
dae2g1m42tqs73au4ev0,ibm_fez,46,3621,reset,11,2-,,1,7,8
dae2g1m42tqs73au4ev0,ibm_fez,46,3622,none,69,1+,,3,5,8
dae2g1m42tqs73au4ev0,ibm_fez,46,3623,none,68,1+,,4,4,8
dae2g1m42tqs73au4ev0,ibm_fez,46,3624,static,68,1+,,3,5,8
dae2g1m42tqs73au4ev0,ibm_fez,46,3625,reset,97,2+,,7,1,8
dae2g1m42tqs73au4ev0,ibm_fez,46,3626,reset,69,1-,,2,6,8
dae2g1m42tqs73au4ev0,ibm_fez,46,3627,reset,11,2+,,7,1,8
dae2g1m42tqs73au4ev0,ibm_fez,46,3628,reset,68,1-,,6,2,8
dae2g1m42tqs73au4ev0,ibm_fez,46,3629,correlated,122,2+,,6,2,8
dae2g1m42tqs73au4ev0,ibm_fez,46,3630,static,55,2+,,2,6,8
dae2g1m42tqs73au4ev0,ibm_fez,46,3631,static,45,1+,,2,6,8
dae2g1m42tqs73au4ev0,ibm_fez,46,3632,static,20,2+,,1,7,8
dae2g1m42tqs73au4ev0,ibm_fez,46,3633,static,34,+-,,2,6,8
dae2g1m42tqs73au4ev0,ibm_fez,46,3634,correlated,34,-+,,3,5,8
dae2g1m42tqs73au4ev0,ibm_fez,46,3635,none,34,-+,,4,4,8
dae2g1m42tqs73au4ev0,ibm_fez,46,3636,correlated,34,+-,,4,4,8
dae2g1m42tqs73au4ev0,ibm_fez,46,3637,static,34,++,,1,7,8
dae2g1m42tqs73au4ev0,ibm_fez,46,3638,reset,34,--,,0,8,8
dae2g1m42tqs73au4ev0,ibm_fez,46,3639,none,34,--,,5,3,8
dae2g1m42tqs73au4ev0,ibm_fez,46,3640,correlated,34,--,,1,7,8
dae2g1m42tqs73au4ev0,ibm_fez,46,3641,none,34,++,,6,2,8
dae2g1m42tqs73au4ev0,ibm_fez,46,3642,static,34,-+,,5,3,8
dae2g1m42tqs73au4ev0,ibm_fez,46,3643,reset,34,++,,7,1,8
dae2g1m42tqs73au4ev0,ibm_fez,46,3644,none,34,+-,,5,3,8
dae2g1m42tqs73au4ev0,ibm_fez,46,3645,static,34,--,,6,2,8
dae2g1m42tqs73au4ev0,ibm_fez,46,3646,reset,34,-+,,1,7,8
dae2g1m42tqs73au4ev0,ibm_fez,46,3647,reset,34,+-,,8,0,8
dae2g1m42tqs73au4ev0,ibm_fez,46,3648,correlated,34,++,,7,1,8
dae2g1m42tqs73au4ev0,ibm_fez,46,3649,,,,1,0,8,8
dae2g1m42tqs73au4ev0,ibm_fez,46,3650,none,110,+-,,5,3,8
dae2g1m42tqs73au4ev0,ibm_fez,46,3651,static,110,+-,,1,7,8
dae2g1m42tqs73au4ev0,ibm_fez,46,3652,reset,110,--,,7,1,8
dae2g1m42tqs73au4ev0,ibm_fez,46,3653,static,110,-+,,8,0,8
dae2g1m42tqs73au4ev0,ibm_fez,46,3654,correlated,110,--,,7,1,8
dae2g1m42tqs73au4ev0,ibm_fez,46,3655,correlated,110,++,,0,8,8
dae2g1m42tqs73au4ev0,ibm_fez,46,3656,static,110,--,,7,1,8
dae2g1m42tqs73au4ev0,ibm_fez,46,3657,reset,110,++,,2,6,8
dae2g1m42tqs73au4ev0,ibm_fez,46,3658,correlated,110,-+,,6,2,8
dae2g1m42tqs73au4ev0,ibm_fez,46,3659,correlated,110,+-,,0,8,8
dae2g1m42tqs73au4ev0,ibm_fez,46,3660,static,110,++,,2,6,8
dae2g1m42tqs73au4ev0,ibm_fez,46,3661,none,110,-+,,2,6,8
dae2g1m42tqs73au4ev0,ibm_fez,46,3662,none,110,--,,4,4,8
dae2g1m42tqs73au4ev0,ibm_fez,46,3663,reset,110,-+,,8,0,8
dae2g1m42tqs73au4ev0,ibm_fez,46,3664,reset,110,+-,,0,8,8
dae2g1m42tqs73au4ev0,ibm_fez,46,3665,none,110,++,,3,5,8
dae2g1m42tqs73au4ev0,ibm_fez,46,3666,,,,1,0,8,8
dae2g1m42tqs73au4ev0,ibm_fez,46,3667,,,,0,8,0,8
dae2g1m42tqs73au4ev0,ibm_fez,46,3668,correlated,84,++,,8,0,8
dae2g1m42tqs73au4ev0,ibm_fez,46,3669,reset,84,+-,,8,0,8
dae2g1m42tqs73au4ev0,ibm_fez,46,3670,none,84,--,,8,0,8
dae2g1m42tqs73au4ev0,ibm_fez,46,3671,correlated,84,+-,,8,0,8
dae2g1m42tqs73au4ev0,ibm_fez,46,3672,reset,84,++,,8,0,8
dae2g1m42tqs73au4ev0,ibm_fez,46,3673,none,84,++,,8,0,8
dae2g1m42tqs73au4ev0,ibm_fez,46,3674,correlated,84,--,,8,0,8
dae2g1m42tqs73au4ev0,ibm_fez,46,3675,correlated,84,-+,,8,0,8
dae2g1m42tqs73au4ev0,ibm_fez,46,3676,static,84,++,,8,0,8
dae2g1m42tqs73au4ev0,ibm_fez,46,3677,static,84,+-,,8,0,8
dae2g1m42tqs73au4ev0,ibm_fez,46,3678,none,84,+-,,8,0,8
dae2g1m42tqs73au4ev0,ibm_fez,46,3679,static,84,--,,8,0,8
dae2g1m42tqs73au4ev0,ibm_fez,46,3680,reset,84,-+,,8,0,8
dae2g1m42tqs73au4ev0,ibm_fez,46,3681,none,84,-+,,7,1,8
dae2g1m42tqs73au4ev0,ibm_fez,46,3682,reset,84,--,,8,0,8
dae2g1m42tqs73au4ev0,ibm_fez,46,3683,static,84,-+,,8,0,8
dae2g1m42tqs73au4ev0,ibm_fez,46,3684,reset,120,--,,7,1,8
dae2g1m42tqs73au4ev0,ibm_fez,46,3685,static,120,--,,7,1,8
dae2g1m42tqs73au4ev0,ibm_fez,46,3686,reset,120,++,,2,6,8
dae2g1m42tqs73au4ev0,ibm_fez,46,3687,static,120,++,,1,7,8
dae2g1m42tqs73au4ev0,ibm_fez,46,3688,static,120,-+,,8,0,8
dae2g1m42tqs73au4ev0,ibm_fez,46,3689,correlated,120,++,,3,5,8
dae2g1m42tqs73au4ev0,ibm_fez,46,3690,correlated,120,+-,,0,8,8
dae2g1m42tqs73au4ev0,ibm_fez,46,3691,static,120,+-,,1,7,8
dae2g1m42tqs73au4ev0,ibm_fez,46,3692,none,120,++,,2,6,8
dae2g1m42tqs73au4ev0,ibm_fez,46,3693,none,120,+-,,3,5,8
dae2g1m42tqs73au4ev0,ibm_fez,46,3694,correlated,120,--,,6,2,8
dae2g1m42tqs73au4ev0,ibm_fez,46,3695,reset,120,+-,,2,6,8
dae2g1m42tqs73au4ev0,ibm_fez,46,3696,none,120,--,,4,4,8
dae2g1m42tqs73au4ev0,ibm_fez,46,3697,none,120,-+,,1,7,8
dae2g1m42tqs73au4ev0,ibm_fez,46,3698,correlated,120,-+,,7,1,8
dae2g1m42tqs73au4ev0,ibm_fez,46,3699,reset,120,-+,,6,2,8
dae2g1m42tqs73au4ev0,ibm_fez,46,3700,none,14,--,,7,1,8
dae2g1m42tqs73au4ev0,ibm_fez,46,3701,reset,14,+-,,5,3,8
dae2g1m42tqs73au4ev0,ibm_fez,46,3702,none,14,-+,,0,8,8
dae2g1m42tqs73au4ev0,ibm_fez,46,3703,none,14,+-,,0,8,8
dae2g1m42tqs73au4ev0,ibm_fez,46,3704,reset,14,--,,5,3,8
dae2g1m42tqs73au4ev0,ibm_fez,46,3705,static,14,++,,7,1,8
dae2g1m42tqs73au4ev0,ibm_fez,46,3706,correlated,14,-+,,0,8,8
dae2g1m42tqs73au4ev0,ibm_fez,46,3707,static,14,--,,7,1,8
dae2g1m42tqs73au4ev0,ibm_fez,46,3708,none,14,++,,8,0,8
dae2g1m42tqs73au4ev0,ibm_fez,46,3709,reset,14,++,,4,4,8
dae2g1m42tqs73au4ev0,ibm_fez,46,3710,correlated,14,+-,,0,8,8
dae2g1m42tqs73au4ev0,ibm_fez,46,3711,correlated,14,++,,8,0,8
dae2g1m42tqs73au4ev0,ibm_fez,46,3712,reset,14,-+,,4,4,8
dae2g1m42tqs73au4ev0,ibm_fez,46,3713,static,14,-+,,0,8,8
dae2g1m42tqs73au4ev0,ibm_fez,46,3714,static,14,+-,,0,8,8
dae2g1m42tqs73au4ev0,ibm_fez,46,3715,correlated,14,--,,8,0,8
dae2g1m42tqs73au4ev0,ibm_fez,46,3716,,,,0,8,0,8
dae2g1m42tqs73au4ev0,ibm_fez,46,3717,correlated,37,+-,,2,6,8
dae2g1m42tqs73au4ev0,ibm_fez,46,3718,none,37,--,,1,7,8
dae2g1m42tqs73au4ev0,ibm_fez,46,3719,correlated,37,-+,,4,4,8
dae2g1m42tqs73au4ev0,ibm_fez,46,3720,correlated,37,--,,5,3,8
dae2g1m42tqs73au4ev0,ibm_fez,46,3721,static,37,+-,,6,2,8
dae2g1m42tqs73au4ev0,ibm_fez,46,3722,correlated,37,++,,5,3,8
dae2g1m42tqs73au4ev0,ibm_fez,46,3723,static,37,-+,,5,3,8
dae2g1m42tqs73au4ev0,ibm_fez,46,3724,reset,37,+-,,5,3,8
dae2g1m42tqs73au4ev0,ibm_fez,46,3725,reset,37,--,,4,4,8
dae2g1m42tqs73au4ev0,ibm_fez,46,3726,none,37,++,,0,8,8
dae2g1m42tqs73au4ev0,ibm_fez,46,3727,none,37,-+,,7,1,8
dae2g1m42tqs73au4ev0,ibm_fez,46,3728,reset,37,++,,3,5,8
dae2g1m42tqs73au4ev0,ibm_fez,46,3729,none,37,+-,,8,0,8
dae2g1m42tqs73au4ev0,ibm_fez,46,3730,static,37,--,,2,6,8
dae2g1m42tqs73au4ev0,ibm_fez,46,3731,reset,37,-+,,6,2,8
dae2g1m42tqs73au4ev0,ibm_fez,46,3732,static,37,++,,7,1,8
dae2g1m42tqs73au4ev0,ibm_fez,46,3733,static,122,-+,,3,5,8
dae2g1m42tqs73au4ev0,ibm_fez,46,3734,reset,122,++,,1,7,8
dae2g1m42tqs73au4ev0,ibm_fez,46,3735,correlated,100,--,,6,2,8
dae2g1m42tqs73au4ev0,ibm_fez,46,3736,reset,100,+-,,5,3,8
dae2g1m42tqs73au4ev0,ibm_fez,46,3737,none,100,-+,,3,5,8
dae2g1m42tqs73au4ev0,ibm_fez,46,3738,reset,100,++,,3,5,8
dae2g1m42tqs73au4ev0,ibm_fez,46,3739,reset,122,+-,,8,0,8
dae2g1m42tqs73au4ev0,ibm_fez,46,3740,static,122,+-,,2,6,8
dae2g1m42tqs73au4ev0,ibm_fez,46,3741,correlated,122,+-,,0,8,8
dae2g1m42tqs73au4ev0,ibm_fez,46,3742,reset,122,--,,1,7,8
dae2g1m42tqs73au4ev0,ibm_fez,46,3743,static,100,-+,,1,7,8
dae2g1m42tqs73au4ev0,ibm_fez,46,3744,none,122,+-,,4,4,8
dae2g1m42tqs73au4ev0,ibm_fez,46,3745,reset,122,-+,,5,3,8
dae2g1m42tqs73au4ev0,ibm_fez,46,3746,static,122,--,,8,0,8
dae2g1m42tqs73au4ev0,ibm_fez,46,3747,correlated,122,-+,,2,6,8
dae2g1m42tqs73au4ev0,ibm_fez,46,3748,none,122,++,,5,3,8
dae2g1m42tqs73au4ev0,ibm_fez,46,3749,static,100,+-,,2,6,8
dae2g1m42tqs73au4ev0,ibm_fez,46,3750,correlated,100,++,,7,1,8
dae2g1m42tqs73au4ev0,ibm_fez,46,3751,correlated,100,+-,,0,8,8
dae2g1m42tqs73au4ev0,ibm_fez,46,3752,reset,100,--,,0,8,8
dae2g1m42tqs73au4ev0,ibm_fez,46,3753,none,100,--,,0,8,8
dae2g1m42tqs73au4ev0,ibm_fez,46,3754,none,100,++,,5,3,8
dae2g1m42tqs73au4ev0,ibm_fez,46,3755,static,100,--,,6,2,8
dae2g1m42tqs73au4ev0,ibm_fez,46,3756,reset,100,-+,,6,2,8
dae2g1m42tqs73au4ev0,ibm_fez,46,3757,static,122,++,,5,3,8
dae2g1m42tqs73au4ev0,ibm_fez,46,3758,correlated,100,-+,,1,7,8
dae2g1m42tqs73au4ev0,ibm_fez,46,3759,correlated,122,++,,7,1,8
dae2g1m42tqs73au4ev0,ibm_fez,46,3760,none,100,+-,,3,5,8
dae2g1m42tqs73au4ev0,ibm_fez,46,3761,correlated,122,--,,6,2,8
dae2g1m42tqs73au4ev0,ibm_fez,46,3762,none,122,--,,4,4,8
dae2g1m42tqs73au4ev0,ibm_fez,46,3763,static,100,++,,6,2,8
dae2g1m42tqs73au4ev0,ibm_fez,46,3764,none,122,-+,,2,6,8
dae2g1m42tqs73au4ev0,ibm_fez,46,3765,,,,0,8,0,8
dae2g1m42tqs73au4ev0,ibm_fez,46,3766,static,2,1-,,8,0,8
dae2g1m42tqs73au4ev0,ibm_fez,46,3767,none,2,1+,,8,0,8
dae2g1m42tqs73au4ev0,ibm_fez,46,3768,none,114,1+,,8,0,8
dae2g1m42tqs73au4ev0,ibm_fez,46,3769,static,49,1+,,8,0,8
dae2g1m42tqs73au4ev0,ibm_fez,46,3770,none,96,1-,,8,0,8
dae2g1m42tqs73au4ev0,ibm_fez,46,3771,reset,125,1-,,8,0,8
dae2g1m42tqs73au4ev0,ibm_fez,46,3772,reset,114,1+,,8,0,8
dae2g1m42tqs73au4ev0,ibm_fez,46,3773,correlated,125,1+,,8,0,8
dae2g1m42tqs73au4ev0,ibm_fez,46,3774,static,125,1+,,8,0,8
dae2g1m42tqs73au4ev0,ibm_fez,46,3775,reset,114,1-,,8,0,8
dae2g1m42tqs73au4ev0,ibm_fez,46,3776,reset,104,1-,,8,0,8
dae2g1m42tqs73au4ev0,ibm_fez,46,3777,static,1,2+,,8,0,8
dae2g1m42tqs73au4ev0,ibm_fez,46,3778,reset,49,1-,,8,0,8
dae2g1m42tqs73au4ev0,ibm_fez,46,3779,none,125,1-,,8,0,8
dae2g1m42tqs73au4ev0,ibm_fez,46,3780,none,1,2-,,8,0,8
dae2g1m42tqs73au4ev0,ibm_fez,46,3781,none,104,1+,,8,0,8
dae2g1m42tqs73au4ev0,ibm_fez,46,3782,none,25,2-,,8,0,8
dae2g1m42tqs73au4ev0,ibm_fez,46,3783,reset,25,2+,,8,0,8
dae2g1m42tqs73au4ev0,ibm_fez,46,3784,reset,49,1+,,8,0,8
dae2g1m42tqs73au4ev0,ibm_fez,46,3785,static,80,2+,,8,0,8
dae2g1m42tqs73au4ev0,ibm_fez,46,3786,correlated,2,1+,,8,0,8
dae2g1m42tqs73au4ev0,ibm_fez,46,3787,static,114,1-,,8,0,8
dae2g1m42tqs73au4ev0,ibm_fez,46,3788,none,1,2+,,8,0,8
dae2g1m42tqs73au4ev0,ibm_fez,46,3789,reset,125,1+,,8,0,8
dae2g1m42tqs73au4ev0,ibm_fez,46,3790,correlated,80,2-,,8,0,8
dae2g1m42tqs73au4ev0,ibm_fez,46,3791,reset,104,1+,,8,0,8
dae2g1m42tqs73au4ev0,ibm_fez,46,3792,correlated,1,2-,,8,0,8
dae2g1m42tqs73au4ev0,ibm_fez,46,3793,reset,96,1-,,8,0,8
dae2g1m42tqs73au4ev0,ibm_fez,46,3794,reset,80,2-,,8,0,8
dae2g1m42tqs73au4ev0,ibm_fez,46,3795,static,25,2-,,8,0,8
dae2g1m42tqs73au4ev0,ibm_fez,46,3796,correlated,114,1+,,8,0,8
dae2g1m42tqs73au4ev0,ibm_fez,46,3797,static,96,1-,,8,0,8
dae2g1m42tqs73au4ev0,ibm_fez,46,3798,reset,2,1-,,8,0,8
dae2g1m42tqs73au4ev0,ibm_fez,46,3799,correlated,114,1-,,8,0,8
dae2g1m42tqs73au4ev0,ibm_fez,46,3800,none,49,1-,,7,1,8
dae2g1m42tqs73au4ev0,ibm_fez,46,3801,none,126,2+,,8,0,8
dae2g1m42tqs73au4ev0,ibm_fez,46,3802,static,126,2+,,8,0,8
dae2g1m42tqs73au4ev0,ibm_fez,46,3803,correlated,126,2-,,8,0,8
dae2g1m42tqs73au4ev0,ibm_fez,46,3804,none,96,1+,,8,0,8
dae2g1m42tqs73au4ev0,ibm_fez,46,3805,none,2,1-,,8,0,8
dae2g1m42tqs73au4ev0,ibm_fez,46,3806,reset,25,2-,,8,0,8
dae2g1m42tqs73au4ev0,ibm_fez,46,3807,reset,1,2-,,8,0,8
dae2g1m42tqs73au4ev0,ibm_fez,46,3808,correlated,104,1+,,8,0,8
dae2g1m42tqs73au4ev0,ibm_fez,46,3809,reset,126,2+,,8,0,8
dae2g1m42tqs73au4ev0,ibm_fez,46,3810,static,114,1+,,8,0,8
dae2g1m42tqs73au4ev0,ibm_fez,46,3811,static,126,2-,,8,0,8
dae2g1m42tqs73au4ev0,ibm_fez,46,3812,none,49,1+,,8,0,8
dae2g1m42tqs73au4ev0,ibm_fez,46,3813,none,126,2-,,8,0,8
dae2g1m42tqs73au4ev0,ibm_fez,46,3814,static,1,2-,,8,0,8
dae2g1m42tqs73au4ev0,ibm_fez,46,3815,correlated,104,1-,,8,0,8
dae2g1m42tqs73au4ev0,ibm_fez,46,3816,correlated,80,2+,,8,0,8
dae2g1m42tqs73au4ev0,ibm_fez,46,3817,none,80,2-,,8,0,8
dae2g1m42tqs73au4ev0,ibm_fez,46,3818,static,25,2+,,8,0,8
dae2g1m42tqs73au4ev0,ibm_fez,46,3819,correlated,25,2-,,8,0,8
dae2g1m42tqs73au4ev0,ibm_fez,46,3820,static,80,2-,,8,0,8
dae2g1m42tqs73au4ev0,ibm_fez,46,3821,correlated,125,1-,,8,0,8
dae2g1m42tqs73au4ev0,ibm_fez,46,3822,none,125,1+,,8,0,8
dae2g1m42tqs73au4ev0,ibm_fez,46,3823,reset,96,1+,,8,0,8
dae2g1m42tqs73au4ev0,ibm_fez,46,3824,static,96,1+,,8,0,8
dae2g1m42tqs73au4ev0,ibm_fez,46,3825,none,114,1-,,8,0,8
dae2g1m42tqs73au4ev0,ibm_fez,46,3826,correlated,49,1-,,8,0,8
dae2g1m42tqs73au4ev0,ibm_fez,46,3827,correlated,2,1-,,8,0,8
dae2g1m42tqs73au4ev0,ibm_fez,46,3828,correlated,1,2+,,8,0,8
dae2g1m42tqs73au4ev0,ibm_fez,46,3829,reset,1,2+,,8,0,8
dae2g1m42tqs73au4ev0,ibm_fez,46,3830,static,125,1-,,8,0,8
dae2g1m42tqs73au4ev0,ibm_fez,46,3831,static,49,1-,,8,0,8
dae2g1m42tqs73au4ev0,ibm_fez,46,3832,reset,2,1+,,8,0,8
dae2g1m42tqs73au4ev0,ibm_fez,46,3833,none,80,2+,,8,0,8
dae2g1m42tqs73au4ev0,ibm_fez,46,3834,none,104,1-,,8,0,8
dae2g1m42tqs73au4ev0,ibm_fez,46,3835,correlated,96,1+,,8,0,8
dae2g1m42tqs73au4ev0,ibm_fez,46,3836,static,2,1+,,8,0,8
dae2g1m42tqs73au4ev0,ibm_fez,46,3837,correlated,96,1-,,8,0,8
dae2g1m42tqs73au4ev0,ibm_fez,46,3838,correlated,126,2+,,8,0,8
dae2g1m42tqs73au4ev0,ibm_fez,46,3839,static,104,1-,,8,0,8
dae2g1m42tqs73au4ev0,ibm_fez,46,3840,reset,80,2+,,8,0,8
dae2g1m42tqs73au4ev0,ibm_fez,46,3841,static,104,1+,,8,0,8
dae2g1m42tqs73au4ev0,ibm_fez,46,3842,reset,126,2-,,8,0,8
dae2g1m42tqs73au4ev0,ibm_fez,46,3843,correlated,25,2+,,8,0,8
dae2g1m42tqs73au4ev0,ibm_fez,46,3844,none,25,2+,,8,0,8
dae2g1m42tqs73au4ev0,ibm_fez,46,3845,correlated,49,1+,,8,0,8
dae2g1m42tqs73au4ev0,ibm_fez,46,3846,,,,0,8,0,8
dae2g1m42tqs73au4ev0,ibm_fez,46,3847,,,,0,8,0,8
dae2g1m42tqs73au4ev0,ibm_fez,46,3848,static,58,1+,,4,4,8
dae2g1m42tqs73au4ev0,ibm_fez,46,3849,none,105,2+,,8,0,8
dae2g1m42tqs73au4ev0,ibm_fez,46,3850,reset,127,1-,,0,8,8
dae2g1m42tqs73au4ev0,ibm_fez,46,3851,reset,12,1-,,0,8,8
dae2g1m42tqs73au4ev0,ibm_fez,46,3852,correlated,108,2-,,5,3,8
dae2g1m42tqs73au4ev0,ibm_fez,46,3853,none,39,1+,,3,5,8
dae2g1m42tqs73au4ev0,ibm_fez,46,3854,reset,24,1-,,2,6,8
dae2g1m42tqs73au4ev0,ibm_fez,46,3855,none,24,1+,,4,4,8
dae2g1m42tqs73au4ev0,ibm_fez,46,3856,none,6,2-,,2,6,8
dae2g1m42tqs73au4ev0,ibm_fez,46,3857,static,108,2+,,1,7,8
dae2g1m42tqs73au4ev0,ibm_fez,46,3858,reset,39,1+,,6,2,8
dae2g1m42tqs73au4ev0,ibm_fez,46,3859,none,113,2+,,3,5,8
dae2g1m42tqs73au4ev0,ibm_fez,46,3860,static,127,1+,,1,7,8
dae2g1m42tqs73au4ev0,ibm_fez,46,3861,correlated,36,1+,,1,7,8
dae2g1m42tqs73au4ev0,ibm_fez,46,3862,none,108,2+,,6,2,8
dae2g1m42tqs73au4ev0,ibm_fez,46,3863,none,108,2-,,4,4,8
dae2g1m42tqs73au4ev0,ibm_fez,46,3864,static,36,1-,,5,3,8
dae2g1m42tqs73au4ev0,ibm_fez,46,3865,correlated,108,2+,,1,7,8
dae2g1m42tqs73au4ev0,ibm_fez,46,3866,correlated,125,2+,,4,4,8
dae2g1m42tqs73au4ev0,ibm_fez,46,3867,correlated,113,2-,,6,2,8
dae2g1m42tqs73au4ev0,ibm_fez,46,3868,reset,12,1+,,8,0,8
dae2g1m42tqs73au4ev0,ibm_fez,46,3869,static,71,1-,,7,1,8
dae2g1m42tqs73au4ev0,ibm_fez,46,3870,none,19,1+,,6,2,8
dae2g1m42tqs73au4ev0,ibm_fez,46,3871,none,36,1-,,2,6,8
dae2g1m42tqs73au4ev0,ibm_fez,46,3872,static,113,2+,,2,6,8
dae2g1m42tqs73au4ev0,ibm_fez,46,3873,reset,20,1-,,7,1,8
dae2g1m42tqs73au4ev0,ibm_fez,46,3874,static,105,2-,,6,2,8
dae2g1m42tqs73au4ev0,ibm_fez,46,3875,correlated,71,1-,,1,7,8
dae2g1m42tqs73au4ev0,ibm_fez,46,3876,none,36,1+,,3,5,8
dae2g1m42tqs73au4ev0,ibm_fez,46,3877,reset,105,2+,,5,3,8
dae2g1m42tqs73au4ev0,ibm_fez,46,3878,correlated,36,1-,,6,2,8
dae2g1m42tqs73au4ev0,ibm_fez,46,3879,none,127,1-,,5,3,8
dae2g1m42tqs73au4ev0,ibm_fez,46,3880,reset,125,2-,,7,1,8
dae2g1m42tqs73au4ev0,ibm_fez,46,3881,static,39,1+,,1,7,8
dae2g1m42tqs73au4ev0,ibm_fez,46,3882,reset,113,2+,,6,2,8
dae2g1m42tqs73au4ev0,ibm_fez,46,3883,none,71,1+,,6,2,8
dae2g1m42tqs73au4ev0,ibm_fez,46,3884,static,71,1+,,3,5,8
dae2g1m42tqs73au4ev0,ibm_fez,46,3885,reset,105,2-,,2,6,8
dae2g1m42tqs73au4ev0,ibm_fez,46,3886,reset,24,1+,,7,1,8
dae2g1m42tqs73au4ev0,ibm_fez,46,3887,none,6,2+,,4,4,8
dae2g1m42tqs73au4ev0,ibm_fez,46,3888,static,105,2+,,1,7,8
dae2g1m42tqs73au4ev0,ibm_fez,46,3889,none,20,1-,,6,2,8
dae2g1m42tqs73au4ev0,ibm_fez,46,3890,correlated,87,1+,,6,2,8
dae2g1m42tqs73au4ev0,ibm_fez,46,3891,static,86,2+,,1,7,8
dae2g1m42tqs73au4ev0,ibm_fez,46,3892,correlated,105,2+,,6,2,8
dae2g1m42tqs73au4ev0,ibm_fez,46,3893,reset,125,2+,,3,5,8
dae2g1m42tqs73au4ev0,ibm_fez,46,3894,static,12,1-,,4,4,8
dae2g1m42tqs73au4ev0,ibm_fez,46,3895,reset,36,1-,,8,0,8
dae2g1m42tqs73au4ev0,ibm_fez,46,3896,reset,58,1+,,1,7,8
dae2g1m42tqs73au4ev0,ibm_fez,46,3897,correlated,71,1+,,6,2,8
dae2g1m42tqs73au4ev0,ibm_fez,46,3898,correlated,19,1-,,7,1,8
dae2g1m42tqs73au4ev0,ibm_fez,46,3899,reset,108,2+,,0,8,8
dae2g1m42tqs73au4ev0,ibm_fez,46,3900,reset,87,1-,,1,7,8
dae2g1m42tqs73au4ev0,ibm_fez,46,3901,none,12,1+,,6,2,8
dae2g1m42tqs73au4ev0,ibm_fez,46,3902,static,108,2-,,8,0,8
dae2g1m42tqs73au4ev0,ibm_fez,46,3903,correlated,12,1-,,0,8,8
dae2g1m42tqs73au4ev0,ibm_fez,46,3904,none,87,1-,,5,3,8
dae2g1m42tqs73au4ev0,ibm_fez,46,3905,none,127,1+,,7,1,8
dae2g1m42tqs73au4ev0,ibm_fez,46,3906,static,113,2-,,7,1,8
dae2g1m42tqs73au4ev0,ibm_fez,46,3907,none,71,1-,,3,5,8
dae2g1m42tqs73au4ev0,ibm_fez,46,3908,static,19,1+,,1,7,8
dae2g1m42tqs73au4ev0,ibm_fez,46,3909,static,39,1-,,6,2,8
dae2g1m42tqs73au4ev0,ibm_fez,46,3910,reset,36,1+,,1,7,8
dae2g1m42tqs73au4ev0,ibm_fez,46,3911,none,105,2-,,5,3,8
dae2g1m42tqs73au4ev0,ibm_fez,46,3912,reset,19,1-,,7,1,8
dae2g1m42tqs73au4ev0,ibm_fez,46,3913,static,125,2-,,7,1,8
dae2g1m42tqs73au4ev0,ibm_fez,46,3914,static,87,1-,,5,3,8
dae2g1m42tqs73au4ev0,ibm_fez,46,3915,correlated,12,1+,,8,0,8
dae2g1m42tqs73au4ev0,ibm_fez,46,3916,static,36,1+,,3,5,8
dae2g1m42tqs73au4ev0,ibm_fez,46,3917,reset,19,1+,,3,5,8
dae2g1m42tqs73au4ev0,ibm_fez,46,3918,correlated,86,2+,,8,0,8
dae2g1m42tqs73au4ev0,ibm_fez,46,3919,reset,113,2-,,2,6,8
dae2g1m42tqs73au4ev0,ibm_fez,46,3920,correlated,127,1+,,8,0,8
dae2g1m42tqs73au4ev0,ibm_fez,46,3921,static,6,2-,,7,1,8
dae2g1m42tqs73au4ev0,ibm_fez,46,3922,correlated,20,1+,,2,6,8
dae2g1m42tqs73au4ev0,ibm_fez,46,3923,correlated,24,1+,,6,2,8
dae2g1m42tqs73au4ev0,ibm_fez,46,3924,correlated,39,1+,,8,0,8
dae2g1m42tqs73au4ev0,ibm_fez,46,3925,correlated,87,1-,,1,7,8
dae2g1m42tqs73au4ev0,ibm_fez,46,3926,static,86,2-,,5,3,8
dae2g1m42tqs73au4ev0,ibm_fez,46,3927,reset,108,2-,,6,2,8
dae2g1m42tqs73au4ev0,ibm_fez,46,3928,reset,58,1-,,6,2,8
dae2g1m42tqs73au4ev0,ibm_fez,46,3929,correlated,113,2+,,0,8,8
dae2g1m42tqs73au4ev0,ibm_fez,46,3930,static,127,1-,,8,0,8
dae2g1m42tqs73au4ev0,ibm_fez,46,3931,correlated,105,2-,,0,8,8
dae2g1m42tqs73au4ev0,ibm_fez,46,3932,none,113,2-,,3,5,8
dae2g1m42tqs73au4ev0,ibm_fez,46,3933,none,39,1-,,4,4,8
dae2g1m42tqs73au4ev0,ibm_fez,46,3934,none,86,2-,,6,2,8
dae2g1m42tqs73au4ev0,ibm_fez,46,3935,none,125,2-,,5,3,8
dae2g1m42tqs73au4ev0,ibm_fez,46,3936,correlated,24,1-,,5,3,8
dae2g1m42tqs73au4ev0,ibm_fez,46,3937,static,58,1-,,5,3,8
dae2g1m42tqs73au4ev0,ibm_fez,46,3938,correlated,127,1-,,1,7,8
dae2g1m42tqs73au4ev0,ibm_fez,46,3939,static,87,1+,,3,5,8
dae2g1m42tqs73au4ev0,ibm_fez,46,3940,static,20,1-,,8,0,8
dae2g1m42tqs73au4ev0,ibm_fez,46,3941,static,19,1-,,7,1,8
dae2g1m42tqs73au4ev0,ibm_fez,46,3942,none,58,1+,,7,1,8
dae2g1m42tqs73au4ev0,ibm_fez,46,3943,none,20,1+,,2,6,8
dae2g1m42tqs73au4ev0,ibm_fez,46,3944,reset,87,1+,,6,2,8
dae2g1m42tqs73au4ev0,ibm_fez,46,3945,reset,20,1+,,4,4,8
dae2g1m42tqs73au4ev0,ibm_fez,46,3946,none,125,2+,,6,2,8
dae2g1m42tqs73au4ev0,ibm_fez,46,3947,none,19,1-,,4,4,8
dae2g1m42tqs73au4ev0,ibm_fez,46,3948,correlated,20,1-,,7,1,8
dae2g1m42tqs73au4ev0,ibm_fez,46,3949,correlated,58,1-,,8,0,8
dae2g1m42tqs73au4ev0,ibm_fez,46,3950,none,87,1+,,2,6,8
dae2g1m42tqs73au4ev0,ibm_fez,46,3951,reset,71,1-,,4,4,8
dae2g1m42tqs73au4ev0,ibm_fez,46,3952,correlated,19,1+,,1,7,8
dae2g1m42tqs73au4ev0,ibm_fez,46,3953,reset,86,2-,,6,2,8
dae2g1m42tqs73au4ev0,ibm_fez,46,3954,reset,86,2+,,1,7,8
dae2g1m42tqs73au4ev0,ibm_fez,46,3955,correlated,125,2-,,2,6,8
dae2g1m42tqs73au4ev0,ibm_fez,46,3956,none,12,1-,,6,2,8
dae2g1m42tqs73au4ev0,ibm_fez,46,3957,reset,39,1-,,1,7,8
dae2g1m42tqs73au4ev0,ibm_fez,46,3958,reset,6,2+,,7,1,8
dae2g1m42tqs73au4ev0,ibm_fez,46,3959,correlated,39,1-,,1,7,8
dae2g1m42tqs73au4ev0,ibm_fez,46,3960,correlated,58,1+,,1,7,8
dae2g1m42tqs73au4ev0,ibm_fez,46,3961,correlated,6,2+,,7,1,8
dae2g1m42tqs73au4ev0,ibm_fez,46,3962,none,58,1-,,2,6,8
dae2g1m42tqs73au4ev0,ibm_fez,46,3963,static,24,1+,,0,8,8
dae2g1m42tqs73au4ev0,ibm_fez,46,3964,correlated,6,2-,,2,6,8
dae2g1m42tqs73au4ev0,ibm_fez,46,3965,reset,6,2-,,0,8,8
dae2g1m42tqs73au4ev0,ibm_fez,46,3966,reset,71,1+,,7,1,8
dae2g1m42tqs73au4ev0,ibm_fez,46,3967,static,6,2+,,2,6,8
dae2g1m42tqs73au4ev0,ibm_fez,46,3968,correlated,86,2-,,2,6,8
dae2g1m42tqs73au4ev0,ibm_fez,46,3969,static,24,1-,,6,2,8
dae2g1m42tqs73au4ev0,ibm_fez,46,3970,static,12,1+,,3,5,8
dae2g1m42tqs73au4ev0,ibm_fez,46,3971,reset,127,1+,,6,2,8
dae2g1m42tqs73au4ev0,ibm_fez,46,3972,none,24,1-,,3,5,8
dae2g1m42tqs73au4ev0,ibm_fez,46,3973,none,86,2+,,7,1,8
dae2g1m42tqs73au4ev0,ibm_fez,46,3974,static,20,1+,,0,8,8
dae2g1m42tqs73au4ev0,ibm_fez,46,3975,static,125,2+,,2,6,8
dae2g1m42tqs73au4ev0,ibm_fez,46,3976,,,,0,8,0,8
dae2g1m42tqs73au4ev0,ibm_fez,46,3977,reset,102,--,,6,2,8
dae2g1m42tqs73au4ev0,ibm_fez,46,3978,static,102,--,,7,1,8
dae2g1m42tqs73au4ev0,ibm_fez,46,3979,none,102,--,,3,5,8
dae2g1m42tqs73au4ev0,ibm_fez,46,3980,correlated,102,--,,6,2,8
dae2g1m42tqs73au4ev0,ibm_fez,46,3981,none,102,-+,,4,4,8
dae2g1m42tqs73au4ev0,ibm_fez,46,3982,static,102,++,,7,1,8
dae2g1m42tqs73au4ev0,ibm_fez,46,3983,reset,102,+-,,2,6,8
dae2g1m42tqs73au4ev0,ibm_fez,46,3984,reset,102,++,,7,1,8
dae2g1m42tqs73au4ev0,ibm_fez,46,3985,correlated,102,+-,,2,6,8
dae2g1m42tqs73au4ev0,ibm_fez,46,3986,static,102,-+,,2,6,8
dae2g1m42tqs73au4ev0,ibm_fez,46,3987,none,102,+-,,6,2,8
dae2g1m42tqs73au4ev0,ibm_fez,46,3988,static,102,+-,,1,7,8
dae2g1m42tqs73au4ev0,ibm_fez,46,3989,none,102,++,,6,2,8
dae2g1m42tqs73au4ev0,ibm_fez,46,3990,correlated,102,++,,7,1,8
dae2g1m42tqs73au4ev0,ibm_fez,46,3991,correlated,102,-+,,1,7,8
dae2g1m42tqs73au4ev0,ibm_fez,46,3992,reset,102,-+,,3,5,8
dae2g1m42tqs73au4ev0,ibm_fez,46,3993,,,,1,0,8,8
dae2g1m42tqs73au4ev0,ibm_fez,46,3994,,,,1,0,8,8
dae2g1m42tqs73au4ev0,ibm_fez,46,3995,static,23,2+,,0,8,8
dae2g1m42tqs73au4ev0,ibm_fez,46,3996,correlated,81,2+,,7,1,8
dae2g1m42tqs73au4ev0,ibm_fez,46,3997,none,110,1+,,6,2,8
dae2g1m42tqs73au4ev0,ibm_fez,46,3998,correlated,110,1-,,6,2,8
dae2g1m42tqs73au4ev0,ibm_fez,46,3999,static,54,2-,,8,0,8
dae2g1m42tqs73au4ev0,ibm_fez,46,4000,static,81,2-,,7,1,8
dae2g1m42tqs73au4ev0,ibm_fez,46,4001,correlated,62,2+,,6,2,8
dae2g1m42tqs73au4ev0,ibm_fez,46,4002,reset,54,2-,,6,2,8
dae2g1m42tqs73au4ev0,ibm_fez,46,4003,correlated,119,1-,,8,0,8
dae2g1m42tqs73au4ev0,ibm_fez,46,4004,correlated,5,1-,,7,1,8
dae2g1m42tqs73au4ev0,ibm_fez,46,4005,static,54,2+,,1,7,8
dae2g1m42tqs73au4ev0,ibm_fez,46,4006,none,23,2-,,5,3,8
dae2g1m42tqs73au4ev0,ibm_fez,46,4007,correlated,21,1-,,1,7,8
dae2g1m42tqs73au4ev0,ibm_fez,46,4008,none,54,2-,,4,4,8
dae2g1m42tqs73au4ev0,ibm_fez,46,4009,none,23,2+,,4,4,8
dae2g1m42tqs73au4ev0,ibm_fez,46,4010,none,59,1+,,2,6,8
dae2g1m42tqs73au4ev0,ibm_fez,46,4011,static,38,2+,,2,6,8
dae2g1m42tqs73au4ev0,ibm_fez,46,4012,none,0,2-,,5,3,8
dae2g1m42tqs73au4ev0,ibm_fez,46,4013,correlated,38,2-,,0,8,8
dae2g1m42tqs73au4ev0,ibm_fez,46,4014,reset,124,1-,,2,6,8
dae2g1m42tqs73au4ev0,ibm_fez,46,4015,none,124,1-,,5,3,8
dae2g1m42tqs73au4ev0,ibm_fez,46,4016,correlated,0,2-,,7,1,8
dae2g1m42tqs73au4ev0,ibm_fez,46,4017,correlated,62,2-,,2,6,8
dae2g1m42tqs73au4ev0,ibm_fez,46,4018,none,81,2+,,3,5,8
dae2g1m42tqs73au4ev0,ibm_fez,46,4019,static,5,1-,,5,3,8
dae2g1m42tqs73au4ev0,ibm_fez,46,4020,none,44,2+,,4,4,8
dae2g1m42tqs73au4ev0,ibm_fez,46,4021,static,0,2-,,4,4,8
dae2g1m42tqs73au4ev0,ibm_fez,46,4022,reset,62,2+,,1,7,8
dae2g1m42tqs73au4ev0,ibm_fez,46,4023,static,38,2-,,7,1,8
dae2g1m42tqs73au4ev0,ibm_fez,46,4024,reset,21,1+,,6,2,8
dae2g1m42tqs73au4ev0,ibm_fez,46,4025,correlated,124,1+,,7,1,8
dae2g1m42tqs73au4ev0,ibm_fez,46,4026,reset,0,2-,,0,8,8
dae2g1m42tqs73au4ev0,ibm_fez,46,4027,none,81,2-,,4,4,8
dae2g1m42tqs73au4ev0,ibm_fez,46,4028,correlated,90,2+,,2,6,8
dae2g1m42tqs73au4ev0,ibm_fez,46,4029,reset,38,2+,,7,1,8
dae2g1m42tqs73au4ev0,ibm_fez,46,4030,reset,110,1+,,1,7,8
dae2g1m42tqs73au4ev0,ibm_fez,46,4031,reset,103,1-,,6,2,8
dae2g1m42tqs73au4ev0,ibm_fez,46,4032,none,103,1+,,5,3,8
dae2g1m42tqs73au4ev0,ibm_fez,46,4033,none,21,1+,,6,2,8
dae2g1m42tqs73au4ev0,ibm_fez,46,4034,reset,5,1-,,7,1,8
dae2g1m42tqs73au4ev0,ibm_fez,46,4035,static,21,1+,,0,8,8
dae2g1m42tqs73au4ev0,ibm_fez,46,4036,correlated,38,2+,,8,0,8
dae2g1m42tqs73au4ev0,ibm_fez,46,4037,static,62,2-,,8,0,8
dae2g1m42tqs73au4ev0,ibm_fez,46,4038,static,93,1+,,0,8,8
dae2g1m42tqs73au4ev0,ibm_fez,46,4039,reset,93,1+,,5,3,8
dae2g1m42tqs73au4ev0,ibm_fez,46,4040,reset,90,2-,,6,2,8
dae2g1m42tqs73au4ev0,ibm_fez,46,4041,reset,62,2-,,7,1,8
dae2g1m42tqs73au4ev0,ibm_fez,46,4042,none,103,1-,,3,5,8
dae2g1m42tqs73au4ev0,ibm_fez,46,4043,static,59,1-,,7,1,8
dae2g1m42tqs73au4ev0,ibm_fez,46,4044,correlated,54,2+,,8,0,8
dae2g1m42tqs73au4ev0,ibm_fez,46,4045,reset,59,1+,,1,7,8
dae2g1m42tqs73au4ev0,ibm_fez,46,4046,reset,119,1+,,1,7,8
dae2g1m42tqs73au4ev0,ibm_fez,46,4047,static,103,1+,,2,6,8
dae2g1m42tqs73au4ev0,ibm_fez,46,4048,none,5,1+,,3,5,8
dae2g1m42tqs73au4ev0,ibm_fez,46,4049,static,81,2+,,4,4,8
dae2g1m42tqs73au4ev0,ibm_fez,46,4050,none,90,2-,,6,2,8
dae2g1m42tqs73au4ev0,ibm_fez,46,4051,reset,44,2+,,7,1,8
dae2g1m42tqs73au4ev0,ibm_fez,46,4052,none,124,1+,,4,4,8
dae2g1m42tqs73au4ev0,ibm_fez,46,4053,reset,38,2-,,0,8,8
dae2g1m42tqs73au4ev0,ibm_fez,46,4054,none,62,2-,,5,3,8
dae2g1m42tqs73au4ev0,ibm_fez,46,4055,correlated,81,2-,,2,6,8
dae2g1m42tqs73au4ev0,ibm_fez,46,4056,static,110,1-,,7,1,8
dae2g1m42tqs73au4ev0,ibm_fez,46,4057,correlated,23,2+,,0,8,8
dae2g1m42tqs73au4ev0,ibm_fez,46,4058,correlated,103,1+,,2,6,8
dae2g1m42tqs73au4ev0,ibm_fez,46,4059,reset,90,2+,,0,8,8
dae2g1m42tqs73au4ev0,ibm_fez,46,4060,correlated,103,1-,,5,3,8
dae2g1m42tqs73au4ev0,ibm_fez,46,4061,reset,81,2+,,5,3,8
dae2g1m42tqs73au4ev0,ibm_fez,46,4062,correlated,54,2-,,1,7,8
dae2g1m42tqs73au4ev0,ibm_fez,46,4063,none,21,1-,,4,4,8
dae2g1m42tqs73au4ev0,ibm_fez,46,4064,static,93,1-,,7,1,8
dae2g1m42tqs73au4ev0,ibm_fez,46,4065,none,54,2+,,2,6,8
dae2g1m42tqs73au4ev0,ibm_fez,46,4066,static,110,1+,,3,5,8
dae2g1m42tqs73au4ev0,ibm_fez,46,4067,correlated,23,2-,,8,0,8
dae2g1m42tqs73au4ev0,ibm_fez,46,4068,none,93,1-,,4,4,8
dae2g1m42tqs73au4ev0,ibm_fez,46,4069,none,38,2+,,7,1,8
dae2g1m42tqs73au4ev0,ibm_fez,46,4070,static,103,1-,,8,0,8
dae2g1m42tqs73au4ev0,ibm_fez,46,4071,static,0,2+,,2,6,8
dae2g1m42tqs73au4ev0,ibm_fez,46,4072,static,119,1-,,6,2,8
dae2g1m42tqs73au4ev0,ibm_fez,46,4073,correlated,93,1-,,3,5,8
dae2g1m42tqs73au4ev0,ibm_fez,46,4074,none,90,2+,,6,2,8
dae2g1m42tqs73au4ev0,ibm_fez,46,4075,none,0,2+,,5,3,8
dae2g1m42tqs73au4ev0,ibm_fez,46,4076,correlated,93,1+,,7,1,8
dae2g1m42tqs73au4ev0,ibm_fez,46,4077,none,119,1+,,3,5,8
dae2g1m42tqs73au4ev0,ibm_fez,46,4078,reset,5,1+,,1,7,8
dae2g1m42tqs73au4ev0,ibm_fez,46,4079,static,44,2+,,1,7,8
dae2g1m42tqs73au4ev0,ibm_fez,46,4080,reset,44,2-,,1,7,8
dae2g1m42tqs73au4ev0,ibm_fez,46,4081,correlated,0,2+,,1,7,8
dae2g1m42tqs73au4ev0,ibm_fez,46,4082,correlated,90,2-,,5,3,8
dae2g1m42tqs73au4ev0,ibm_fez,46,4083,none,38,2-,,3,5,8
dae2g1m42tqs73au4ev0,ibm_fez,46,4084,reset,93,1-,,0,8,8
dae2g1m42tqs73au4ev0,ibm_fez,46,4085,none,62,2+,,4,4,8
dae2g1m42tqs73au4ev0,ibm_fez,46,4086,reset,103,1+,,2,6,8
dae2g1m42tqs73au4ev0,ibm_fez,46,4087,reset,59,1-,,3,5,8
dae2g1m42tqs73au4ev0,ibm_fez,46,4088,reset,81,2-,,0,8,8
dae2g1m42tqs73au4ev0,ibm_fez,46,4089,none,119,1-,,2,6,8
dae2g1m42tqs73au4ev0,ibm_fez,46,4090,reset,110,1-,,7,1,8
dae2g1m42tqs73au4ev0,ibm_fez,46,4091,none,93,1+,,5,3,8
dae2g1m42tqs73au4ev0,ibm_fez,46,4092,correlated,124,1-,,1,7,8
dae2g1m42tqs73au4ev0,ibm_fez,46,4093,correlated,44,2+,,0,8,8
dae2g1m42tqs73au4ev0,ibm_fez,46,4094,static,5,1+,,0,8,8
dae2g1m42tqs73au4ev0,ibm_fez,46,4095,correlated,5,1+,,0,8,8
dae2g1m42tqs73au4ev0,ibm_fez,46,4096,correlated,44,2-,,8,0,8
dae2g1m42tqs73au4ev0,ibm_fez,46,4097,reset,54,2+,,2,6,8
dae2g1m42tqs73au4ev0,ibm_fez,46,4098,none,59,1-,,3,5,8
dae2g1m42tqs73au4ev0,ibm_fez,46,4099,static,62,2+,,2,6,8
dae2g1m42tqs73au4ev0,ibm_fez,46,4100,static,124,1+,,2,6,8
dae2g1m42tqs73au4ev0,ibm_fez,46,4101,none,5,1-,,3,5,8
dae2g1m42tqs73au4ev0,ibm_fez,46,4102,reset,23,2-,,3,5,8
dae2g1m42tqs73au4ev0,ibm_fez,46,4103,static,44,2-,,8,0,8
dae2g1m42tqs73au4ev0,ibm_fez,46,4104,static,21,1-,,8,0,8
dae2g1m42tqs73au4ev0,ibm_fez,46,4105,static,90,2-,,7,1,8
dae2g1m42tqs73au4ev0,ibm_fez,46,4106,reset,119,1-,,6,2,8
dae2g1m42tqs73au4ev0,ibm_fez,46,4107,static,119,1+,,2,6,8
dae2g1m42tqs73au4ev0,ibm_fez,46,4108,correlated,110,1+,,3,5,8
dae2g1m42tqs73au4ev0,ibm_fez,46,4109,none,110,1-,,6,2,8
dae2g1m42tqs73au4ev0,ibm_fez,46,4110,correlated,59,1-,,8,0,8
dae2g1m42tqs73au4ev0,ibm_fez,46,4111,reset,0,2+,,6,2,8
dae2g1m42tqs73au4ev0,ibm_fez,46,4112,static,59,1+,,2,6,8
dae2g1m42tqs73au4ev0,ibm_fez,46,4113,reset,23,2+,,6,2,8
dae2g1m42tqs73au4ev0,ibm_fez,46,4114,static,23,2-,,8,0,8
dae2g1m42tqs73au4ev0,ibm_fez,46,4115,reset,21,1-,,1,7,8
dae2g1m42tqs73au4ev0,ibm_fez,46,4116,correlated,59,1+,,2,6,8
dae2g1m42tqs73au4ev0,ibm_fez,46,4117,none,44,2-,,5,3,8
dae2g1m42tqs73au4ev0,ibm_fez,46,4118,static,90,2+,,2,6,8
dae2g1m42tqs73au4ev0,ibm_fez,46,4119,reset,124,1+,,7,1,8
dae2g1m42tqs73au4ev0,ibm_fez,46,4120,correlated,21,1+,,6,2,8
dae2g1m42tqs73au4ev0,ibm_fez,46,4121,correlated,119,1+,,0,8,8
dae2g1m42tqs73au4ev0,ibm_fez,46,4122,static,124,1-,,7,1,8
dae2g1m42tqs73au4ev0,ibm_fez,46,4123,,,,1,0,8,8
dae2g1m42tqs73au4ev0,ibm_fez,46,4124,reset,65,--,,2,6,8
dae2g1m42tqs73au4ev0,ibm_fez,46,4125,correlated,65,--,,2,6,8
dae2g1m42tqs73au4ev0,ibm_fez,46,4126,static,65,+-,,4,4,8
dae2g1m42tqs73au4ev0,ibm_fez,46,4127,static,65,-+,,7,1,8
dae2g1m42tqs73au4ev0,ibm_fez,46,4128,reset,65,+-,,7,1,8
dae2g1m42tqs73au4ev0,ibm_fez,46,4129,correlated,65,-+,,1,7,8
dae2g1m42tqs73au4ev0,ibm_fez,46,4130,none,65,++,,3,5,8
dae2g1m42tqs73au4ev0,ibm_fez,46,4131,none,65,--,,2,6,8
dae2g1m42tqs73au4ev0,ibm_fez,46,4132,correlated,65,+-,,7,1,8
dae2g1m42tqs73au4ev0,ibm_fez,46,4133,static,65,++,,1,7,8
dae2g1m42tqs73au4ev0,ibm_fez,46,4134,correlated,65,++,,8,0,8
dae2g1m42tqs73au4ev0,ibm_fez,46,4135,reset,65,++,,7,1,8
dae2g1m42tqs73au4ev0,ibm_fez,46,4136,reset,65,-+,,1,7,8
dae2g1m42tqs73au4ev0,ibm_fez,46,4137,none,65,-+,,2,6,8
dae2g1m42tqs73au4ev0,ibm_fez,46,4138,none,65,+-,,2,6,8
dae2g1m42tqs73au4ev0,ibm_fez,46,4139,static,65,--,,6,2,8
dae2g1m42tqs73au4ev0,ibm_fez,46,4140,correlated,57,--,,8,0,8
dae2g1m42tqs73au4ev0,ibm_fez,46,4141,reset,57,++,,8,0,8
dae2g1m42tqs73au4ev0,ibm_fez,46,4142,none,57,--,,8,0,8
dae2g1m42tqs73au4ev0,ibm_fez,46,4143,static,57,++,,8,0,8
dae2g1m42tqs73au4ev0,ibm_fez,46,4144,reset,57,-+,,8,0,8
dae2g1m42tqs73au4ev0,ibm_fez,46,4145,static,57,+-,,8,0,8
dae2g1m42tqs73au4ev0,ibm_fez,46,4146,none,57,++,,8,0,8
dae2g1m42tqs73au4ev0,ibm_fez,46,4147,reset,57,--,,8,0,8
dae2g1m42tqs73au4ev0,ibm_fez,46,4148,correlated,57,+-,,8,0,8
dae2g1m42tqs73au4ev0,ibm_fez,46,4149,static,57,--,,8,0,8
dae2g1m42tqs73au4ev0,ibm_fez,46,4150,reset,57,+-,,8,0,8
dae2g1m42tqs73au4ev0,ibm_fez,46,4151,correlated,57,-+,,8,0,8
dae2g1m42tqs73au4ev0,ibm_fez,46,4152,none,57,-+,,8,0,8
dae2g1m42tqs73au4ev0,ibm_fez,46,4153,none,57,+-,,8,0,8
dae2g1m42tqs73au4ev0,ibm_fez,46,4154,static,57,-+,,8,0,8
dae2g1m42tqs73au4ev0,ibm_fez,46,4155,correlated,57,++,,8,0,8
dae2g1m42tqs73au4ev0,ibm_fez,46,4156,,,,1,0,8,8
dae2g1m42tqs73au4ev0,ibm_fez,46,4157,none,104,++,,8,0,8
dae2g1m42tqs73au4ev0,ibm_fez,46,4158,reset,104,-+,,8,0,8
dae2g1m42tqs73au4ev0,ibm_fez,46,4159,none,104,-+,,3,5,8
dae2g1m42tqs73au4ev0,ibm_fez,46,4160,static,104,-+,,3,5,8
dae2g1m42tqs73au4ev0,ibm_fez,46,4161,correlated,104,-+,,7,1,8
dae2g1m42tqs73au4ev0,ibm_fez,46,4162,static,104,++,,4,4,8
dae2g1m42tqs73au4ev0,ibm_fez,46,4163,correlated,104,+-,,0,8,8
dae2g1m42tqs73au4ev0,ibm_fez,46,4164,static,104,--,,8,0,8
dae2g1m42tqs73au4ev0,ibm_fez,46,4165,reset,104,--,,1,7,8
dae2g1m42tqs73au4ev0,ibm_fez,46,4166,reset,104,+-,,0,8,8
dae2g1m42tqs73au4ev0,ibm_fez,46,4167,none,104,+-,,3,5,8
dae2g1m42tqs73au4ev0,ibm_fez,46,4168,reset,104,++,,6,2,8
dae2g1m42tqs73au4ev0,ibm_fez,46,4169,correlated,104,--,,2,6,8
dae2g1m42tqs73au4ev0,ibm_fez,46,4170,correlated,104,++,,8,0,8
dae2g1m42tqs73au4ev0,ibm_fez,46,4171,static,104,+-,,8,0,8
dae2g1m42tqs73au4ev0,ibm_fez,46,4172,none,104,--,,3,5,8
dae2g1m42tqs73au4ev0,ibm_fez,46,4173,none,23,+-,,3,5,8
dae2g1m42tqs73au4ev0,ibm_fez,46,4174,correlated,44,--,,7,1,8
dae2g1m42tqs73au4ev0,ibm_fez,46,4175,reset,44,-+,,8,0,8
dae2g1m42tqs73au4ev0,ibm_fez,46,4176,correlated,23,-+,,0,8,8
dae2g1m42tqs73au4ev0,ibm_fez,46,4177,reset,23,+-,,2,6,8
dae2g1m42tqs73au4ev0,ibm_fez,46,4178,none,44,+-,,5,3,8
dae2g1m42tqs73au4ev0,ibm_fez,46,4179,correlated,44,++,,0,8,8
dae2g1m42tqs73au4ev0,ibm_fez,46,4180,reset,44,+-,,0,8,8
dae2g1m42tqs73au4ev0,ibm_fez,46,4181,correlated,23,++,,2,6,8
dae2g1m42tqs73au4ev0,ibm_fez,46,4182,none,23,-+,,6,2,8
dae2g1m42tqs73au4ev0,ibm_fez,46,4183,reset,23,-+,,8,0,8
dae2g1m42tqs73au4ev0,ibm_fez,46,4184,none,44,-+,,5,3,8
dae2g1m42tqs73au4ev0,ibm_fez,46,4185,reset,23,--,,4,4,8
dae2g1m42tqs73au4ev0,ibm_fez,46,4186,static,23,+-,,7,1,8
dae2g1m42tqs73au4ev0,ibm_fez,46,4187,static,23,++,,1,7,8
dae2g1m42tqs73au4ev0,ibm_fez,46,4188,reset,44,--,,2,6,8
dae2g1m42tqs73au4ev0,ibm_fez,46,4189,static,23,-+,,4,4,8
dae2g1m42tqs73au4ev0,ibm_fez,46,4190,none,23,--,,6,2,8
dae2g1m42tqs73au4ev0,ibm_fez,46,4191,correlated,44,-+,,1,7,8
dae2g1m42tqs73au4ev0,ibm_fez,46,4192,static,23,--,,8,0,8
dae2g1m42tqs73au4ev0,ibm_fez,46,4193,reset,44,++,,8,0,8
dae2g1m42tqs73au4ev0,ibm_fez,46,4194,correlated,44,+-,,6,2,8
dae2g1m42tqs73au4ev0,ibm_fez,46,4195,correlated,23,+-,,6,2,8
dae2g1m42tqs73au4ev0,ibm_fez,46,4196,static,44,++,,1,7,8
dae2g1m42tqs73au4ev0,ibm_fez,46,4197,none,23,++,,2,6,8
dae2g1m42tqs73au4ev0,ibm_fez,46,4198,correlated,23,--,,6,2,8
dae2g1m42tqs73au4ev0,ibm_fez,46,4199,reset,23,++,,7,1,8
dae2g1m42tqs73au4ev0,ibm_fez,46,4200,none,44,++,,5,3,8
dae2g1m42tqs73au4ev0,ibm_fez,46,4201,static,44,-+,,2,6,8
dae2g1m42tqs73au4ev0,ibm_fez,46,4202,static,44,+-,,7,1,8
dae2g1m42tqs73au4ev0,ibm_fez,46,4203,none,44,--,,5,3,8
dae2g1m42tqs73au4ev0,ibm_fez,46,4204,static,44,--,,7,1,8
dae2g1m42tqs73au4ev0,ibm_fez,46,4205,,,,0,8,0,8
dae2g1m42tqs73au4ev0,ibm_fez,46,4206,reset,64,+-,,2,6,8
dae2g1m42tqs73au4ev0,ibm_fez,46,4207,static,64,+-,,6,2,8
dae2g1m42tqs73au4ev0,ibm_fez,46,4208,reset,64,--,,8,0,8
dae2g1m42tqs73au4ev0,ibm_fez,46,4209,correlated,64,++,,4,4,8
dae2g1m42tqs73au4ev0,ibm_fez,46,4210,reset,64,-+,,5,3,8
dae2g1m42tqs73au4ev0,ibm_fez,46,4211,reset,64,++,,0,8,8
dae2g1m42tqs73au4ev0,ibm_fez,46,4212,static,64,--,,7,1,8
dae2g1m42tqs73au4ev0,ibm_fez,46,4213,correlated,64,--,,6,2,8
dae2g1m42tqs73au4ev0,ibm_fez,46,4214,correlated,64,-+,,8,0,8
dae2g1m42tqs73au4ev0,ibm_fez,46,4215,correlated,64,+-,,1,7,8
dae2g1m42tqs73au4ev0,ibm_fez,46,4216,none,64,-+,,5,3,8
dae2g1m42tqs73au4ev0,ibm_fez,46,4217,none,64,--,,3,5,8
dae2g1m42tqs73au4ev0,ibm_fez,46,4218,static,64,-+,,5,3,8
dae2g1m42tqs73au4ev0,ibm_fez,46,4219,none,64,++,,1,7,8
dae2g1m42tqs73au4ev0,ibm_fez,46,4220,none,64,+-,,3,5,8
dae2g1m42tqs73au4ev0,ibm_fez,46,4221,static,64,++,,1,7,8
dae2g1m42tqs73au4ev0,ibm_fez,46,4222,,,,1,0,8,8
dae2g1m42tqs73au4ev0,ibm_fez,46,4223,,,,0,8,0,8
dae2kq642tqs73au4qag,ibm_fez,46,0,,,,1,0,8,8
dae2kq642tqs73au4qag,ibm_fez,46,1,none,41,+-,,6,2,8
dae2kq642tqs73au4qag,ibm_fez,46,2,reset,41,++,,2,6,8
dae2kq642tqs73au4qag,ibm_fez,46,3,none,41,--,,5,3,8
dae2kq642tqs73au4qag,ibm_fez,46,4,reset,41,-+,,2,6,8
dae2kq642tqs73au4qag,ibm_fez,46,5,none,41,-+,,4,4,8
dae2kq642tqs73au4qag,ibm_fez,46,6,reset,41,+-,,6,2,8
dae2kq642tqs73au4qag,ibm_fez,46,7,static,41,--,,5,3,8
dae2kq642tqs73au4qag,ibm_fez,46,8,static,41,+-,,5,3,8
dae2kq642tqs73au4qag,ibm_fez,46,9,reset,41,--,,8,0,8
dae2kq642tqs73au4qag,ibm_fez,46,10,correlated,41,+-,,6,2,8
dae2kq642tqs73au4qag,ibm_fez,46,11,correlated,41,--,,6,2,8
dae2kq642tqs73au4qag,ibm_fez,46,12,static,41,++,,0,8,8
dae2kq642tqs73au4qag,ibm_fez,46,13,correlated,41,++,,0,8,8
dae2kq642tqs73au4qag,ibm_fez,46,14,correlated,41,-+,,1,7,8
dae2kq642tqs73au4qag,ibm_fez,46,15,none,41,++,,2,6,8
dae2kq642tqs73au4qag,ibm_fez,46,16,static,41,-+,,1,7,8
dae2kq642tqs73au4qag,ibm_fez,46,17,none,78,2-,,4,4,8
dae2kq642tqs73au4qag,ibm_fez,46,18,reset,95,2-,,2,6,8
dae2kq642tqs73au4qag,ibm_fez,46,19,none,102,1+,,4,4,8
dae2kq642tqs73au4qag,ibm_fez,46,20,static,18,1-,,7,1,8
dae2kq642tqs73au4qag,ibm_fez,46,21,none,53,2-,,2,6,8
dae2kq642tqs73au4qag,ibm_fez,46,22,static,36,2+,,2,6,8
dae2kq642tqs73au4qag,ibm_fez,46,23,correlated,18,1+,,2,6,8
dae2kq642tqs73au4qag,ibm_fez,46,24,static,99,2-,,7,1,8
dae2kq642tqs73au4qag,ibm_fez,46,25,none,99,2-,,4,4,8
dae2kq642tqs73au4qag,ibm_fez,46,26,correlated,95,2+,,1,7,8
dae2kq642tqs73au4qag,ibm_fez,46,27,correlated,78,2+,,8,0,8
dae2kq642tqs73au4qag,ibm_fez,46,28,reset,53,2+,,7,1,8
dae2kq642tqs73au4qag,ibm_fez,46,29,reset,95,2+,,7,1,8
dae2kq642tqs73au4qag,ibm_fez,46,30,correlated,78,2-,,2,6,8
dae2kq642tqs73au4qag,ibm_fez,46,31,reset,101,2+,,0,8,8
dae2kq642tqs73au4qag,ibm_fez,46,32,correlated,95,2-,,4,4,8
dae2kq642tqs73au4qag,ibm_fez,46,33,reset,101,2-,,6,2,8
dae2kq642tqs73au4qag,ibm_fez,46,34,reset,36,2-,,8,0,8
dae2kq642tqs73au4qag,ibm_fez,46,35,none,36,2-,,5,3,8
dae2kq642tqs73au4qag,ibm_fez,46,36,static,53,2-,,7,1,8
dae2kq642tqs73au4qag,ibm_fez,46,37,none,36,2+,,3,5,8
dae2kq642tqs73au4qag,ibm_fez,46,38,reset,112,2+,,7,1,8
dae2kq642tqs73au4qag,ibm_fez,46,39,none,99,2+,,5,3,8
dae2kq642tqs73au4qag,ibm_fez,46,40,reset,99,2+,,1,7,8
dae2kq642tqs73au4qag,ibm_fez,46,41,correlated,42,1+,,2,6,8
dae2kq642tqs73au4qag,ibm_fez,46,42,none,102,1-,,6,2,8
dae2kq642tqs73au4qag,ibm_fez,46,43,reset,36,2+,,1,7,8
dae2kq642tqs73au4qag,ibm_fez,46,44,correlated,112,2+,,1,7,8
dae2kq642tqs73au4qag,ibm_fez,46,45,static,78,2+,,1,7,8
dae2kq642tqs73au4qag,ibm_fez,46,46,static,18,1+,,3,5,8
dae2kq642tqs73au4qag,ibm_fez,46,47,none,42,1+,,6,2,8
dae2kq642tqs73au4qag,ibm_fez,46,48,static,112,2+,,2,6,8
dae2kq642tqs73au4qag,ibm_fez,46,49,none,18,1+,,3,5,8
dae2kq642tqs73au4qag,ibm_fez,46,50,reset,18,1-,,8,0,8
dae2kq642tqs73au4qag,ibm_fez,46,51,static,95,2-,,7,1,8
dae2kq642tqs73au4qag,ibm_fez,46,52,correlated,53,2-,,8,0,8
dae2kq642tqs73au4qag,ibm_fez,46,53,reset,53,2-,,0,8,8
dae2kq642tqs73au4qag,ibm_fez,46,54,correlated,36,2-,,6,2,8
dae2kq642tqs73au4qag,ibm_fez,46,55,none,112,2-,,5,3,8
dae2kq642tqs73au4qag,ibm_fez,46,56,static,36,2-,,8,0,8
dae2kq642tqs73au4qag,ibm_fez,46,57,correlated,99,2-,,8,0,8
dae2kq642tqs73au4qag,ibm_fez,46,58,static,42,1+,,1,7,8
dae2kq642tqs73au4qag,ibm_fez,46,59,correlated,112,2-,,7,1,8
dae2kq642tqs73au4qag,ibm_fez,46,60,none,95,2-,,5,3,8
dae2kq642tqs73au4qag,ibm_fez,46,61,reset,42,1-,,6,2,8
dae2kq642tqs73au4qag,ibm_fez,46,62,none,42,1-,,2,6,8
dae2kq642tqs73au4qag,ibm_fez,46,63,correlated,53,2+,,1,7,8
dae2kq642tqs73au4qag,ibm_fez,46,64,static,53,2+,,2,6,8
dae2kq642tqs73au4qag,ibm_fez,46,65,static,102,1-,,8,0,8
dae2kq642tqs73au4qag,ibm_fez,46,66,correlated,102,1+,,0,8,8
dae2kq642tqs73au4qag,ibm_fez,46,67,none,101,2+,,4,4,8
dae2kq642tqs73au4qag,ibm_fez,46,68,correlated,18,1-,,8,0,8
dae2kq642tqs73au4qag,ibm_fez,46,69,reset,78,2+,,3,5,8
dae2kq642tqs73au4qag,ibm_fez,46,70,correlated,99,2+,,0,8,8
dae2kq642tqs73au4qag,ibm_fez,46,71,none,101,2-,,3,5,8
dae2kq642tqs73au4qag,ibm_fez,46,72,correlated,36,2+,,2,6,8
dae2kq642tqs73au4qag,ibm_fez,46,73,reset,102,1-,,8,0,8
dae2kq642tqs73au4qag,ibm_fez,46,74,reset,78,2-,,6,2,8
dae2kq642tqs73au4qag,ibm_fez,46,75,none,112,2+,,4,4,8
dae2kq642tqs73au4qag,ibm_fez,46,76,static,112,2-,,4,4,8
dae2kq642tqs73au4qag,ibm_fez,46,77,correlated,42,1-,,6,2,8
dae2kq642tqs73au4qag,ibm_fez,46,78,reset,99,2-,,7,1,8
dae2kq642tqs73au4qag,ibm_fez,46,79,reset,18,1+,,1,7,8
dae2kq642tqs73au4qag,ibm_fez,46,80,static,101,2-,,6,2,8
dae2kq642tqs73au4qag,ibm_fez,46,81,static,102,1+,,2,6,8
dae2kq642tqs73au4qag,ibm_fez,46,82,static,42,1-,,7,1,8
dae2kq642tqs73au4qag,ibm_fez,46,83,correlated,101,2-,,0,8,8
dae2kq642tqs73au4qag,ibm_fez,46,84,none,53,2+,,3,5,8
dae2kq642tqs73au4qag,ibm_fez,46,85,reset,42,1+,,1,7,8
dae2kq642tqs73au4qag,ibm_fez,46,86,none,78,2+,,3,5,8
dae2kq642tqs73au4qag,ibm_fez,46,87,correlated,101,2+,,7,1,8
dae2kq642tqs73au4qag,ibm_fez,46,88,reset,102,1+,,4,4,8
dae2kq642tqs73au4qag,ibm_fez,46,89,static,101,2+,,3,5,8
dae2kq642tqs73au4qag,ibm_fez,46,90,none,18,1-,,3,5,8
dae2kq642tqs73au4qag,ibm_fez,46,91,reset,112,2-,,2,6,8
dae2kq642tqs73au4qag,ibm_fez,46,92,none,95,2+,,4,4,8
dae2kq642tqs73au4qag,ibm_fez,46,93,static,95,2+,,0,8,8
dae2kq642tqs73au4qag,ibm_fez,46,94,static,99,2+,,3,5,8
dae2kq642tqs73au4qag,ibm_fez,46,95,correlated,102,1-,,6,2,8
dae2kq642tqs73au4qag,ibm_fez,46,96,static,78,2-,,6,2,8
dae2kq642tqs73au4qag,ibm_fez,46,97,,,,0,8,0,8
dae2kq642tqs73au4qag,ibm_fez,46,98,none,124,1-,,8,0,8
dae2kq642tqs73au4qag,ibm_fez,46,99,none,105,1-,,8,0,8
dae2kq642tqs73au4qag,ibm_fez,46,100,none,126,1-,,8,0,8
dae2kq642tqs73au4qag,ibm_fez,46,101,correlated,17,2+,,8,0,8
dae2kq642tqs73au4qag,ibm_fez,46,102,none,17,2-,,8,0,8
dae2kq642tqs73au4qag,ibm_fez,46,103,correlated,126,1-,,8,0,8
dae2kq642tqs73au4qag,ibm_fez,46,104,static,53,1+,,8,0,8
dae2kq642tqs73au4qag,ibm_fez,46,105,correlated,105,2-,,8,0,8
dae2kq642tqs73au4qag,ibm_fez,46,106,none,3,2-,,8,0,8
dae2kq642tqs73au4qag,ibm_fez,46,107,reset,16,2-,,8,0,8
dae2kq642tqs73au4qag,ibm_fez,46,108,correlated,3,2-,,8,0,8
dae2kq642tqs73au4qag,ibm_fez,46,109,reset,43,2+,,8,0,8
dae2kq642tqs73au4qag,ibm_fez,46,110,correlated,32,1-,,8,0,8
dae2kq642tqs73au4qag,ibm_fez,46,111,reset,32,1+,,8,0,8
dae2kq642tqs73au4qag,ibm_fez,46,112,none,3,2+,,8,0,8
dae2kq642tqs73au4qag,ibm_fez,46,113,none,53,1-,,8,0,8
dae2kq642tqs73au4qag,ibm_fez,46,114,none,105,2+,,8,0,8
dae2kq642tqs73au4qag,ibm_fez,46,115,none,121,2-,,8,0,8
dae2kq642tqs73au4qag,ibm_fez,46,116,reset,17,2+,,8,0,8
dae2kq642tqs73au4qag,ibm_fez,46,117,reset,53,1-,,8,0,8
dae2kq642tqs73au4qag,ibm_fez,46,118,static,105,1-,,8,0,8
dae2kq642tqs73au4qag,ibm_fez,46,119,reset,45,2+,,8,0,8
dae2kq642tqs73au4qag,ibm_fez,46,120,correlated,126,1+,,8,0,8
dae2kq642tqs73au4qag,ibm_fez,46,121,none,16,2+,,8,0,8
dae2kq642tqs73au4qag,ibm_fez,46,122,none,43,2-,,8,0,8
dae2kq642tqs73au4qag,ibm_fez,46,123,static,46,1+,,8,0,8
dae2kq642tqs73au4qag,ibm_fez,46,124,correlated,121,2-,,8,0,8
dae2kq642tqs73au4qag,ibm_fez,46,125,reset,121,2-,,8,0,8
dae2kq642tqs73au4qag,ibm_fez,46,126,static,45,2+,,8,0,8
dae2kq642tqs73au4qag,ibm_fez,46,127,reset,43,2-,,8,0,8
dae2kq642tqs73au4qag,ibm_fez,46,128,static,43,2-,,8,0,8
dae2kq642tqs73au4qag,ibm_fez,46,129,none,124,1+,,8,0,8
dae2kq642tqs73au4qag,ibm_fez,46,130,static,16,2+,,8,0,8
dae2kq642tqs73au4qag,ibm_fez,46,131,reset,105,2-,,8,0,8
dae2kq642tqs73au4qag,ibm_fez,46,132,static,121,2-,,8,0,8
dae2kq642tqs73au4qag,ibm_fez,46,133,static,16,2-,,8,0,8
dae2kq642tqs73au4qag,ibm_fez,46,134,static,105,2-,,8,0,8
dae2kq642tqs73au4qag,ibm_fez,46,135,static,17,2-,,8,0,8
dae2kq642tqs73au4qag,ibm_fez,46,136,correlated,124,1-,,8,0,8
dae2kq642tqs73au4qag,ibm_fez,46,137,reset,3,2-,,8,0,8
dae2kq642tqs73au4qag,ibm_fez,46,138,none,53,1+,,8,0,8
dae2kq642tqs73au4qag,ibm_fez,46,139,correlated,45,2-,,8,0,8
dae2kq642tqs73au4qag,ibm_fez,46,140,none,105,1+,,8,0,8
dae2kq642tqs73au4qag,ibm_fez,46,141,reset,124,1-,,8,0,8
dae2kq642tqs73au4qag,ibm_fez,46,142,none,45,2-,,8,0,8
dae2kq642tqs73au4qag,ibm_fez,46,143,static,124,1+,,8,0,8
dae2kq642tqs73au4qag,ibm_fez,46,144,static,126,1-,,8,0,8
dae2kq642tqs73au4qag,ibm_fez,46,145,static,32,1-,,8,0,8
dae2kq642tqs73au4qag,ibm_fez,46,146,none,16,2-,,8,0,8
dae2kq642tqs73au4qag,ibm_fez,46,147,correlated,124,1+,,8,0,8
dae2kq642tqs73au4qag,ibm_fez,46,148,reset,124,1+,,8,0,8
dae2kq642tqs73au4qag,ibm_fez,46,149,correlated,32,1+,,8,0,8
dae2kq642tqs73au4qag,ibm_fez,46,150,correlated,53,1+,,8,0,8
dae2kq642tqs73au4qag,ibm_fez,46,151,reset,53,1+,,8,0,8
dae2kq642tqs73au4qag,ibm_fez,46,152,none,43,2+,,8,0,8
dae2kq642tqs73au4qag,ibm_fez,46,153,none,45,2+,,8,0,8
dae2kq642tqs73au4qag,ibm_fez,46,154,reset,121,2+,,8,0,8
dae2kq642tqs73au4qag,ibm_fez,46,155,reset,126,1+,,8,0,8
dae2kq642tqs73au4qag,ibm_fez,46,156,correlated,16,2+,,8,0,8
dae2kq642tqs73au4qag,ibm_fez,46,157,reset,3,2+,,8,0,8
dae2kq642tqs73au4qag,ibm_fez,46,158,none,46,1-,,8,0,8
dae2kq642tqs73au4qag,ibm_fez,46,159,static,45,2-,,8,0,8
dae2kq642tqs73au4qag,ibm_fez,46,160,correlated,45,2+,,8,0,8
dae2kq642tqs73au4qag,ibm_fez,46,161,static,3,2+,,8,0,8
dae2kq642tqs73au4qag,ibm_fez,46,162,correlated,105,1+,,8,0,8
dae2kq642tqs73au4qag,ibm_fez,46,163,static,43,2+,,8,0,8
dae2kq642tqs73au4qag,ibm_fez,46,164,static,3,2-,,8,0,8
dae2kq642tqs73au4qag,ibm_fez,46,165,correlated,121,2+,,8,0,8
dae2kq642tqs73au4qag,ibm_fez,46,166,correlated,17,2-,,8,0,8
dae2kq642tqs73au4qag,ibm_fez,46,167,static,105,2+,,8,0,8
dae2kq642tqs73au4qag,ibm_fez,46,168,reset,32,1-,,8,0,8
dae2kq642tqs73au4qag,ibm_fez,46,169,static,126,1+,,8,0,8
dae2kq642tqs73au4qag,ibm_fez,46,170,reset,46,1-,,8,0,8
dae2kq642tqs73au4qag,ibm_fez,46,171,static,17,2+,,8,0,8
dae2kq642tqs73au4qag,ibm_fez,46,172,correlated,105,2+,,8,0,8
dae2kq642tqs73au4qag,ibm_fez,46,173,reset,105,2+,,8,0,8
dae2kq642tqs73au4qag,ibm_fez,46,174,reset,126,1-,,8,0,8
dae2kq642tqs73au4qag,ibm_fez,46,175,none,32,1-,,8,0,8
dae2kq642tqs73au4qag,ibm_fez,46,176,correlated,43,2-,,8,0,8
dae2kq642tqs73au4qag,ibm_fez,46,177,none,32,1+,,8,0,8
dae2kq642tqs73au4qag,ibm_fez,46,178,reset,105,1-,,8,0,8
dae2kq642tqs73au4qag,ibm_fez,46,179,none,17,2+,,8,0,8
dae2kq642tqs73au4qag,ibm_fez,46,180,static,124,1-,,8,0,8
dae2kq642tqs73au4qag,ibm_fez,46,181,correlated,43,2+,,8,0,8
dae2kq642tqs73au4qag,ibm_fez,46,182,static,105,1+,,8,0,8
dae2kq642tqs73au4qag,ibm_fez,46,183,static,46,1-,,8,0,8
dae2kq642tqs73au4qag,ibm_fez,46,184,correlated,53,1-,,8,0,8
dae2kq642tqs73au4qag,ibm_fez,46,185,none,126,1+,,8,0,8
dae2kq642tqs73au4qag,ibm_fez,46,186,static,121,2+,,8,0,8
dae2kq642tqs73au4qag,ibm_fez,46,187,correlated,16,2-,,8,0,8
dae2kq642tqs73au4qag,ibm_fez,46,188,reset,45,2-,,8,0,8
dae2kq642tqs73au4qag,ibm_fez,46,189,reset,17,2-,,8,0,8
dae2kq642tqs73au4qag,ibm_fez,46,190,reset,105,1+,,8,0,8
dae2kq642tqs73au4qag,ibm_fez,46,191,reset,46,1+,,8,0,8
dae2kq642tqs73au4qag,ibm_fez,46,192,correlated,105,1-,,8,0,8
dae2kq642tqs73au4qag,ibm_fez,46,193,none,46,1+,,8,0,8
dae2kq642tqs73au4qag,ibm_fez,46,194,reset,16,2+,,8,0,8
dae2kq642tqs73au4qag,ibm_fez,46,195,none,105,2-,,8,0,8
dae2kq642tqs73au4qag,ibm_fez,46,196,correlated,46,1+,,8,0,8
dae2kq642tqs73au4qag,ibm_fez,46,197,none,121,2+,,8,0,8
dae2kq642tqs73au4qag,ibm_fez,46,198,static,53,1-,,8,0,8
dae2kq642tqs73au4qag,ibm_fez,46,199,correlated,46,1-,,8,0,8
dae2kq642tqs73au4qag,ibm_fez,46,200,correlated,3,2+,,8,0,8
dae2kq642tqs73au4qag,ibm_fez,46,201,static,32,1+,,8,0,8
dae2kq642tqs73au4qag,ibm_fez,46,202,,,,0,8,0,8
dae2kq642tqs73au4qag,ibm_fez,46,203,,,,1,0,8,8
dae2kq642tqs73au4qag,ibm_fez,46,204,,,,0,8,0,8
dae2kq642tqs73au4qag,ibm_fez,46,205,,,,1,1,7,8
dae2kq642tqs73au4qag,ibm_fez,46,206,,,,0,8,0,8
dae2kq642tqs73au4qag,ibm_fez,46,207,,,,0,7,1,8
dae2kq642tqs73au4qag,ibm_fez,46,208,reset,107,--,,4,4,8
dae2kq642tqs73au4qag,ibm_fez,46,209,correlated,107,+-,,2,6,8
dae2kq642tqs73au4qag,ibm_fez,46,210,static,107,--,,5,3,8
dae2kq642tqs73au4qag,ibm_fez,46,211,correlated,107,--,,7,1,8
dae2kq642tqs73au4qag,ibm_fez,46,212,correlated,107,++,,0,8,8
dae2kq642tqs73au4qag,ibm_fez,46,213,reset,107,++,,1,7,8
dae2kq642tqs73au4qag,ibm_fez,46,214,reset,107,+-,,2,6,8
dae2kq642tqs73au4qag,ibm_fez,46,215,static,107,-+,,6,2,8
dae2kq642tqs73au4qag,ibm_fez,46,216,static,107,+-,,4,4,8
dae2kq642tqs73au4qag,ibm_fez,46,217,reset,107,-+,,7,1,8
dae2kq642tqs73au4qag,ibm_fez,46,218,none,107,-+,,3,5,8
dae2kq642tqs73au4qag,ibm_fez,46,219,none,107,++,,4,4,8
dae2kq642tqs73au4qag,ibm_fez,46,220,static,107,++,,3,5,8
dae2kq642tqs73au4qag,ibm_fez,46,221,none,107,+-,,3,5,8
dae2kq642tqs73au4qag,ibm_fez,46,222,none,107,--,,2,6,8
dae2kq642tqs73au4qag,ibm_fez,46,223,correlated,107,-+,,6,2,8
dae2kq642tqs73au4qag,ibm_fez,46,224,,,,0,8,0,8
dae2kq642tqs73au4qag,ibm_fez,46,225,reset,16,-+,,8,0,8
dae2kq642tqs73au4qag,ibm_fez,46,226,correlated,16,--,,5,3,8
dae2kq642tqs73au4qag,ibm_fez,46,227,static,16,++,,5,3,8
dae2kq642tqs73au4qag,ibm_fez,46,228,none,16,-+,,8,0,8
dae2kq642tqs73au4qag,ibm_fez,46,229,correlated,16,-+,,2,6,8
dae2kq642tqs73au4qag,ibm_fez,46,230,correlated,16,++,,2,6,8
dae2kq642tqs73au4qag,ibm_fez,46,231,reset,16,++,,2,6,8
dae2kq642tqs73au4qag,ibm_fez,46,232,reset,16,--,,0,8,8
dae2kq642tqs73au4qag,ibm_fez,46,233,static,16,+-,,4,4,8
dae2kq642tqs73au4qag,ibm_fez,46,234,static,16,--,,3,5,8
dae2kq642tqs73au4qag,ibm_fez,46,235,none,16,--,,1,7,8
dae2kq642tqs73au4qag,ibm_fez,46,236,reset,16,+-,,8,0,8
dae2kq642tqs73au4qag,ibm_fez,46,237,none,16,+-,,8,0,8
dae2kq642tqs73au4qag,ibm_fez,46,238,static,16,-+,,2,6,8
dae2kq642tqs73au4qag,ibm_fez,46,239,correlated,16,+-,,4,4,8
dae2kq642tqs73au4qag,ibm_fez,46,240,none,16,++,,0,8,8
dae2kq642tqs73au4qag,ibm_fez,46,241,correlated,34,2+,,6,2,8
dae2kq642tqs73au4qag,ibm_fez,46,242,static,109,1+,,1,7,8
dae2kq642tqs73au4qag,ibm_fez,46,243,static,81,2-,,8,0,8
dae2kq642tqs73au4qag,ibm_fez,46,244,none,25,2-,,7,1,8
dae2kq642tqs73au4qag,ibm_fez,46,245,static,34,2+,,2,6,8
dae2kq642tqs73au4qag,ibm_fez,46,246,reset,11,1+,,5,3,8
dae2kq642tqs73au4qag,ibm_fez,46,247,none,109,1+,,6,2,8
dae2kq642tqs73au4qag,ibm_fez,46,248,none,9,2+,,1,7,8
dae2kq642tqs73au4qag,ibm_fez,46,249,none,26,1+,,6,2,8
dae2kq642tqs73au4qag,ibm_fez,46,250,reset,9,2-,,7,1,8
dae2kq642tqs73au4qag,ibm_fez,46,251,reset,26,1-,,8,0,8
dae2kq642tqs73au4qag,ibm_fez,46,252,none,109,1-,,5,3,8
dae2kq642tqs73au4qag,ibm_fez,46,253,correlated,25,2-,,7,1,8
dae2kq642tqs73au4qag,ibm_fez,46,254,reset,28,1+,,0,8,8
dae2kq642tqs73au4qag,ibm_fez,46,255,static,28,1-,,7,1,8
dae2kq642tqs73au4qag,ibm_fez,46,256,none,25,2+,,4,4,8
dae2kq642tqs73au4qag,ibm_fez,46,257,correlated,25,2+,,3,5,8
dae2kq642tqs73au4qag,ibm_fez,46,258,correlated,26,1-,,8,0,8
dae2kq642tqs73au4qag,ibm_fez,46,259,static,28,1+,,0,8,8
dae2kq642tqs73au4qag,ibm_fez,46,260,static,9,2+,,0,8,8
dae2kq642tqs73au4qag,ibm_fez,46,261,static,11,1-,,8,0,8
dae2kq642tqs73au4qag,ibm_fez,46,262,reset,34,2-,,6,2,8
dae2kq642tqs73au4qag,ibm_fez,46,263,reset,9,2+,,1,7,8
dae2kq642tqs73au4qag,ibm_fez,46,264,reset,26,1+,,0,8,8
dae2kq642tqs73au4qag,ibm_fez,46,265,static,9,2-,,4,4,8
dae2kq642tqs73au4qag,ibm_fez,46,266,static,7,2+,,7,1,8
dae2kq642tqs73au4qag,ibm_fez,46,267,static,81,2+,,1,7,8
dae2kq642tqs73au4qag,ibm_fez,46,268,correlated,7,2+,,7,1,8
dae2kq642tqs73au4qag,ibm_fez,46,269,reset,11,1-,,2,6,8
dae2kq642tqs73au4qag,ibm_fez,46,270,correlated,109,1-,,1,7,8
dae2kq642tqs73au4qag,ibm_fez,46,271,reset,81,2+,,5,3,8
dae2kq642tqs73au4qag,ibm_fez,46,272,correlated,34,2-,,0,8,8
dae2kq642tqs73au4qag,ibm_fez,46,273,static,25,2-,,6,2,8
dae2kq642tqs73au4qag,ibm_fez,46,274,reset,81,2-,,3,5,8
dae2kq642tqs73au4qag,ibm_fez,46,275,reset,7,2+,,8,0,8
dae2kq642tqs73au4qag,ibm_fez,46,276,static,7,2-,,7,1,8
dae2kq642tqs73au4qag,ibm_fez,46,277,correlated,109,1+,,6,2,8
dae2kq642tqs73au4qag,ibm_fez,46,278,none,11,1-,,5,3,8
dae2kq642tqs73au4qag,ibm_fez,46,279,correlated,81,2+,,7,1,8
dae2kq642tqs73au4qag,ibm_fez,46,280,correlated,7,2-,,3,5,8
dae2kq642tqs73au4qag,ibm_fez,46,281,none,9,2-,,3,5,8
dae2kq642tqs73au4qag,ibm_fez,46,282,reset,109,1+,,6,2,8
dae2kq642tqs73au4qag,ibm_fez,46,283,reset,28,1-,,7,1,8
dae2kq642tqs73au4qag,ibm_fez,46,284,correlated,11,1-,,1,7,8
dae2kq642tqs73au4qag,ibm_fez,46,285,correlated,9,2-,,4,4,8
dae2kq642tqs73au4qag,ibm_fez,46,286,static,26,1+,,0,8,8
dae2kq642tqs73au4qag,ibm_fez,46,287,none,26,1-,,2,6,8
dae2kq642tqs73au4qag,ibm_fez,46,288,none,34,2-,,4,4,8
dae2kq642tqs73au4qag,ibm_fez,46,289,none,34,2+,,4,4,8
dae2kq642tqs73au4qag,ibm_fez,46,290,correlated,26,1+,,1,7,8
dae2kq642tqs73au4qag,ibm_fez,46,291,none,7,2+,,7,1,8
dae2kq642tqs73au4qag,ibm_fez,46,292,none,28,1-,,2,6,8
dae2kq642tqs73au4qag,ibm_fez,46,293,none,81,2+,,3,5,8
dae2kq642tqs73au4qag,ibm_fez,46,294,reset,25,2-,,7,1,8
dae2kq642tqs73au4qag,ibm_fez,46,295,reset,109,1-,,2,6,8
dae2kq642tqs73au4qag,ibm_fez,46,296,none,28,1+,,3,5,8
dae2kq642tqs73au4qag,ibm_fez,46,297,correlated,28,1+,,4,4,8
dae2kq642tqs73au4qag,ibm_fez,46,298,reset,25,2+,,0,8,8
dae2kq642tqs73au4qag,ibm_fez,46,299,reset,34,2+,,1,7,8
dae2kq642tqs73au4qag,ibm_fez,46,300,static,11,1+,,1,7,8
dae2kq642tqs73au4qag,ibm_fez,46,301,none,11,1+,,5,3,8
dae2kq642tqs73au4qag,ibm_fez,46,302,correlated,28,1-,,7,1,8
dae2kq642tqs73au4qag,ibm_fez,46,303,correlated,11,1+,,8,0,8
dae2kq642tqs73au4qag,ibm_fez,46,304,static,34,2-,,6,2,8
dae2kq642tqs73au4qag,ibm_fez,46,305,static,25,2+,,2,6,8
dae2kq642tqs73au4qag,ibm_fez,46,306,static,26,1-,,7,1,8
dae2kq642tqs73au4qag,ibm_fez,46,307,correlated,81,2-,,1,7,8
dae2kq642tqs73au4qag,ibm_fez,46,308,reset,7,2-,,1,7,8
dae2kq642tqs73au4qag,ibm_fez,46,309,correlated,9,2+,,0,8,8
dae2kq642tqs73au4qag,ibm_fez,46,310,none,81,2-,,4,4,8
dae2kq642tqs73au4qag,ibm_fez,46,311,none,7,2-,,3,5,8
dae2kq642tqs73au4qag,ibm_fez,46,312,static,109,1-,,8,0,8
dae2kq642tqs73au4qag,ibm_fez,46,313,,,,1,0,8,8
dae2kq642tqs73au4qag,ibm_fez,46,314,correlated,88,+-,,8,0,8
dae2kq642tqs73au4qag,ibm_fez,46,315,reset,88,-+,,8,0,8
dae2kq642tqs73au4qag,ibm_fez,46,316,correlated,88,++,,7,1,8
dae2kq642tqs73au4qag,ibm_fez,46,317,static,88,-+,,8,0,8
dae2kq642tqs73au4qag,ibm_fez,46,318,none,88,++,,8,0,8
dae2kq642tqs73au4qag,ibm_fez,46,319,static,88,++,,8,0,8
dae2kq642tqs73au4qag,ibm_fez,46,320,correlated,88,-+,,8,0,8
dae2kq642tqs73au4qag,ibm_fez,46,321,reset,88,++,,8,0,8
dae2kq642tqs73au4qag,ibm_fez,46,322,none,88,+-,,8,0,8
dae2kq642tqs73au4qag,ibm_fez,46,323,none,88,-+,,8,0,8
dae2kq642tqs73au4qag,ibm_fez,46,324,static,88,+-,,8,0,8
dae2kq642tqs73au4qag,ibm_fez,46,325,reset,88,--,,8,0,8
dae2kq642tqs73au4qag,ibm_fez,46,326,none,88,--,,8,0,8
dae2kq642tqs73au4qag,ibm_fez,46,327,reset,88,+-,,8,0,8
dae2kq642tqs73au4qag,ibm_fez,46,328,correlated,88,--,,8,0,8
dae2kq642tqs73au4qag,ibm_fez,46,329,static,88,--,,8,0,8
dae2kq642tqs73au4qag,ibm_fez,46,330,none,113,-+,,0,8,8
dae2kq642tqs73au4qag,ibm_fez,46,331,reset,5,++,,4,4,8
dae2kq642tqs73au4qag,ibm_fez,46,332,correlated,113,+-,,0,8,8
dae2kq642tqs73au4qag,ibm_fez,46,333,static,113,--,,8,0,8
dae2kq642tqs73au4qag,ibm_fez,46,334,static,113,+-,,0,8,8
dae2kq642tqs73au4qag,ibm_fez,46,335,none,5,--,,8,0,8
dae2kq642tqs73au4qag,ibm_fez,46,336,correlated,5,+-,,0,8,8
dae2kq642tqs73au4qag,ibm_fez,46,337,reset,113,-+,,4,4,8
dae2kq642tqs73au4qag,ibm_fez,46,338,reset,113,+-,,4,4,8
dae2kq642tqs73au4qag,ibm_fez,46,339,correlated,113,--,,8,0,8
dae2kq642tqs73au4qag,ibm_fez,46,340,none,113,--,,8,0,8
dae2kq642tqs73au4qag,ibm_fez,46,341,static,5,--,,8,0,8
dae2kq642tqs73au4qag,ibm_fez,46,342,none,5,++,,8,0,8
dae2kq642tqs73au4qag,ibm_fez,46,343,reset,5,--,,6,2,8
dae2kq642tqs73au4qag,ibm_fez,46,344,correlated,5,++,,8,0,8
dae2kq642tqs73au4qag,ibm_fez,46,345,none,5,+-,,0,8,8
dae2kq642tqs73au4qag,ibm_fez,46,346,reset,113,--,,2,6,8
dae2kq642tqs73au4qag,ibm_fez,46,347,correlated,5,-+,,0,8,8
dae2kq642tqs73au4qag,ibm_fez,46,348,correlated,5,--,,7,1,8
dae2kq642tqs73au4qag,ibm_fez,46,349,none,113,++,,8,0,8
dae2kq642tqs73au4qag,ibm_fez,46,350,none,5,-+,,0,8,8
dae2kq642tqs73au4qag,ibm_fez,46,351,reset,113,++,,5,3,8
dae2kq642tqs73au4qag,ibm_fez,46,352,static,113,-+,,0,8,8
dae2kq642tqs73au4qag,ibm_fez,46,353,correlated,113,-+,,0,8,8
dae2kq642tqs73au4qag,ibm_fez,46,354,static,5,-+,,0,8,8
dae2kq642tqs73au4qag,ibm_fez,46,355,correlated,113,++,,8,0,8
dae2kq642tqs73au4qag,ibm_fez,46,356,none,113,+-,,0,8,8
dae2kq642tqs73au4qag,ibm_fez,46,357,static,5,+-,,0,8,8
dae2kq642tqs73au4qag,ibm_fez,46,358,static,5,++,,8,0,8
dae2kq642tqs73au4qag,ibm_fez,46,359,reset,5,-+,,5,3,8
dae2kq642tqs73au4qag,ibm_fez,46,360,reset,5,+-,,0,8,8
dae2kq642tqs73au4qag,ibm_fez,46,361,static,113,++,,8,0,8
dae2kq642tqs73au4qag,ibm_fez,46,362,,,,1,0,8,8
dae2kq642tqs73au4qag,ibm_fez,46,363,reset,27,1+,,7,1,8
dae2kq642tqs73au4qag,ibm_fez,46,364,none,96,2+,,3,5,8
dae2kq642tqs73au4qag,ibm_fez,46,365,reset,73,1+,,6,2,8
dae2kq642tqs73au4qag,ibm_fez,46,366,reset,114,1-,,6,2,8
dae2kq642tqs73au4qag,ibm_fez,46,367,none,58,2+,,4,4,8
dae2kq642tqs73au4qag,ibm_fez,46,368,reset,68,1+,,7,1,8
dae2kq642tqs73au4qag,ibm_fez,46,369,reset,58,2+,,6,2,8
dae2kq642tqs73au4qag,ibm_fez,46,370,correlated,27,1-,,1,7,8
dae2kq642tqs73au4qag,ibm_fez,46,371,static,41,2-,,8,0,8
dae2kq642tqs73au4qag,ibm_fez,46,372,correlated,27,1+,,7,1,8
dae2kq642tqs73au4qag,ibm_fez,46,373,none,85,1-,,2,6,8
dae2kq642tqs73au4qag,ibm_fez,46,374,none,27,1+,,6,2,8
dae2kq642tqs73au4qag,ibm_fez,46,375,reset,117,1+,,0,8,8
dae2kq642tqs73au4qag,ibm_fez,46,376,correlated,68,1-,,1,7,8
dae2kq642tqs73au4qag,ibm_fez,46,377,correlated,72,1+,,1,7,8
dae2kq642tqs73au4qag,ibm_fez,46,378,static,27,1+,,0,8,8
dae2kq642tqs73au4qag,ibm_fez,46,379,static,114,1+,,1,7,8
dae2kq642tqs73au4qag,ibm_fez,46,380,static,68,1-,,8,0,8
dae2kq642tqs73au4qag,ibm_fez,46,381,static,27,1-,,8,0,8
dae2kq642tqs73au4qag,ibm_fez,46,382,correlated,72,1-,,6,2,8
dae2kq642tqs73au4qag,ibm_fez,46,383,static,58,2-,,6,2,8
dae2kq642tqs73au4qag,ibm_fez,46,384,none,73,1+,,6,2,8
dae2kq642tqs73au4qag,ibm_fez,46,385,reset,24,2+,,1,7,8
dae2kq642tqs73au4qag,ibm_fez,46,386,correlated,73,1+,,6,2,8
dae2kq642tqs73au4qag,ibm_fez,46,387,reset,117,1-,,6,2,8
dae2kq642tqs73au4qag,ibm_fez,46,388,none,114,1+,,7,1,8
dae2kq642tqs73au4qag,ibm_fez,46,389,correlated,41,2+,,3,5,8
dae2kq642tqs73au4qag,ibm_fez,46,390,reset,68,1-,,1,7,8
dae2kq642tqs73au4qag,ibm_fez,46,391,none,68,1-,,7,1,8
dae2kq642tqs73au4qag,ibm_fez,46,392,static,73,1+,,0,8,8
dae2kq642tqs73au4qag,ibm_fez,46,393,static,96,2+,,0,8,8
dae2kq642tqs73au4qag,ibm_fez,46,394,static,85,1+,,0,8,8
dae2kq642tqs73au4qag,ibm_fez,46,395,correlated,24,2+,,0,8,8
dae2kq642tqs73au4qag,ibm_fez,46,396,reset,73,1-,,1,7,8
dae2kq642tqs73au4qag,ibm_fez,46,397,static,72,1-,,5,3,8
dae2kq642tqs73au4qag,ibm_fez,46,398,correlated,85,1+,,5,3,8
dae2kq642tqs73au4qag,ibm_fez,46,399,static,41,2+,,0,8,8
dae2kq642tqs73au4qag,ibm_fez,46,400,reset,96,2+,,1,7,8
dae2kq642tqs73au4qag,ibm_fez,46,401,reset,24,2-,,6,2,8
dae2kq642tqs73au4qag,ibm_fez,46,402,correlated,41,2-,,5,3,8
dae2kq642tqs73au4qag,ibm_fez,46,403,none,85,1+,,6,2,8
dae2kq642tqs73au4qag,ibm_fez,46,404,none,41,2+,,3,5,8
dae2kq642tqs73au4qag,ibm_fez,46,405,none,72,1-,,6,2,8
dae2kq642tqs73au4qag,ibm_fez,46,406,reset,27,1-,,1,7,8
dae2kq642tqs73au4qag,ibm_fez,46,407,correlated,85,1-,,3,5,8
dae2kq642tqs73au4qag,ibm_fez,46,408,reset,85,1+,,7,1,8
dae2kq642tqs73au4qag,ibm_fez,46,409,correlated,24,2-,,8,0,8
dae2kq642tqs73au4qag,ibm_fez,46,410,reset,85,1-,,1,7,8
dae2kq642tqs73au4qag,ibm_fez,46,411,static,85,1-,,5,3,8
dae2kq642tqs73au4qag,ibm_fez,46,412,reset,41,2-,,6,2,8
dae2kq642tqs73au4qag,ibm_fez,46,413,static,117,1+,,1,7,8
dae2kq642tqs73au4qag,ibm_fez,46,414,none,117,1+,,5,3,8
dae2kq642tqs73au4qag,ibm_fez,46,415,none,96,2-,,5,3,8
dae2kq642tqs73au4qag,ibm_fez,46,416,static,72,1+,,0,8,8
dae2kq642tqs73au4qag,ibm_fez,46,417,correlated,58,2+,,7,1,8
dae2kq642tqs73au4qag,ibm_fez,46,418,correlated,96,2-,,6,2,8
dae2kq642tqs73au4qag,ibm_fez,46,419,correlated,117,1-,,7,1,8
dae2kq642tqs73au4qag,ibm_fez,46,420,none,117,1-,,4,4,8
dae2kq642tqs73au4qag,ibm_fez,46,421,none,68,1+,,3,5,8
dae2kq642tqs73au4qag,ibm_fez,46,422,static,73,1-,,6,2,8
dae2kq642tqs73au4qag,ibm_fez,46,423,none,27,1-,,2,6,8
dae2kq642tqs73au4qag,ibm_fez,46,424,reset,114,1+,,0,8,8
dae2kq642tqs73au4qag,ibm_fez,46,425,static,58,2+,,2,6,8
dae2kq642tqs73au4qag,ibm_fez,46,426,none,24,2+,,4,4,8
dae2kq642tqs73au4qag,ibm_fez,46,427,reset,96,2-,,8,0,8
dae2kq642tqs73au4qag,ibm_fez,46,428,correlated,58,2-,,3,5,8
dae2kq642tqs73au4qag,ibm_fez,46,429,static,114,1-,,7,1,8
dae2kq642tqs73au4qag,ibm_fez,46,430,correlated,117,1+,,1,7,8
dae2kq642tqs73au4qag,ibm_fez,46,431,reset,72,1+,,0,8,8
dae2kq642tqs73au4qag,ibm_fez,46,432,none,58,2-,,1,7,8
dae2kq642tqs73au4qag,ibm_fez,46,433,correlated,73,1-,,1,7,8
dae2kq642tqs73au4qag,ibm_fez,46,434,none,73,1-,,3,5,8
dae2kq642tqs73au4qag,ibm_fez,46,435,static,68,1+,,2,6,8
dae2kq642tqs73au4qag,ibm_fez,46,436,none,72,1+,,4,4,8
dae2kq642tqs73au4qag,ibm_fez,46,437,static,24,2-,,6,2,8
dae2kq642tqs73au4qag,ibm_fez,46,438,none,24,2-,,5,3,8
dae2kq642tqs73au4qag,ibm_fez,46,439,reset,58,2-,,1,7,8
dae2kq642tqs73au4qag,ibm_fez,46,440,static,96,2-,,5,3,8
dae2kq642tqs73au4qag,ibm_fez,46,441,reset,72,1-,,8,0,8
dae2kq642tqs73au4qag,ibm_fez,46,442,correlated,96,2+,,3,5,8
dae2kq642tqs73au4qag,ibm_fez,46,443,none,41,2-,,2,6,8
dae2kq642tqs73au4qag,ibm_fez,46,444,correlated,114,1-,,7,1,8
dae2kq642tqs73au4qag,ibm_fez,46,445,static,24,2+,,1,7,8
dae2kq642tqs73au4qag,ibm_fez,46,446,correlated,68,1+,,8,0,8
dae2kq642tqs73au4qag,ibm_fez,46,447,none,114,1-,,4,4,8
dae2kq642tqs73au4qag,ibm_fez,46,448,reset,41,2+,,2,6,8
dae2kq642tqs73au4qag,ibm_fez,46,449,correlated,114,1+,,0,8,8
dae2kq642tqs73au4qag,ibm_fez,46,450,static,117,1-,,6,2,8
dae2kq642tqs73au4qag,ibm_fez,46,451,none,17,-+,,8,0,8
dae2kq642tqs73au4qag,ibm_fez,46,452,static,17,-+,,7,1,8
dae2kq642tqs73au4qag,ibm_fez,46,453,reset,17,--,,8,0,8
dae2kq642tqs73au4qag,ibm_fez,46,454,static,17,--,,7,1,8
dae2kq642tqs73au4qag,ibm_fez,46,455,correlated,17,--,,8,0,8
dae2kq642tqs73au4qag,ibm_fez,46,456,reset,17,-+,,8,0,8
dae2kq642tqs73au4qag,ibm_fez,46,457,none,17,++,,7,1,8
dae2kq642tqs73au4qag,ibm_fez,46,458,correlated,17,-+,,8,0,8
dae2kq642tqs73au4qag,ibm_fez,46,459,static,17,++,,8,0,8
dae2kq642tqs73au4qag,ibm_fez,46,460,reset,17,+-,,8,0,8
dae2kq642tqs73au4qag,ibm_fez,46,461,none,17,+-,,8,0,8
dae2kq642tqs73au4qag,ibm_fez,46,462,correlated,17,+-,,8,0,8
dae2kq642tqs73au4qag,ibm_fez,46,463,correlated,17,++,,7,1,8
dae2kq642tqs73au4qag,ibm_fez,46,464,reset,17,++,,8,0,8
dae2kq642tqs73au4qag,ibm_fez,46,465,none,17,--,,8,0,8
dae2kq642tqs73au4qag,ibm_fez,46,466,static,17,+-,,8,0,8
dae2kq642tqs73au4qag,ibm_fez,46,467,static,78,+-,,2,6,8
dae2kq642tqs73au4qag,ibm_fez,46,468,reset,78,--,,5,3,8
dae2kq642tqs73au4qag,ibm_fez,46,469,correlated,78,--,,7,1,8
dae2kq642tqs73au4qag,ibm_fez,46,470,none,78,++,,6,2,8
dae2kq642tqs73au4qag,ibm_fez,46,471,reset,78,-+,,6,2,8
dae2kq642tqs73au4qag,ibm_fez,46,472,reset,78,++,,1,7,8
dae2kq642tqs73au4qag,ibm_fez,46,473,none,78,+-,,3,5,8
dae2kq642tqs73au4qag,ibm_fez,46,474,reset,78,+-,,6,2,8
dae2kq642tqs73au4qag,ibm_fez,46,475,correlated,78,-+,,4,4,8
dae2kq642tqs73au4qag,ibm_fez,46,476,correlated,78,++,,4,4,8
dae2kq642tqs73au4qag,ibm_fez,46,477,static,78,++,,5,3,8
dae2kq642tqs73au4qag,ibm_fez,46,478,correlated,78,+-,,2,6,8
dae2kq642tqs73au4qag,ibm_fez,46,479,static,78,-+,,0,8,8
dae2kq642tqs73au4qag,ibm_fez,46,480,none,78,--,,6,2,8
dae2kq642tqs73au4qag,ibm_fez,46,481,none,78,-+,,3,5,8
dae2kq642tqs73au4qag,ibm_fez,46,482,static,78,--,,7,1,8
dae2kq642tqs73au4qag,ibm_fez,46,483,,,,0,7,1,8
dae2kq642tqs73au4qag,ibm_fez,46,484,,,,1,0,8,8
dae2kq642tqs73au4qag,ibm_fez,46,485,static,116,--,,5,3,8
dae2kq642tqs73au4qag,ibm_fez,46,486,reset,116,-+,,6,2,8
dae2kq642tqs73au4qag,ibm_fez,46,487,none,116,++,,4,4,8
dae2kq642tqs73au4qag,ibm_fez,46,488,none,116,--,,5,3,8
dae2kq642tqs73au4qag,ibm_fez,46,489,none,116,+-,,2,6,8
dae2kq642tqs73au4qag,ibm_fez,46,490,correlated,116,--,,7,1,8
dae2kq642tqs73au4qag,ibm_fez,46,491,static,116,-+,,8,0,8
dae2kq642tqs73au4qag,ibm_fez,46,492,static,116,++,,3,5,8
dae2kq642tqs73au4qag,ibm_fez,46,493,reset,116,+-,,1,7,8
dae2kq642tqs73au4qag,ibm_fez,46,494,correlated,116,++,,0,8,8
dae2kq642tqs73au4qag,ibm_fez,46,495,correlated,116,-+,,7,1,8
dae2kq642tqs73au4qag,ibm_fez,46,496,reset,116,++,,2,6,8
dae2kq642tqs73au4qag,ibm_fez,46,497,correlated,116,+-,,1,7,8
dae2kq642tqs73au4qag,ibm_fez,46,498,static,116,+-,,2,6,8
dae2kq642tqs73au4qag,ibm_fez,46,499,reset,116,--,,6,2,8
dae2kq642tqs73au4qag,ibm_fez,46,500,none,116,-+,,5,3,8
dae2kq642tqs73au4qag,ibm_fez,46,501,correlated,90,1-,,8,0,8
dae2kq642tqs73au4qag,ibm_fez,46,502,correlated,56,2-,,8,0,8
dae2kq642tqs73au4qag,ibm_fez,46,503,correlated,96,1-,,8,0,8
dae2kq642tqs73au4qag,ibm_fez,46,504,static,94,1-,,8,0,8
dae2kq642tqs73au4qag,ibm_fez,46,505,correlated,4,2+,,8,0,8
dae2kq642tqs73au4qag,ibm_fez,46,506,correlated,96,1+,,8,0,8
dae2kq642tqs73au4qag,ibm_fez,46,507,reset,17,1+,,8,0,8
dae2kq642tqs73au4qag,ibm_fez,46,508,correlated,94,1-,,8,0,8
dae2kq642tqs73au4qag,ibm_fez,46,509,static,56,2-,,8,0,8
dae2kq642tqs73au4qag,ibm_fez,46,510,correlated,88,1+,,7,1,8
dae2kq642tqs73au4qag,ibm_fez,46,511,none,7,1+,,8,0,8
dae2kq642tqs73au4qag,ibm_fez,46,512,reset,96,1+,,7,1,8
dae2kq642tqs73au4qag,ibm_fez,46,513,correlated,88,1-,,8,0,8
dae2kq642tqs73au4qag,ibm_fez,46,514,reset,96,1-,,8,0,8
dae2kq642tqs73au4qag,ibm_fez,46,515,none,104,1-,,8,0,8
dae2kq642tqs73au4qag,ibm_fez,46,516,reset,104,1-,,8,0,8
dae2kq642tqs73au4qag,ibm_fez,46,517,correlated,90,1+,,8,0,8
dae2kq642tqs73au4qag,ibm_fez,46,518,correlated,104,1+,,8,0,8
dae2kq642tqs73au4qag,ibm_fez,46,519,none,96,1+,,8,0,8
dae2kq642tqs73au4qag,ibm_fez,46,520,reset,50,1-,,8,0,8
dae2kq642tqs73au4qag,ibm_fez,46,521,static,109,2-,,7,1,8
dae2kq642tqs73au4qag,ibm_fez,46,522,reset,17,1-,,8,0,8
dae2kq642tqs73au4qag,ibm_fez,46,523,correlated,7,1-,,8,0,8
dae2kq642tqs73au4qag,ibm_fez,46,524,reset,94,1-,,7,1,8
dae2kq642tqs73au4qag,ibm_fez,46,525,none,56,2-,,8,0,8
dae2kq642tqs73au4qag,ibm_fez,46,526,reset,94,1+,,8,0,8
dae2kq642tqs73au4qag,ibm_fez,46,527,reset,88,1-,,7,1,8
dae2kq642tqs73au4qag,ibm_fez,46,528,correlated,117,2+,,8,0,8
dae2kq642tqs73au4qag,ibm_fez,46,529,static,104,1+,,8,0,8
dae2kq642tqs73au4qag,ibm_fez,46,530,none,17,1+,,8,0,8
dae2kq642tqs73au4qag,ibm_fez,46,531,reset,90,1+,,8,0,8
dae2kq642tqs73au4qag,ibm_fez,46,532,none,50,1-,,8,0,8
dae2kq642tqs73au4qag,ibm_fez,46,533,static,7,1-,,8,0,8
dae2kq642tqs73au4qag,ibm_fez,46,534,static,109,2+,,8,0,8
dae2kq642tqs73au4qag,ibm_fez,46,535,static,104,1-,,8,0,8
dae2kq642tqs73au4qag,ibm_fez,46,536,correlated,94,1+,,8,0,8
dae2kq642tqs73au4qag,ibm_fez,46,537,none,96,1-,,8,0,8
dae2kq642tqs73au4qag,ibm_fez,46,538,reset,7,1-,,8,0,8
dae2kq642tqs73au4qag,ibm_fez,46,539,static,96,1+,,8,0,8
dae2kq642tqs73au4qag,ibm_fez,46,540,reset,50,1+,,8,0,8
dae2kq642tqs73au4qag,ibm_fez,46,541,static,88,1+,,8,0,8
dae2kq642tqs73au4qag,ibm_fez,46,542,static,90,1+,,8,0,8
dae2kq642tqs73au4qag,ibm_fez,46,543,static,96,1-,,8,0,8
dae2kq642tqs73au4qag,ibm_fez,46,544,none,17,1-,,8,0,8
dae2kq642tqs73au4qag,ibm_fez,46,545,none,117,2-,,8,0,8
dae2kq642tqs73au4qag,ibm_fez,46,546,correlated,56,2+,,8,0,8
dae2kq642tqs73au4qag,ibm_fez,46,547,static,90,1-,,8,0,8
dae2kq642tqs73au4qag,ibm_fez,46,548,none,56,2+,,8,0,8
dae2kq642tqs73au4qag,ibm_fez,46,549,correlated,104,1-,,8,0,8
dae2kq642tqs73au4qag,ibm_fez,46,550,static,4,2-,,8,0,8
dae2kq642tqs73au4qag,ibm_fez,46,551,static,17,1-,,8,0,8
dae2kq642tqs73au4qag,ibm_fez,46,552,reset,4,2-,,8,0,8
dae2kq642tqs73au4qag,ibm_fez,46,553,static,94,1+,,8,0,8
dae2kq642tqs73au4qag,ibm_fez,46,554,static,17,1+,,7,1,8
dae2kq642tqs73au4qag,ibm_fez,46,555,none,109,2+,,7,1,8
dae2kq642tqs73au4qag,ibm_fez,46,556,reset,7,1+,,8,0,8
dae2kq642tqs73au4qag,ibm_fez,46,557,none,50,1+,,8,0,8
dae2kq642tqs73au4qag,ibm_fez,46,558,none,94,1-,,8,0,8
dae2kq642tqs73au4qag,ibm_fez,46,559,static,88,1-,,8,0,8
dae2kq642tqs73au4qag,ibm_fez,46,560,none,7,1-,,7,1,8
dae2kq642tqs73au4qag,ibm_fez,46,561,none,4,2+,,8,0,8
dae2kq642tqs73au4qag,ibm_fez,46,562,none,4,2-,,8,0,8
dae2kq642tqs73au4qag,ibm_fez,46,563,correlated,50,1+,,8,0,8
dae2kq642tqs73au4qag,ibm_fez,46,564,reset,109,2-,,8,0,8
dae2kq642tqs73au4qag,ibm_fez,46,565,reset,117,2+,,8,0,8
dae2kq642tqs73au4qag,ibm_fez,46,566,none,88,1-,,8,0,8
dae2kq642tqs73au4qag,ibm_fez,46,567,reset,90,1-,,8,0,8
dae2kq642tqs73au4qag,ibm_fez,46,568,correlated,109,2-,,7,1,8
dae2kq642tqs73au4qag,ibm_fez,46,569,none,117,2+,,8,0,8
dae2kq642tqs73au4qag,ibm_fez,46,570,reset,117,2-,,8,0,8
dae2kq642tqs73au4qag,ibm_fez,46,571,correlated,109,2+,,8,0,8
dae2kq642tqs73au4qag,ibm_fez,46,572,none,94,1+,,8,0,8
dae2kq642tqs73au4qag,ibm_fez,46,573,reset,56,2+,,8,0,8
dae2kq642tqs73au4qag,ibm_fez,46,574,correlated,50,1-,,8,0,8
dae2kq642tqs73au4qag,ibm_fez,46,575,reset,88,1+,,8,0,8
dae2kq642tqs73au4qag,ibm_fez,46,576,static,117,2+,,8,0,8
dae2kq642tqs73au4qag,ibm_fez,46,577,correlated,17,1+,,8,0,8
dae2kq642tqs73au4qag,ibm_fez,46,578,none,104,1+,,8,0,8
dae2kq642tqs73au4qag,ibm_fez,46,579,static,117,2-,,8,0,8
dae2kq642tqs73au4qag,ibm_fez,46,580,none,88,1+,,8,0,8
dae2kq642tqs73au4qag,ibm_fez,46,581,correlated,117,2-,,7,1,8
dae2kq642tqs73au4qag,ibm_fez,46,582,reset,109,2+,,7,1,8
dae2kq642tqs73au4qag,ibm_fez,46,583,correlated,4,2-,,8,0,8
dae2kq642tqs73au4qag,ibm_fez,46,584,static,56,2+,,8,0,8
dae2kq642tqs73au4qag,ibm_fez,46,585,reset,104,1+,,6,2,8
dae2kq642tqs73au4qag,ibm_fez,46,586,reset,4,2+,,8,0,8
dae2kq642tqs73au4qag,ibm_fez,46,587,static,50,1+,,8,0,8
dae2kq642tqs73au4qag,ibm_fez,46,588,correlated,7,1+,,8,0,8
dae2kq642tqs73au4qag,ibm_fez,46,589,none,90,1+,,8,0,8
dae2kq642tqs73au4qag,ibm_fez,46,590,none,90,1-,,8,0,8
dae2kq642tqs73au4qag,ibm_fez,46,591,static,50,1-,,8,0,8
dae2kq642tqs73au4qag,ibm_fez,46,592,correlated,17,1-,,8,0,8
dae2kq642tqs73au4qag,ibm_fez,46,593,static,4,2+,,8,0,8
dae2kq642tqs73au4qag,ibm_fez,46,594,reset,56,2-,,7,1,8
dae2kq642tqs73au4qag,ibm_fez,46,595,none,109,2-,,8,0,8
dae2kq642tqs73au4qag,ibm_fez,46,596,static,7,1+,,8,0,8
dae2kq642tqs73au4qag,ibm_fez,46,597,correlated,111,-+,,0,8,8
dae2kq642tqs73au4qag,ibm_fez,46,598,none,111,-+,,0,8,8
dae2kq642tqs73au4qag,ibm_fez,46,599,none,77,--,,8,0,8
dae2kq642tqs73au4qag,ibm_fez,46,600,reset,77,++,,7,1,8
dae2kq642tqs73au4qag,ibm_fez,46,601,reset,111,+-,,5,3,8
dae2kq642tqs73au4qag,ibm_fez,46,602,static,111,-+,,0,8,8
dae2kq642tqs73au4qag,ibm_fez,46,603,none,77,-+,,0,8,8
dae2kq642tqs73au4qag,ibm_fez,46,604,reset,77,-+,,0,8,8
dae2kq642tqs73au4qag,ibm_fez,46,605,reset,111,--,,3,5,8
dae2kq642tqs73au4qag,ibm_fez,46,606,correlated,77,--,,8,0,8
dae2kq642tqs73au4qag,ibm_fez,46,607,none,111,+-,,0,8,8
dae2kq642tqs73au4qag,ibm_fez,46,608,reset,77,+-,,0,8,8
dae2kq642tqs73au4qag,ibm_fez,46,609,correlated,111,--,,8,0,8
dae2kq642tqs73au4qag,ibm_fez,46,610,static,111,--,,8,0,8
dae2kq642tqs73au4qag,ibm_fez,46,611,correlated,77,-+,,1,7,8
dae2kq642tqs73au4qag,ibm_fez,46,612,none,111,++,,8,0,8
dae2kq642tqs73au4qag,ibm_fez,46,613,none,111,--,,8,0,8
dae2kq642tqs73au4qag,ibm_fez,46,614,static,77,++,,8,0,8
dae2kq642tqs73au4qag,ibm_fez,46,615,reset,77,--,,8,0,8
dae2kq642tqs73au4qag,ibm_fez,46,616,static,111,+-,,0,8,8
dae2kq642tqs73au4qag,ibm_fez,46,617,correlated,111,+-,,0,8,8
dae2kq642tqs73au4qag,ibm_fez,46,618,none,77,++,,8,0,8
dae2kq642tqs73au4qag,ibm_fez,46,619,reset,111,++,,6,2,8
dae2kq642tqs73au4qag,ibm_fez,46,620,static,77,--,,8,0,8
dae2kq642tqs73au4qag,ibm_fez,46,621,correlated,77,++,,8,0,8
dae2kq642tqs73au4qag,ibm_fez,46,622,correlated,77,+-,,1,7,8
dae2kq642tqs73au4qag,ibm_fez,46,623,static,77,+-,,0,8,8
dae2kq642tqs73au4qag,ibm_fez,46,624,none,77,+-,,1,7,8
dae2kq642tqs73au4qag,ibm_fez,46,625,correlated,111,++,,7,1,8
dae2kq642tqs73au4qag,ibm_fez,46,626,static,111,++,,8,0,8
dae2kq642tqs73au4qag,ibm_fez,46,627,reset,111,-+,,5,3,8
dae2kq642tqs73au4qag,ibm_fez,46,628,static,77,-+,,0,8,8
dae2kq642tqs73au4qag,ibm_fez,46,629,static,10,-+,,7,1,8
dae2kq642tqs73au4qag,ibm_fez,46,630,correlated,10,+-,,5,3,8
dae2kq642tqs73au4qag,ibm_fez,46,631,none,10,+-,,3,5,8
dae2kq642tqs73au4qag,ibm_fez,46,632,reset,10,--,,0,8,8
dae2kq642tqs73au4qag,ibm_fez,46,633,correlated,10,-+,,2,6,8
dae2kq642tqs73au4qag,ibm_fez,46,634,reset,10,-+,,4,4,8
dae2kq642tqs73au4qag,ibm_fez,46,635,reset,10,+-,,5,3,8
dae2kq642tqs73au4qag,ibm_fez,46,636,correlated,10,--,,1,7,8
dae2kq642tqs73au4qag,ibm_fez,46,637,none,10,-+,,5,3,8
dae2kq642tqs73au4qag,ibm_fez,46,638,none,10,--,,5,3,8
dae2kq642tqs73au4qag,ibm_fez,46,639,static,10,++,,1,7,8
dae2kq642tqs73au4qag,ibm_fez,46,640,static,10,--,,6,2,8
dae2kq642tqs73au4qag,ibm_fez,46,641,correlated,10,++,,7,1,8
dae2kq642tqs73au4qag,ibm_fez,46,642,none,10,++,,6,2,8
dae2kq642tqs73au4qag,ibm_fez,46,643,static,10,+-,,4,4,8
dae2kq642tqs73au4qag,ibm_fez,46,644,reset,10,++,,6,2,8
dae2kq642tqs73au4qag,ibm_fez,46,645,,,,1,0,8,8
dae2kq642tqs73au4qag,ibm_fez,46,646,,,,0,7,1,8
dae2kq642tqs73au4qag,ibm_fez,46,647,,,,0,8,0,8
dae2kq642tqs73au4qag,ibm_fez,46,648,,,,1,0,8,8
dae2kq642tqs73au4qag,ibm_fez,46,649,correlated,25,1-,,8,0,8
dae2kq642tqs73au4qag,ibm_fez,46,650,none,60,2-,,8,0,8
dae2kq642tqs73au4qag,ibm_fez,46,651,none,45,1+,,8,0,8
dae2kq642tqs73au4qag,ibm_fez,46,652,static,50,2-,,7,1,8
dae2kq642tqs73au4qag,ibm_fez,46,653,static,5,2+,,8,0,8
dae2kq642tqs73au4qag,ibm_fez,46,654,correlated,60,2+,,8,0,8
dae2kq642tqs73au4qag,ibm_fez,46,655,correlated,50,2-,,8,0,8
dae2kq642tqs73au4qag,ibm_fez,46,656,correlated,45,1+,,8,0,8
dae2kq642tqs73au4qag,ibm_fez,46,657,none,80,2+,,8,0,8
dae2kq642tqs73au4qag,ibm_fez,46,658,static,115,1+,,8,0,8
dae2kq642tqs73au4qag,ibm_fez,46,659,none,45,1-,,8,0,8
dae2kq642tqs73au4qag,ibm_fez,46,660,none,113,2+,,8,0,8
dae2kq642tqs73au4qag,ibm_fez,46,661,reset,80,2+,,7,1,8
dae2kq642tqs73au4qag,ibm_fez,46,662,correlated,5,2+,,8,0,8
dae2kq642tqs73au4qag,ibm_fez,46,663,none,5,2+,,8,0,8
dae2kq642tqs73au4qag,ibm_fez,46,664,static,45,1+,,8,0,8
dae2kq642tqs73au4qag,ibm_fez,46,665,none,25,1+,,8,0,8
dae2kq642tqs73au4qag,ibm_fez,46,666,none,50,2-,,8,0,8
dae2kq642tqs73au4qag,ibm_fez,46,667,reset,115,1-,,8,0,8
dae2kq642tqs73au4qag,ibm_fez,46,668,none,50,2+,,8,0,8
dae2kq642tqs73au4qag,ibm_fez,46,669,reset,25,1-,,7,1,8
dae2kq642tqs73au4qag,ibm_fez,46,670,correlated,14,2-,,8,0,8
dae2kq642tqs73au4qag,ibm_fez,46,671,correlated,5,2-,,8,0,8
dae2kq642tqs73au4qag,ibm_fez,46,672,reset,100,1-,,8,0,8
dae2kq642tqs73au4qag,ibm_fez,46,673,none,14,2+,,8,0,8
dae2kq642tqs73au4qag,ibm_fez,46,674,static,113,2+,,8,0,8
dae2kq642tqs73au4qag,ibm_fez,46,675,reset,115,1+,,8,0,8
dae2kq642tqs73au4qag,ibm_fez,46,676,static,60,2-,,8,0,8
dae2kq642tqs73au4qag,ibm_fez,46,677,correlated,14,2+,,8,0,8
dae2kq642tqs73au4qag,ibm_fez,46,678,static,100,1+,,8,0,8
dae2kq642tqs73au4qag,ibm_fez,46,679,reset,14,2-,,8,0,8
dae2kq642tqs73au4qag,ibm_fez,46,680,none,5,2-,,8,0,8
dae2kq642tqs73au4qag,ibm_fez,46,681,none,80,2-,,8,0,8
dae2kq642tqs73au4qag,ibm_fez,46,682,static,100,1-,,8,0,8
dae2kq642tqs73au4qag,ibm_fez,46,683,reset,110,2-,,8,0,8
dae2kq642tqs73au4qag,ibm_fez,46,684,reset,113,2+,,8,0,8
dae2kq642tqs73au4qag,ibm_fez,46,685,reset,50,2-,,8,0,8
dae2kq642tqs73au4qag,ibm_fez,46,686,static,115,1-,,8,0,8
dae2kq642tqs73au4qag,ibm_fez,46,687,static,80,2+,,8,0,8
dae2kq642tqs73au4qag,ibm_fez,46,688,reset,60,2+,,8,0,8
dae2kq642tqs73au4qag,ibm_fez,46,689,static,110,2-,,8,0,8
dae2kq642tqs73au4qag,ibm_fez,46,690,none,113,2-,,8,0,8
dae2kq642tqs73au4qag,ibm_fez,46,691,static,25,1-,,8,0,8
dae2kq642tqs73au4qag,ibm_fez,46,692,correlated,25,1+,,8,0,8
dae2kq642tqs73au4qag,ibm_fez,46,693,reset,25,1+,,8,0,8
dae2kq642tqs73au4qag,ibm_fez,46,694,correlated,100,1-,,8,0,8
dae2kq642tqs73au4qag,ibm_fez,46,695,reset,60,2-,,8,0,8
dae2kq642tqs73au4qag,ibm_fez,46,696,none,115,1+,,8,0,8
dae2kq642tqs73au4qag,ibm_fez,46,697,reset,14,2+,,8,0,8
dae2kq642tqs73au4qag,ibm_fez,46,698,static,5,2-,,8,0,8
dae2kq642tqs73au4qag,ibm_fez,46,699,static,80,2-,,8,0,8
dae2kq642tqs73au4qag,ibm_fez,46,700,reset,50,2+,,8,0,8
dae2kq642tqs73au4qag,ibm_fez,46,701,reset,5,2-,,7,1,8
dae2kq642tqs73au4qag,ibm_fez,46,702,reset,5,2+,,8,0,8
dae2kq642tqs73au4qag,ibm_fez,46,703,none,60,2+,,8,0,8
dae2kq642tqs73au4qag,ibm_fez,46,704,none,110,2-,,8,0,8
dae2kq642tqs73au4qag,ibm_fez,46,705,correlated,115,1-,,8,0,8
dae2kq642tqs73au4qag,ibm_fez,46,706,static,14,2+,,8,0,8
dae2kq642tqs73au4qag,ibm_fez,46,707,reset,100,1+,,8,0,8
dae2kq642tqs73au4qag,ibm_fez,46,708,correlated,45,1-,,8,0,8
dae2kq642tqs73au4qag,ibm_fez,46,709,none,110,2+,,8,0,8
dae2kq642tqs73au4qag,ibm_fez,46,710,static,110,2+,,8,0,8
dae2kq642tqs73au4qag,ibm_fez,46,711,none,100,1+,,8,0,8
dae2kq642tqs73au4qag,ibm_fez,46,712,correlated,50,2+,,8,0,8
dae2kq642tqs73au4qag,ibm_fez,46,713,none,25,1-,,8,0,8
dae2kq642tqs73au4qag,ibm_fez,46,714,correlated,115,1+,,8,0,8
dae2kq642tqs73au4qag,ibm_fez,46,715,reset,45,1+,,7,1,8
dae2kq642tqs73au4qag,ibm_fez,46,716,static,14,2-,,8,0,8
dae2kq642tqs73au4qag,ibm_fez,46,717,correlated,80,2-,,8,0,8
dae2kq642tqs73au4qag,ibm_fez,46,718,none,14,2-,,8,0,8
dae2kq642tqs73au4qag,ibm_fez,46,719,correlated,113,2-,,8,0,8
dae2kq642tqs73au4qag,ibm_fez,46,720,reset,80,2-,,8,0,8
dae2kq642tqs73au4qag,ibm_fez,46,721,correlated,100,1+,,8,0,8
dae2kq642tqs73au4qag,ibm_fez,46,722,static,113,2-,,8,0,8
dae2kq642tqs73au4qag,ibm_fez,46,723,none,100,1-,,8,0,8
dae2kq642tqs73au4qag,ibm_fez,46,724,correlated,80,2+,,8,0,8
dae2kq642tqs73au4qag,ibm_fez,46,725,correlated,110,2+,,8,0,8
dae2kq642tqs73au4qag,ibm_fez,46,726,static,45,1-,,8,0,8
dae2kq642tqs73au4qag,ibm_fez,46,727,reset,110,2+,,8,0,8
dae2kq642tqs73au4qag,ibm_fez,46,728,static,60,2+,,8,0,8
dae2kq642tqs73au4qag,ibm_fez,46,729,static,25,1+,,8,0,8
dae2kq642tqs73au4qag,ibm_fez,46,730,static,50,2+,,8,0,8
dae2kq642tqs73au4qag,ibm_fez,46,731,reset,113,2-,,8,0,8
dae2kq642tqs73au4qag,ibm_fez,46,732,correlated,113,2+,,8,0,8
dae2kq642tqs73au4qag,ibm_fez,46,733,reset,45,1-,,8,0,8
dae2kq642tqs73au4qag,ibm_fez,46,734,correlated,110,2-,,8,0,8
dae2kq642tqs73au4qag,ibm_fez,46,735,none,115,1-,,8,0,8
dae2kq642tqs73au4qag,ibm_fez,46,736,correlated,60,2-,,8,0,8
dae2kq642tqs73au4qag,ibm_fez,46,737,static,122,+-,,8,0,8
dae2kq642tqs73au4qag,ibm_fez,46,738,reset,122,++,,8,0,8
dae2kq642tqs73au4qag,ibm_fez,46,739,correlated,122,-+,,7,1,8
dae2kq642tqs73au4qag,ibm_fez,46,740,static,122,--,,8,0,8
dae2kq642tqs73au4qag,ibm_fez,46,741,reset,122,--,,8,0,8
dae2kq642tqs73au4qag,ibm_fez,46,742,correlated,122,--,,8,0,8
dae2kq642tqs73au4qag,ibm_fez,46,743,none,122,--,,8,0,8
dae2kq642tqs73au4qag,ibm_fez,46,744,none,122,-+,,8,0,8
dae2kq642tqs73au4qag,ibm_fez,46,745,none,122,+-,,8,0,8
dae2kq642tqs73au4qag,ibm_fez,46,746,static,122,-+,,8,0,8
dae2kq642tqs73au4qag,ibm_fez,46,747,static,122,++,,8,0,8
dae2kq642tqs73au4qag,ibm_fez,46,748,correlated,122,++,,7,1,8
dae2kq642tqs73au4qag,ibm_fez,46,749,reset,122,+-,,8,0,8
dae2kq642tqs73au4qag,ibm_fez,46,750,reset,122,-+,,8,0,8
dae2kq642tqs73au4qag,ibm_fez,46,751,correlated,122,+-,,8,0,8
dae2kq642tqs73au4qag,ibm_fez,46,752,none,122,++,,8,0,8
dae2kq642tqs73au4qag,ibm_fez,46,753,static,58,1-,,7,1,8
dae2kq642tqs73au4qag,ibm_fez,46,754,none,26,2+,,3,5,8
dae2kq642tqs73au4qag,ibm_fez,46,755,none,26,2-,,3,5,8
dae2kq642tqs73au4qag,ibm_fez,46,756,correlated,72,2+,,1,7,8
dae2kq642tqs73au4qag,ibm_fez,46,757,reset,26,2-,,7,1,8
dae2kq642tqs73au4qag,ibm_fez,46,758,reset,11,2+,,1,7,8
dae2kq642tqs73au4qag,ibm_fez,46,759,none,77,1-,,5,3,8
dae2kq642tqs73au4qag,ibm_fez,46,760,reset,48,1+,,1,7,8
dae2kq642tqs73au4qag,ibm_fez,46,761,correlated,11,2-,,0,8,8
dae2kq642tqs73au4qag,ibm_fez,46,762,reset,72,2-,,6,2,8
dae2kq642tqs73au4qag,ibm_fez,46,763,correlated,48,1+,,2,6,8
dae2kq642tqs73au4qag,ibm_fez,46,764,static,11,2+,,3,5,8
dae2kq642tqs73au4qag,ibm_fez,46,765,reset,72,2+,,1,7,8
dae2kq642tqs73au4qag,ibm_fez,46,766,reset,77,1+,,7,1,8
dae2kq642tqs73au4qag,ibm_fez,46,767,none,111,1+,,4,4,8
dae2kq642tqs73au4qag,ibm_fez,46,768,reset,101,1-,,1,7,8
dae2kq642tqs73au4qag,ibm_fez,46,769,static,111,1+,,1,7,8
dae2kq642tqs73au4qag,ibm_fez,46,770,none,101,1+,,2,6,8
dae2kq642tqs73au4qag,ibm_fez,46,771,reset,111,1-,,2,6,8
dae2kq642tqs73au4qag,ibm_fez,46,772,static,111,1-,,6,2,8
dae2kq642tqs73au4qag,ibm_fez,46,773,correlated,48,1-,,5,3,8
dae2kq642tqs73au4qag,ibm_fez,46,774,correlated,58,1+,,5,3,8
dae2kq642tqs73au4qag,ibm_fez,46,775,reset,11,2-,,5,3,8
dae2kq642tqs73au4qag,ibm_fez,46,776,static,26,2+,,0,8,8
dae2kq642tqs73au4qag,ibm_fez,46,777,static,48,1-,,6,2,8
dae2kq642tqs73au4qag,ibm_fez,46,778,none,72,2+,,4,4,8
dae2kq642tqs73au4qag,ibm_fez,46,779,static,58,1+,,2,6,8
dae2kq642tqs73au4qag,ibm_fez,46,780,correlated,77,1+,,7,1,8
dae2kq642tqs73au4qag,ibm_fez,46,781,reset,48,1-,,6,2,8
dae2kq642tqs73au4qag,ibm_fez,46,782,static,77,1-,,5,3,8
dae2kq642tqs73au4qag,ibm_fez,46,783,reset,58,1+,,6,2,8
dae2kq642tqs73au4qag,ibm_fez,46,784,static,101,1+,,1,7,8
dae2kq642tqs73au4qag,ibm_fez,46,785,reset,111,1+,,4,4,8
dae2kq642tqs73au4qag,ibm_fez,46,786,none,11,2-,,1,7,8
dae2kq642tqs73au4qag,ibm_fez,46,787,correlated,111,1-,,1,7,8
dae2kq642tqs73au4qag,ibm_fez,46,788,none,101,1-,,5,3,8
dae2kq642tqs73au4qag,ibm_fez,46,789,static,72,2+,,1,7,8
dae2kq642tqs73au4qag,ibm_fez,46,790,static,101,1-,,7,1,8
dae2kq642tqs73au4qag,ibm_fez,46,791,static,26,2-,,7,1,8
dae2kq642tqs73au4qag,ibm_fez,46,792,none,48,1-,,4,4,8
dae2kq642tqs73au4qag,ibm_fez,46,793,none,48,1+,,4,4,8
dae2kq642tqs73au4qag,ibm_fez,46,794,correlated,11,2+,,8,0,8
dae2kq642tqs73au4qag,ibm_fez,46,795,static,11,2-,,5,3,8
dae2kq642tqs73au4qag,ibm_fez,46,796,none,58,1-,,5,3,8
dae2kq642tqs73au4qag,ibm_fez,46,797,correlated,58,1-,,2,6,8
dae2kq642tqs73au4qag,ibm_fez,46,798,static,48,1+,,0,8,8
dae2kq642tqs73au4qag,ibm_fez,46,799,static,72,2-,,7,1,8
dae2kq642tqs73au4qag,ibm_fez,46,800,none,72,2-,,3,5,8
dae2kq642tqs73au4qag,ibm_fez,46,801,reset,77,1-,,3,5,8
dae2kq642tqs73au4qag,ibm_fez,46,802,reset,101,1+,,8,0,8
dae2kq642tqs73au4qag,ibm_fez,46,803,correlated,77,1-,,2,6,8
dae2kq642tqs73au4qag,ibm_fez,46,804,correlated,26,2+,,1,7,8
dae2kq642tqs73au4qag,ibm_fez,46,805,correlated,101,1+,,6,2,8
dae2kq642tqs73au4qag,ibm_fez,46,806,none,77,1+,,4,4,8
dae2kq642tqs73au4qag,ibm_fez,46,807,none,58,1+,,4,4,8
dae2kq642tqs73au4qag,ibm_fez,46,808,none,11,2+,,6,2,8
dae2kq642tqs73au4qag,ibm_fez,46,809,correlated,111,1+,,7,1,8
dae2kq642tqs73au4qag,ibm_fez,46,810,static,77,1+,,3,5,8
dae2kq642tqs73au4qag,ibm_fez,46,811,correlated,26,2-,,7,1,8
dae2kq642tqs73au4qag,ibm_fez,46,812,correlated,101,1-,,1,7,8
dae2kq642tqs73au4qag,ibm_fez,46,813,correlated,72,2-,,6,2,8
dae2kq642tqs73au4qag,ibm_fez,46,814,none,111,1-,,5,3,8
dae2kq642tqs73au4qag,ibm_fez,46,815,reset,58,1-,,1,7,8
dae2kq642tqs73au4qag,ibm_fez,46,816,reset,26,2+,,0,8,8
dae2kq642tqs73au4qag,ibm_fez,46,817,,,,0,8,0,8
dae2kq642tqs73au4qag,ibm_fez,46,818,static,0,--,,7,1,8
dae2kq642tqs73au4qag,ibm_fez,46,819,correlated,0,-+,,6,2,8
dae2kq642tqs73au4qag,ibm_fez,46,820,reset,0,+-,,1,7,8
dae2kq642tqs73au4qag,ibm_fez,46,821,reset,0,++,,1,7,8
dae2kq642tqs73au4qag,ibm_fez,46,822,none,0,--,,2,6,8
dae2kq642tqs73au4qag,ibm_fez,46,823,correlated,0,+-,,3,5,8
dae2kq642tqs73au4qag,ibm_fez,46,824,reset,0,-+,,7,1,8
dae2kq642tqs73au4qag,ibm_fez,46,825,none,0,+-,,4,4,8
dae2kq642tqs73au4qag,ibm_fez,46,826,reset,0,--,,7,1,8
dae2kq642tqs73au4qag,ibm_fez,46,827,none,0,++,,5,3,8
dae2kq642tqs73au4qag,ibm_fez,46,828,correlated,0,++,,3,5,8
dae2kq642tqs73au4qag,ibm_fez,46,829,static,0,-+,,7,1,8
dae2kq642tqs73au4qag,ibm_fez,46,830,correlated,0,--,,5,3,8
dae2kq642tqs73au4qag,ibm_fez,46,831,static,0,++,,2,6,8
dae2kq642tqs73au4qag,ibm_fez,46,832,none,0,-+,,3,5,8
dae2kq642tqs73au4qag,ibm_fez,46,833,static,0,+-,,2,6,8
dae2kq642tqs73au4qag,ibm_fez,46,834,,,,0,8,0,8
dae2kq642tqs73au4qag,ibm_fez,46,835,none,88,2-,,8,0,8
dae2kq642tqs73au4qag,ibm_fez,46,836,correlated,76,1+,,8,0,8
dae2kq642tqs73au4qag,ibm_fez,46,837,none,20,1-,,8,0,8
dae2kq642tqs73au4qag,ibm_fez,46,838,static,14,1+,,8,0,8
dae2kq642tqs73au4qag,ibm_fez,46,839,none,40,2+,,8,0,8
dae2kq642tqs73au4qag,ibm_fez,46,840,static,79,2+,,8,0,8
dae2kq642tqs73au4qag,ibm_fez,46,841,none,76,1+,,8,0,8
dae2kq642tqs73au4qag,ibm_fez,46,842,reset,29,2+,,8,0,8
dae2kq642tqs73au4qag,ibm_fez,46,843,reset,79,2-,,8,0,8
dae2kq642tqs73au4qag,ibm_fez,46,844,static,52,2-,,8,0,8
dae2kq642tqs73au4qag,ibm_fez,46,845,reset,122,1+,,8,0,8
dae2kq642tqs73au4qag,ibm_fez,46,846,correlated,88,2+,,8,0,8
dae2kq642tqs73au4qag,ibm_fez,46,847,reset,52,2-,,8,0,8
dae2kq642tqs73au4qag,ibm_fez,46,848,correlated,79,2-,,8,0,8
dae2kq642tqs73au4qag,ibm_fez,46,849,static,88,2+,,8,0,8
dae2kq642tqs73au4qag,ibm_fez,46,850,reset,88,2+,,8,0,8
dae2kq642tqs73au4qag,ibm_fez,46,851,correlated,122,1+,,8,0,8
dae2kq642tqs73au4qag,ibm_fez,46,852,correlated,54,1-,,8,0,8
dae2kq642tqs73au4qag,ibm_fez,46,853,none,29,2+,,8,0,8
dae2kq642tqs73au4qag,ibm_fez,46,854,none,52,2+,,8,0,8
dae2kq642tqs73au4qag,ibm_fez,46,855,none,88,2+,,8,0,8
dae2kq642tqs73au4qag,ibm_fez,46,856,reset,54,1-,,8,0,8
dae2kq642tqs73au4qag,ibm_fez,46,857,correlated,29,2+,,8,0,8
dae2kq642tqs73au4qag,ibm_fez,46,858,reset,37,2-,,8,0,8
dae2kq642tqs73au4qag,ibm_fez,46,859,reset,14,1-,,8,0,8
dae2kq642tqs73au4qag,ibm_fez,46,860,none,40,2-,,8,0,8
dae2kq642tqs73au4qag,ibm_fez,46,861,correlated,88,2-,,8,0,8
dae2kq642tqs73au4qag,ibm_fez,46,862,none,29,2-,,8,0,8
dae2kq642tqs73au4qag,ibm_fez,46,863,reset,76,1+,,8,0,8
dae2kq642tqs73au4qag,ibm_fez,46,864,none,79,2+,,8,0,8
dae2kq642tqs73au4qag,ibm_fez,46,865,correlated,20,1-,,8,0,8
dae2kq642tqs73au4qag,ibm_fez,46,866,static,55,2+,,8,0,8
dae2kq642tqs73au4qag,ibm_fez,46,867,static,54,1-,,8,0,8
dae2kq642tqs73au4qag,ibm_fez,46,868,reset,55,2-,,8,0,8
dae2kq642tqs73au4qag,ibm_fez,46,869,correlated,29,2-,,8,0,8
dae2kq642tqs73au4qag,ibm_fez,46,870,reset,122,1-,,8,0,8
dae2kq642tqs73au4qag,ibm_fez,46,871,correlated,76,1-,,8,0,8
dae2kq642tqs73au4qag,ibm_fez,46,872,reset,14,1+,,8,0,8
dae2kq642tqs73au4qag,ibm_fez,46,873,correlated,55,2+,,8,0,8
dae2kq642tqs73au4qag,ibm_fez,46,874,correlated,40,2-,,8,0,8
dae2kq642tqs73au4qag,ibm_fez,46,875,static,40,2-,,8,0,8
dae2kq642tqs73au4qag,ibm_fez,46,876,static,55,2-,,8,0,8
dae2kq642tqs73au4qag,ibm_fez,46,877,static,37,2-,,8,0,8
dae2kq642tqs73au4qag,ibm_fez,46,878,reset,54,1+,,8,0,8
dae2kq642tqs73au4qag,ibm_fez,46,879,correlated,40,2+,,8,0,8
dae2kq642tqs73au4qag,ibm_fez,46,880,static,76,1-,,8,0,8
dae2kq642tqs73au4qag,ibm_fez,46,881,static,14,1-,,8,0,8
dae2kq642tqs73au4qag,ibm_fez,46,882,correlated,79,2+,,8,0,8
dae2kq642tqs73au4qag,ibm_fez,46,883,none,54,1-,,8,0,8
dae2kq642tqs73au4qag,ibm_fez,46,884,correlated,54,1+,,8,0,8
dae2kq642tqs73au4qag,ibm_fez,46,885,none,55,2-,,8,0,8
dae2kq642tqs73au4qag,ibm_fez,46,886,static,20,1-,,8,0,8
dae2kq642tqs73au4qag,ibm_fez,46,887,none,79,2-,,8,0,8
dae2kq642tqs73au4qag,ibm_fez,46,888,reset,52,2+,,8,0,8
dae2kq642tqs73au4qag,ibm_fez,46,889,none,14,1+,,8,0,8
dae2kq642tqs73au4qag,ibm_fez,46,890,reset,55,2+,,8,0,8
dae2kq642tqs73au4qag,ibm_fez,46,891,reset,37,2+,,8,0,8
dae2kq642tqs73au4qag,ibm_fez,46,892,correlated,122,1-,,8,0,8
dae2kq642tqs73au4qag,ibm_fez,46,893,static,54,1+,,8,0,8
dae2kq642tqs73au4qag,ibm_fez,46,894,none,76,1-,,8,0,8
dae2kq642tqs73au4qag,ibm_fez,46,895,correlated,52,2-,,8,0,8
dae2kq642tqs73au4qag,ibm_fez,46,896,reset,79,2+,,8,0,8
dae2kq642tqs73au4qag,ibm_fez,46,897,none,37,2-,,8,0,8
dae2kq642tqs73au4qag,ibm_fez,46,898,correlated,14,1+,,8,0,8
dae2kq642tqs73au4qag,ibm_fez,46,899,reset,29,2-,,8,0,8
dae2kq642tqs73au4qag,ibm_fez,46,900,correlated,52,2+,,8,0,8
dae2kq642tqs73au4qag,ibm_fez,46,901,correlated,55,2-,,8,0,8
dae2kq642tqs73au4qag,ibm_fez,46,902,none,14,1-,,8,0,8
dae2kq642tqs73au4qag,ibm_fez,46,903,static,76,1+,,8,0,8
dae2kq642tqs73au4qag,ibm_fez,46,904,static,122,1+,,8,0,8
dae2kq642tqs73au4qag,ibm_fez,46,905,none,52,2-,,8,0,8
dae2kq642tqs73au4qag,ibm_fez,46,906,none,54,1+,,8,0,8
dae2kq642tqs73au4qag,ibm_fez,46,907,reset,40,2-,,8,0,8
dae2kq642tqs73au4qag,ibm_fez,46,908,static,79,2-,,8,0,8
dae2kq642tqs73au4qag,ibm_fez,46,909,correlated,37,2-,,8,0,8
dae2kq642tqs73au4qag,ibm_fez,46,910,static,37,2+,,8,0,8
dae2kq642tqs73au4qag,ibm_fez,46,911,reset,88,2-,,8,0,8
dae2kq642tqs73au4qag,ibm_fez,46,912,static,20,1+,,8,0,8
dae2kq642tqs73au4qag,ibm_fez,46,913,static,52,2+,,8,0,8
dae2kq642tqs73au4qag,ibm_fez,46,914,none,55,2+,,8,0,8
dae2kq642tqs73au4qag,ibm_fez,46,915,none,37,2+,,8,0,8
dae2kq642tqs73au4qag,ibm_fez,46,916,static,88,2-,,8,0,8
dae2kq642tqs73au4qag,ibm_fez,46,917,reset,20,1+,,8,0,8
dae2kq642tqs73au4qag,ibm_fez,46,918,static,40,2+,,8,0,8
dae2kq642tqs73au4qag,ibm_fez,46,919,reset,76,1-,,8,0,8
dae2kq642tqs73au4qag,ibm_fez,46,920,none,20,1+,,8,0,8
dae2kq642tqs73au4qag,ibm_fez,46,921,correlated,37,2+,,8,0,8
dae2kq642tqs73au4qag,ibm_fez,46,922,correlated,14,1-,,8,0,8
dae2kq642tqs73au4qag,ibm_fez,46,923,reset,40,2+,,8,0,8
dae2kq642tqs73au4qag,ibm_fez,46,924,static,122,1-,,8,0,8
dae2kq642tqs73au4qag,ibm_fez,46,925,static,29,2-,,8,0,8
dae2kq642tqs73au4qag,ibm_fez,46,926,none,122,1+,,8,0,8
dae2kq642tqs73au4qag,ibm_fez,46,927,reset,20,1-,,8,0,8
dae2kq642tqs73au4qag,ibm_fez,46,928,correlated,20,1+,,8,0,8
dae2kq642tqs73au4qag,ibm_fez,46,929,static,29,2+,,8,0,8
dae2kq642tqs73au4qag,ibm_fez,46,930,none,122,1-,,8,0,8
dae2kq642tqs73au4qag,ibm_fez,46,931,static,32,-+,,0,8,8
dae2kq642tqs73au4qag,ibm_fez,46,932,correlated,32,++,,6,2,8
dae2kq642tqs73au4qag,ibm_fez,46,933,static,32,+-,,8,0,8
dae2kq642tqs73au4qag,ibm_fez,46,934,correlated,32,-+,,8,0,8
dae2kq642tqs73au4qag,ibm_fez,46,935,correlated,32,--,,1,7,8
dae2kq642tqs73au4qag,ibm_fez,46,936,none,32,+-,,3,5,8
dae2kq642tqs73au4qag,ibm_fez,46,937,static,32,++,,1,7,8
dae2kq642tqs73au4qag,ibm_fez,46,938,reset,32,++,,8,0,8
dae2kq642tqs73au4qag,ibm_fez,46,939,reset,32,+-,,1,7,8
dae2kq642tqs73au4qag,ibm_fez,46,940,correlated,32,+-,,1,7,8
dae2kq642tqs73au4qag,ibm_fez,46,941,reset,32,--,,2,6,8
dae2kq642tqs73au4qag,ibm_fez,46,942,static,32,--,,5,3,8
dae2kq642tqs73au4qag,ibm_fez,46,943,none,32,++,,3,5,8
dae2kq642tqs73au4qag,ibm_fez,46,944,reset,32,-+,,7,1,8
dae2kq642tqs73au4qag,ibm_fez,46,945,none,32,--,,4,4,8
dae2kq642tqs73au4qag,ibm_fez,46,946,none,32,-+,,4,4,8
dae2kq642tqs73au4qag,ibm_fez,46,947,,,,0,8,0,8
dae2kq642tqs73au4qag,ibm_fez,46,948,,,,1,0,8,8
dae2kq642tqs73au4qag,ibm_fez,46,949,reset,83,++,,7,1,8
dae2kq642tqs73au4qag,ibm_fez,46,950,correlated,83,+-,,1,7,8
dae2kq642tqs73au4qag,ibm_fez,46,951,correlated,83,++,,8,0,8
dae2kq642tqs73au4qag,ibm_fez,46,952,correlated,83,-+,,0,8,8
dae2kq642tqs73au4qag,ibm_fez,46,953,correlated,83,--,,8,0,8
dae2kq642tqs73au4qag,ibm_fez,46,954,static,83,--,,8,0,8
dae2kq642tqs73au4qag,ibm_fez,46,955,static,83,+-,,0,8,8
dae2kq642tqs73au4qag,ibm_fez,46,956,static,83,-+,,0,8,8
dae2kq642tqs73au4qag,ibm_fez,46,957,none,83,--,,8,0,8
dae2kq642tqs73au4qag,ibm_fez,46,958,none,83,+-,,0,8,8
dae2kq642tqs73au4qag,ibm_fez,46,959,reset,83,+-,,0,8,8
dae2kq642tqs73au4qag,ibm_fez,46,960,none,83,-+,,0,8,8
dae2kq642tqs73au4qag,ibm_fez,46,961,reset,83,--,,8,0,8
dae2kq642tqs73au4qag,ibm_fez,46,962,static,83,++,,8,0,8
dae2kq642tqs73au4qag,ibm_fez,46,963,reset,83,-+,,0,8,8
dae2kq642tqs73au4qag,ibm_fez,46,964,none,83,++,,8,0,8
dae2kq642tqs73au4qag,ibm_fez,46,965,,,,0,8,0,8
dae2kq642tqs73au4qag,ibm_fez,46,966,static,19,++,,1,7,8
dae2kq642tqs73au4qag,ibm_fez,46,967,correlated,19,+-,,7,1,8
dae2kq642tqs73au4qag,ibm_fez,46,968,none,19,++,,6,2,8
dae2kq642tqs73au4qag,ibm_fez,46,969,static,123,-+,,5,3,8
dae2kq642tqs73au4qag,ibm_fez,46,970,reset,19,++,,6,2,8
dae2kq642tqs73au4qag,ibm_fez,46,971,reset,19,-+,,0,8,8
dae2kq642tqs73au4qag,ibm_fez,46,972,none,123,+-,,3,5,8
dae2kq642tqs73au4qag,ibm_fez,46,973,correlated,123,-+,,7,1,8
dae2kq642tqs73au4qag,ibm_fez,46,974,none,19,--,,4,4,8
dae2kq642tqs73au4qag,ibm_fez,46,975,reset,19,--,,0,8,8
dae2kq642tqs73au4qag,ibm_fez,46,976,reset,123,-+,,6,2,8
dae2kq642tqs73au4qag,ibm_fez,46,977,correlated,19,++,,6,2,8
dae2kq642tqs73au4qag,ibm_fez,46,978,none,123,++,,3,5,8
dae2kq642tqs73au4qag,ibm_fez,46,979,none,19,+-,,2,6,8
dae2kq642tqs73au4qag,ibm_fez,46,980,correlated,123,+-,,4,4,8
dae2kq642tqs73au4qag,ibm_fez,46,981,reset,123,++,,1,7,8
dae2kq642tqs73au4qag,ibm_fez,46,982,static,123,+-,,1,7,8
dae2kq642tqs73au4qag,ibm_fez,46,983,reset,19,+-,,5,3,8
dae2kq642tqs73au4qag,ibm_fez,46,984,static,123,++,,1,7,8
dae2kq642tqs73au4qag,ibm_fez,46,985,none,123,--,,2,6,8
dae2kq642tqs73au4qag,ibm_fez,46,986,reset,123,--,,8,0,8
dae2kq642tqs73au4qag,ibm_fez,46,987,correlated,123,++,,0,8,8
dae2kq642tqs73au4qag,ibm_fez,46,988,static,19,+-,,2,6,8
dae2kq642tqs73au4qag,ibm_fez,46,989,reset,123,+-,,0,8,8
dae2kq642tqs73au4qag,ibm_fez,46,990,none,19,-+,,4,4,8
dae2kq642tqs73au4qag,ibm_fez,46,991,static,123,--,,6,2,8
dae2kq642tqs73au4qag,ibm_fez,46,992,correlated,123,--,,8,0,8
dae2kq642tqs73au4qag,ibm_fez,46,993,correlated,19,--,,0,8,8
dae2kq642tqs73au4qag,ibm_fez,46,994,static,19,-+,,6,2,8
dae2kq642tqs73au4qag,ibm_fez,46,995,correlated,19,-+,,2,6,8
dae2kq642tqs73au4qag,ibm_fez,46,996,static,19,--,,7,1,8
dae2kq642tqs73au4qag,ibm_fez,46,997,none,123,-+,,5,3,8
dae2kq642tqs73au4qag,ibm_fez,46,998,reset,20,--,,6,2,8
dae2kq642tqs73au4qag,ibm_fez,46,999,reset,20,++,,1,7,8
dae2kq642tqs73au4qag,ibm_fez,46,1000,reset,20,+-,,7,1,8
dae2kq642tqs73au4qag,ibm_fez,46,1001,correlated,20,+-,,6,2,8
dae2kq642tqs73au4qag,ibm_fez,46,1002,static,20,--,,5,3,8
dae2kq642tqs73au4qag,ibm_fez,46,1003,correlated,20,-+,,1,7,8
dae2kq642tqs73au4qag,ibm_fez,46,1004,static,20,-+,,2,6,8
dae2kq642tqs73au4qag,ibm_fez,46,1005,reset,20,-+,,1,7,8
dae2kq642tqs73au4qag,ibm_fez,46,1006,none,20,-+,,4,4,8
dae2kq642tqs73au4qag,ibm_fez,46,1007,static,20,+-,,7,1,8
dae2kq642tqs73au4qag,ibm_fez,46,1008,none,20,--,,6,2,8
dae2kq642tqs73au4qag,ibm_fez,46,1009,correlated,20,++,,3,5,8
dae2kq642tqs73au4qag,ibm_fez,46,1010,correlated,20,--,,6,2,8
dae2kq642tqs73au4qag,ibm_fez,46,1011,none,20,+-,,3,5,8
dae2kq642tqs73au4qag,ibm_fez,46,1012,none,20,++,,2,6,8
dae2kq642tqs73au4qag,ibm_fez,46,1013,static,20,++,,1,7,8
dae2kq642tqs73au4qag,ibm_fez,46,1014,,,,1,0,8,8
dae2kq642tqs73au4qag,ibm_fez,46,1015,reset,34,-+,,0,8,8
dae2kq642tqs73au4qag,ibm_fez,46,1016,correlated,34,-+,,6,2,8
dae2kq642tqs73au4qag,ibm_fez,46,1017,none,34,+-,,4,4,8
dae2kq642tqs73au4qag,ibm_fez,46,1018,none,34,-+,,3,5,8
dae2kq642tqs73au4qag,ibm_fez,46,1019,none,34,--,,6,2,8
dae2kq642tqs73au4qag,ibm_fez,46,1020,static,34,-+,,2,6,8
dae2kq642tqs73au4qag,ibm_fez,46,1021,correlated,34,--,,2,6,8
dae2kq642tqs73au4qag,ibm_fez,46,1022,static,34,+-,,8,0,8
dae2kq642tqs73au4qag,ibm_fez,46,1023,reset,34,+-,,6,2,8
dae2kq642tqs73au4qag,ibm_fez,46,1024,reset,34,++,,0,8,8
dae2kq642tqs73au4qag,ibm_fez,46,1025,correlated,34,+-,,0,8,8
dae2kq642tqs73au4qag,ibm_fez,46,1026,correlated,34,++,,8,0,8
dae2kq642tqs73au4qag,ibm_fez,46,1027,static,34,--,,7,1,8
dae2kq642tqs73au4qag,ibm_fez,46,1028,reset,34,--,,8,0,8
dae2kq642tqs73au4qag,ibm_fez,46,1029,static,34,++,,0,8,8
dae2kq642tqs73au4qag,ibm_fez,46,1030,none,34,++,,5,3,8
dae2kq642tqs73au4qag,ibm_fez,46,1031,,,,0,8,0,8
dae2kq642tqs73au4qag,ibm_fez,46,1032,,,,0,8,0,8
dae2kq642tqs73au4qag,ibm_fez,46,1033,,,,0,8,0,8
dae2kq642tqs73au4qag,ibm_fez,46,1034,static,82,+-,,1,7,8
dae2kq642tqs73au4qag,ibm_fez,46,1035,reset,82,--,,5,3,8
dae2kq642tqs73au4qag,ibm_fez,46,1036,reset,82,++,,0,8,8
dae2kq642tqs73au4qag,ibm_fez,46,1037,correlated,82,++,,1,7,8
dae2kq642tqs73au4qag,ibm_fez,46,1038,none,82,--,,1,7,8
dae2kq642tqs73au4qag,ibm_fez,46,1039,correlated,82,+-,,2,6,8
dae2kq642tqs73au4qag,ibm_fez,46,1040,reset,82,+-,,1,7,8
dae2kq642tqs73au4qag,ibm_fez,46,1041,static,82,--,,5,3,8
dae2kq642tqs73au4qag,ibm_fez,46,1042,correlated,82,-+,,8,0,8
dae2kq642tqs73au4qag,ibm_fez,46,1043,none,82,++,,3,5,8
dae2kq642tqs73au4qag,ibm_fez,46,1044,none,82,-+,,4,4,8
dae2kq642tqs73au4qag,ibm_fez,46,1045,correlated,82,--,,8,0,8
dae2kq642tqs73au4qag,ibm_fez,46,1046,none,82,+-,,6,2,8
dae2kq642tqs73au4qag,ibm_fez,46,1047,static,82,++,,0,8,8
dae2kq642tqs73au4qag,ibm_fez,46,1048,reset,82,-+,,7,1,8
dae2kq642tqs73au4qag,ibm_fez,46,1049,static,82,-+,,8,0,8
dae2kq642tqs73au4qag,ibm_fez,46,1050,,,,1,0,8,8
dae2kq642tqs73au4qag,ibm_fez,46,1051,reset,79,++,,8,0,8
dae2kq642tqs73au4qag,ibm_fez,46,1052,reset,29,+-,,8,0,8
dae2kq642tqs73au4qag,ibm_fez,46,1053,static,29,--,,8,0,8
dae2kq642tqs73au4qag,ibm_fez,46,1054,correlated,29,++,,8,0,8
dae2kq642tqs73au4qag,ibm_fez,46,1055,correlated,79,+-,,8,0,8
dae2kq642tqs73au4qag,ibm_fez,46,1056,reset,79,--,,8,0,8
dae2kq642tqs73au4qag,ibm_fez,46,1057,static,29,+-,,8,0,8
dae2kq642tqs73au4qag,ibm_fez,46,1058,static,29,-+,,8,0,8
dae2kq642tqs73au4qag,ibm_fez,46,1059,static,79,++,,8,0,8
dae2kq642tqs73au4qag,ibm_fez,46,1060,reset,79,-+,,8,0,8
dae2kq642tqs73au4qag,ibm_fez,46,1061,none,79,+-,,8,0,8
dae2kq642tqs73au4qag,ibm_fez,46,1062,reset,79,+-,,8,0,8
dae2kq642tqs73au4qag,ibm_fez,46,1063,none,79,-+,,8,0,8
dae2kq642tqs73au4qag,ibm_fez,46,1064,correlated,29,-+,,8,0,8
dae2kq642tqs73au4qag,ibm_fez,46,1065,correlated,79,--,,8,0,8
dae2kq642tqs73au4qag,ibm_fez,46,1066,none,79,--,,8,0,8
dae2kq642tqs73au4qag,ibm_fez,46,1067,reset,29,++,,8,0,8
dae2kq642tqs73au4qag,ibm_fez,46,1068,correlated,29,--,,8,0,8
dae2kq642tqs73au4qag,ibm_fez,46,1069,none,29,++,,8,0,8
dae2kq642tqs73au4qag,ibm_fez,46,1070,none,79,++,,8,0,8
dae2kq642tqs73au4qag,ibm_fez,46,1071,reset,29,--,,8,0,8
dae2kq642tqs73au4qag,ibm_fez,46,1072,correlated,79,++,,8,0,8
dae2kq642tqs73au4qag,ibm_fez,46,1073,none,29,--,,8,0,8
dae2kq642tqs73au4qag,ibm_fez,46,1074,none,29,+-,,8,0,8
dae2kq642tqs73au4qag,ibm_fez,46,1075,correlated,79,-+,,8,0,8
dae2kq642tqs73au4qag,ibm_fez,46,1076,static,29,++,,8,0,8
dae2kq642tqs73au4qag,ibm_fez,46,1077,static,79,-+,,8,0,8
dae2kq642tqs73au4qag,ibm_fez,46,1078,static,79,--,,8,0,8
dae2kq642tqs73au4qag,ibm_fez,46,1079,none,29,-+,,8,0,8
dae2kq642tqs73au4qag,ibm_fez,46,1080,reset,29,-+,,8,0,8
dae2kq642tqs73au4qag,ibm_fez,46,1081,static,79,+-,,8,0,8
dae2kq642tqs73au4qag,ibm_fez,46,1082,correlated,29,+-,,8,0,8
dae2kq642tqs73au4qag,ibm_fez,46,1083,reset,1,2+,,1,7,8
dae2kq642tqs73au4qag,ibm_fez,46,1084,none,76,2+,,4,4,8
dae2kq642tqs73au4qag,ibm_fez,46,1085,none,31,2+,,4,4,8
dae2kq642tqs73au4qag,ibm_fez,46,1086,static,127,2+,,0,8,8
dae2kq642tqs73au4qag,ibm_fez,46,1087,none,74,2-,,4,4,8
dae2kq642tqs73au4qag,ibm_fez,46,1088,correlated,27,2-,,2,6,8
dae2kq642tqs73au4qag,ibm_fez,46,1089,none,31,2-,,4,4,8
dae2kq642tqs73au4qag,ibm_fez,46,1090,static,43,1-,,5,3,8
dae2kq642tqs73au4qag,ibm_fez,46,1091,reset,70,2+,,1,7,8
dae2kq642tqs73au4qag,ibm_fez,46,1092,none,76,2-,,2,6,8
dae2kq642tqs73au4qag,ibm_fez,46,1093,correlated,127,2-,,3,5,8
dae2kq642tqs73au4qag,ibm_fez,46,1094,correlated,31,2-,,1,7,8
dae2kq642tqs73au4qag,ibm_fez,46,1095,static,112,1+,,0,8,8
dae2kq642tqs73au4qag,ibm_fez,46,1096,correlated,31,2+,,7,1,8
dae2kq642tqs73au4qag,ibm_fez,46,1097,correlated,74,2-,,6,2,8
dae2kq642tqs73au4qag,ibm_fez,46,1098,reset,68,2-,,1,7,8
dae2kq642tqs73au4qag,ibm_fez,46,1099,none,27,2-,,5,3,8
dae2kq642tqs73au4qag,ibm_fez,46,1100,reset,68,2+,,7,1,8
dae2kq642tqs73au4qag,ibm_fez,46,1101,none,127,2+,,1,7,8
dae2kq642tqs73au4qag,ibm_fez,46,1102,correlated,114,2-,,6,2,8
dae2kq642tqs73au4qag,ibm_fez,46,1103,none,114,2-,,4,4,8
dae2kq642tqs73au4qag,ibm_fez,46,1104,none,44,1-,,4,4,8
dae2kq642tqs73au4qag,ibm_fez,46,1105,static,1,2-,,7,1,8
dae2kq642tqs73au4qag,ibm_fez,46,1106,none,68,2+,,5,3,8
dae2kq642tqs73au4qag,ibm_fez,46,1107,static,74,2-,,6,2,8
dae2kq642tqs73au4qag,ibm_fez,46,1108,none,0,2-,,5,3,8
dae2kq642tqs73au4qag,ibm_fez,46,1109,reset,0,2+,,7,1,8
dae2kq642tqs73au4qag,ibm_fez,46,1110,reset,37,1+,,8,0,8
dae2kq642tqs73au4qag,ibm_fez,46,1111,correlated,68,2-,,0,8,8
dae2kq642tqs73au4qag,ibm_fez,46,1112,correlated,70,2+,,1,7,8
dae2kq642tqs73au4qag,ibm_fez,46,1113,static,1,2+,,2,6,8
dae2kq642tqs73au4qag,ibm_fez,46,1114,none,112,1+,,2,6,8
dae2kq642tqs73au4qag,ibm_fez,46,1115,none,127,2-,,4,4,8
dae2kq642tqs73au4qag,ibm_fez,46,1116,correlated,27,2+,,5,3,8
dae2kq642tqs73au4qag,ibm_fez,46,1117,reset,59,1+,,2,6,8
dae2kq642tqs73au4qag,ibm_fez,46,1118,correlated,37,1-,,2,6,8
dae2kq642tqs73au4qag,ibm_fez,46,1119,none,0,2+,,7,1,8
dae2kq642tqs73au4qag,ibm_fez,46,1120,none,70,2+,,5,3,8
dae2kq642tqs73au4qag,ibm_fez,46,1121,none,44,1+,,3,5,8
dae2kq642tqs73au4qag,ibm_fez,46,1122,correlated,127,2+,,1,7,8
dae2kq642tqs73au4qag,ibm_fez,46,1123,static,68,2+,,2,6,8
dae2kq642tqs73au4qag,ibm_fez,46,1124,reset,112,1+,,2,6,8
dae2kq642tqs73au4qag,ibm_fez,46,1125,reset,44,1+,,7,1,8
dae2kq642tqs73au4qag,ibm_fez,46,1126,correlated,70,2-,,6,2,8
dae2kq642tqs73au4qag,ibm_fez,46,1127,none,74,2+,,4,4,8
dae2kq642tqs73au4qag,ibm_fez,46,1128,correlated,112,1+,,2,6,8
dae2kq642tqs73au4qag,ibm_fez,46,1129,static,74,2+,,6,2,8
dae2kq642tqs73au4qag,ibm_fez,46,1130,none,37,1+,,5,3,8
dae2kq642tqs73au4qag,ibm_fez,46,1131,correlated,76,2-,,2,6,8
dae2kq642tqs73au4qag,ibm_fez,46,1132,none,43,1+,,3,5,8
dae2kq642tqs73au4qag,ibm_fez,46,1133,reset,43,1+,,2,6,8
dae2kq642tqs73au4qag,ibm_fez,46,1134,correlated,74,2+,,2,6,8
dae2kq642tqs73au4qag,ibm_fez,46,1135,none,125,2-,,6,2,8
dae2kq642tqs73au4qag,ibm_fez,46,1136,none,125,2+,,6,2,8
dae2kq642tqs73au4qag,ibm_fez,46,1137,static,44,1+,,1,7,8
dae2kq642tqs73au4qag,ibm_fez,46,1138,none,70,2-,,4,4,8
dae2kq642tqs73au4qag,ibm_fez,46,1139,reset,70,2-,,8,0,8
dae2kq642tqs73au4qag,ibm_fez,46,1140,correlated,1,2+,,1,7,8
dae2kq642tqs73au4qag,ibm_fez,46,1141,reset,27,2-,,7,1,8
dae2kq642tqs73au4qag,ibm_fez,46,1142,reset,127,2-,,0,8,8
dae2kq642tqs73au4qag,ibm_fez,46,1143,static,114,2+,,2,6,8
dae2kq642tqs73au4qag,ibm_fez,46,1144,correlated,68,2+,,7,1,8
dae2kq642tqs73au4qag,ibm_fez,46,1145,correlated,1,2-,,8,0,8
dae2kq642tqs73au4qag,ibm_fez,46,1146,static,70,2+,,3,5,8
dae2kq642tqs73au4qag,ibm_fez,46,1147,reset,76,2-,,1,7,8
dae2kq642tqs73au4qag,ibm_fez,46,1148,static,0,2+,,2,6,8
dae2kq642tqs73au4qag,ibm_fez,46,1149,reset,37,1-,,2,6,8
dae2kq642tqs73au4qag,ibm_fez,46,1150,reset,125,2-,,1,7,8
dae2kq642tqs73au4qag,ibm_fez,46,1151,none,59,1-,,5,3,8
dae2kq642tqs73au4qag,ibm_fez,46,1152,static,27,2+,,2,6,8
dae2kq642tqs73au4qag,ibm_fez,46,1153,correlated,125,2-,,2,6,8
dae2kq642tqs73au4qag,ibm_fez,46,1154,static,114,2-,,7,1,8
dae2kq642tqs73au4qag,ibm_fez,46,1155,none,68,2-,,3,5,8
dae2kq642tqs73au4qag,ibm_fez,46,1156,none,1,2-,,4,4,8
dae2kq642tqs73au4qag,ibm_fez,46,1157,none,37,1-,,2,6,8
dae2kq642tqs73au4qag,ibm_fez,46,1158,correlated,114,2+,,1,7,8
dae2kq642tqs73au4qag,ibm_fez,46,1159,reset,76,2+,,8,0,8
dae2kq642tqs73au4qag,ibm_fez,46,1160,reset,1,2-,,8,0,8
dae2kq642tqs73au4qag,ibm_fez,46,1161,reset,114,2-,,2,6,8
dae2kq642tqs73au4qag,ibm_fez,46,1162,static,127,2-,,8,0,8
dae2kq642tqs73au4qag,ibm_fez,46,1163,correlated,43,1-,,4,4,8
dae2kq642tqs73au4qag,ibm_fez,46,1164,static,37,1-,,5,3,8
dae2kq642tqs73au4qag,ibm_fez,46,1165,correlated,44,1-,,1,7,8
dae2kq642tqs73au4qag,ibm_fez,46,1166,static,76,2-,,6,2,8
dae2kq642tqs73au4qag,ibm_fez,46,1167,static,31,2-,,8,0,8
dae2kq642tqs73au4qag,ibm_fez,46,1168,static,68,2-,,7,1,8
dae2kq642tqs73au4qag,ibm_fez,46,1169,reset,59,1-,,6,2,8
dae2kq642tqs73au4qag,ibm_fez,46,1170,correlated,112,1-,,8,0,8
dae2kq642tqs73au4qag,ibm_fez,46,1171,correlated,43,1+,,1,7,8
dae2kq642tqs73au4qag,ibm_fez,46,1172,static,0,2-,,7,1,8
dae2kq642tqs73au4qag,ibm_fez,46,1173,correlated,37,1+,,7,1,8
dae2kq642tqs73au4qag,ibm_fez,46,1174,static,31,2+,,1,7,8
dae2kq642tqs73au4qag,ibm_fez,46,1175,correlated,76,2+,,7,1,8
dae2kq642tqs73au4qag,ibm_fez,46,1176,correlated,0,2-,,8,0,8
dae2kq642tqs73au4qag,ibm_fez,46,1177,reset,74,2+,,2,6,8
dae2kq642tqs73au4qag,ibm_fez,46,1178,correlated,125,2+,,8,0,8
dae2kq642tqs73au4qag,ibm_fez,46,1179,reset,43,1-,,8,0,8
dae2kq642tqs73au4qag,ibm_fez,46,1180,correlated,59,1-,,7,1,8
dae2kq642tqs73au4qag,ibm_fez,46,1181,reset,44,1-,,2,6,8
dae2kq642tqs73au4qag,ibm_fez,46,1182,reset,31,2+,,2,6,8
dae2kq642tqs73au4qag,ibm_fez,46,1183,static,125,2+,,1,7,8
dae2kq642tqs73au4qag,ibm_fez,46,1184,none,114,2+,,3,5,8
dae2kq642tqs73au4qag,ibm_fez,46,1185,static,44,1-,,8,0,8
dae2kq642tqs73au4qag,ibm_fez,46,1186,none,1,2+,,5,3,8
dae2kq642tqs73au4qag,ibm_fez,46,1187,static,37,1+,,1,7,8
dae2kq642tqs73au4qag,ibm_fez,46,1188,none,112,1-,,3,5,8
dae2kq642tqs73au4qag,ibm_fez,46,1189,none,43,1-,,7,1,8
dae2kq642tqs73au4qag,ibm_fez,46,1190,reset,0,2-,,2,6,8
dae2kq642tqs73au4qag,ibm_fez,46,1191,correlated,0,2+,,1,7,8
dae2kq642tqs73au4qag,ibm_fez,46,1192,reset,125,2+,,7,1,8
dae2kq642tqs73au4qag,ibm_fez,46,1193,static,112,1-,,6,2,8
dae2kq642tqs73au4qag,ibm_fez,46,1194,correlated,44,1+,,8,0,8
dae2kq642tqs73au4qag,ibm_fez,46,1195,reset,27,2+,,2,6,8
dae2kq642tqs73au4qag,ibm_fez,46,1196,correlated,59,1+,,3,5,8
dae2kq642tqs73au4qag,ibm_fez,46,1197,static,59,1+,,3,5,8
dae2kq642tqs73au4qag,ibm_fez,46,1198,reset,127,2+,,7,1,8
dae2kq642tqs73au4qag,ibm_fez,46,1199,static,76,2+,,0,8,8
dae2kq642tqs73au4qag,ibm_fez,46,1200,reset,74,2-,,7,1,8
dae2kq642tqs73au4qag,ibm_fez,46,1201,static,125,2-,,8,0,8
dae2kq642tqs73au4qag,ibm_fez,46,1202,static,59,1-,,7,1,8
dae2kq642tqs73au4qag,ibm_fez,46,1203,none,27,2+,,4,4,8
dae2kq642tqs73au4qag,ibm_fez,46,1204,reset,114,2+,,8,0,8
dae2kq642tqs73au4qag,ibm_fez,46,1205,static,43,1+,,4,4,8
dae2kq642tqs73au4qag,ibm_fez,46,1206,static,27,2-,,7,1,8
dae2kq642tqs73au4qag,ibm_fez,46,1207,static,70,2-,,7,1,8
dae2kq642tqs73au4qag,ibm_fez,46,1208,reset,31,2-,,6,2,8
dae2kq642tqs73au4qag,ibm_fez,46,1209,reset,112,1-,,8,0,8
dae2kq642tqs73au4qag,ibm_fez,46,1210,none,59,1+,,6,2,8
dae2kq642tqs73au4qag,ibm_fez,46,1211,none,49,--,,3,5,8
dae2kq642tqs73au4qag,ibm_fez,46,1212,reset,49,-+,,6,2,8
dae2kq642tqs73au4qag,ibm_fez,46,1213,static,49,++,,0,8,8
dae2kq642tqs73au4qag,ibm_fez,46,1214,correlated,49,+-,,7,1,8
dae2kq642tqs73au4qag,ibm_fez,46,1215,reset,49,++,,5,3,8
dae2kq642tqs73au4qag,ibm_fez,46,1216,none,49,++,,3,5,8
dae2kq642tqs73au4qag,ibm_fez,46,1217,correlated,49,++,,2,6,8
dae2kq642tqs73au4qag,ibm_fez,46,1218,static,49,-+,,2,6,8
dae2kq642tqs73au4qag,ibm_fez,46,1219,correlated,49,-+,,1,7,8
dae2kq642tqs73au4qag,ibm_fez,46,1220,reset,49,+-,,1,7,8
dae2kq642tqs73au4qag,ibm_fez,46,1221,reset,49,--,,0,8,8
dae2kq642tqs73au4qag,ibm_fez,46,1222,static,49,--,,6,2,8
dae2kq642tqs73au4qag,ibm_fez,46,1223,none,49,+-,,4,4,8
dae2kq642tqs73au4qag,ibm_fez,46,1224,none,49,-+,,2,6,8
dae2kq642tqs73au4qag,ibm_fez,46,1225,correlated,49,--,,8,0,8
dae2kq642tqs73au4qag,ibm_fez,46,1226,static,49,+-,,7,1,8
dae2kq642tqs73au4qag,ibm_fez,46,1227,,,,1,0,8,8
dae2kq642tqs73au4qag,ibm_fez,46,1228,,,,1,0,8,8
dae2kq642tqs73au4qag,ibm_fez,46,1229,none,21,-+,,4,4,8
dae2kq642tqs73au4qag,ibm_fez,46,1230,static,21,--,,4,4,8
dae2kq642tqs73au4qag,ibm_fez,46,1231,correlated,21,+-,,1,7,8
dae2kq642tqs73au4qag,ibm_fez,46,1232,reset,21,++,,5,3,8
dae2kq642tqs73au4qag,ibm_fez,46,1233,correlated,21,--,,5,3,8
dae2kq642tqs73au4qag,ibm_fez,46,1234,reset,21,+-,,1,7,8
dae2kq642tqs73au4qag,ibm_fez,46,1235,correlated,21,-+,,2,6,8
dae2kq642tqs73au4qag,ibm_fez,46,1236,none,21,--,,6,2,8
dae2kq642tqs73au4qag,ibm_fez,46,1237,reset,21,-+,,2,6,8
dae2kq642tqs73au4qag,ibm_fez,46,1238,correlated,21,++,,6,2,8
dae2kq642tqs73au4qag,ibm_fez,46,1239,static,21,-+,,3,5,8
dae2kq642tqs73au4qag,ibm_fez,46,1240,static,21,+-,,2,6,8
dae2kq642tqs73au4qag,ibm_fez,46,1241,none,21,+-,,5,3,8
dae2kq642tqs73au4qag,ibm_fez,46,1242,none,21,++,,5,3,8
dae2kq642tqs73au4qag,ibm_fez,46,1243,static,21,++,,6,2,8
dae2kq642tqs73au4qag,ibm_fez,46,1244,reset,21,--,,5,3,8
dae2kq642tqs73au4qag,ibm_fez,46,1245,,,,1,0,8,8
dae2kq642tqs73au4qag,ibm_fez,46,1246,static,55,+-,,8,0,8
dae2kq642tqs73au4qag,ibm_fez,46,1247,static,55,--,,8,0,8
dae2kq642tqs73au4qag,ibm_fez,46,1248,reset,55,+-,,8,0,8
dae2kq642tqs73au4qag,ibm_fez,46,1249,correlated,55,-+,,8,0,8
dae2kq642tqs73au4qag,ibm_fez,46,1250,correlated,55,+-,,8,0,8
dae2kq642tqs73au4qag,ibm_fez,46,1251,reset,55,--,,8,0,8
dae2kq642tqs73au4qag,ibm_fez,46,1252,reset,55,++,,8,0,8
dae2kq642tqs73au4qag,ibm_fez,46,1253,static,55,++,,8,0,8
dae2kq642tqs73au4qag,ibm_fez,46,1254,reset,55,-+,,8,0,8
dae2kq642tqs73au4qag,ibm_fez,46,1255,static,55,-+,,8,0,8
dae2kq642tqs73au4qag,ibm_fez,46,1256,none,55,-+,,8,0,8
dae2kq642tqs73au4qag,ibm_fez,46,1257,none,55,--,,8,0,8
dae2kq642tqs73au4qag,ibm_fez,46,1258,none,55,+-,,8,0,8
dae2kq642tqs73au4qag,ibm_fez,46,1259,correlated,55,--,,8,0,8
dae2kq642tqs73au4qag,ibm_fez,46,1260,none,55,++,,8,0,8
dae2kq642tqs73au4qag,ibm_fez,46,1261,correlated,55,++,,8,0,8
dae2kq642tqs73au4qag,ibm_fez,46,1262,correlated,64,++,,6,2,8
dae2kq642tqs73au4qag,ibm_fez,46,1263,static,64,+-,,2,6,8
dae2kq642tqs73au4qag,ibm_fez,46,1264,correlated,64,-+,,3,5,8
dae2kq642tqs73au4qag,ibm_fez,46,1265,correlated,64,--,,6,2,8
dae2kq642tqs73au4qag,ibm_fez,46,1266,none,64,--,,5,3,8
dae2kq642tqs73au4qag,ibm_fez,46,1267,reset,64,+-,,3,5,8
dae2kq642tqs73au4qag,ibm_fez,46,1268,static,64,--,,5,3,8
dae2kq642tqs73au4qag,ibm_fez,46,1269,static,64,-+,,2,6,8
dae2kq642tqs73au4qag,ibm_fez,46,1270,none,64,+-,,3,5,8
dae2kq642tqs73au4qag,ibm_fez,46,1271,reset,64,--,,2,6,8
dae2kq642tqs73au4qag,ibm_fez,46,1272,none,64,-+,,5,3,8
dae2kq642tqs73au4qag,ibm_fez,46,1273,reset,64,++,,0,8,8
dae2kq642tqs73au4qag,ibm_fez,46,1274,correlated,64,+-,,2,6,8
dae2kq642tqs73au4qag,ibm_fez,46,1275,reset,64,-+,,7,1,8
dae2kq642tqs73au4qag,ibm_fez,46,1276,none,64,++,,5,3,8
dae2kq642tqs73au4qag,ibm_fez,46,1277,static,64,++,,6,2,8
dae2kq642tqs73au4qag,ibm_fez,46,1278,correlated,24,-+,,2,6,8
dae2kq642tqs73au4qag,ibm_fez,46,1279,none,24,--,,5,3,8
dae2kq642tqs73au4qag,ibm_fez,46,1280,none,24,-+,,6,2,8
dae2kq642tqs73au4qag,ibm_fez,46,1281,static,24,--,,5,3,8
dae2kq642tqs73au4qag,ibm_fez,46,1282,static,24,-+,,2,6,8
dae2kq642tqs73au4qag,ibm_fez,46,1283,correlated,24,++,,6,2,8
dae2kq642tqs73au4qag,ibm_fez,46,1284,static,24,++,,6,2,8
dae2kq642tqs73au4qag,ibm_fez,46,1285,correlated,24,--,,7,1,8
dae2kq642tqs73au4qag,ibm_fez,46,1286,static,24,+-,,2,6,8
dae2kq642tqs73au4qag,ibm_fez,46,1287,correlated,24,+-,,0,8,8
dae2kq642tqs73au4qag,ibm_fez,46,1288,reset,24,--,,6,2,8
dae2kq642tqs73au4qag,ibm_fez,46,1289,reset,24,+-,,2,6,8
dae2kq642tqs73au4qag,ibm_fez,46,1290,none,24,++,,5,3,8
dae2kq642tqs73au4qag,ibm_fez,46,1291,reset,24,-+,,2,6,8
dae2kq642tqs73au4qag,ibm_fez,46,1292,none,24,+-,,2,6,8
dae2kq642tqs73au4qag,ibm_fez,46,1293,reset,24,++,,7,1,8
dae2kq642tqs73au4qag,ibm_fez,46,1294,none,96,--,,2,6,8
dae2kq642tqs73au4qag,ibm_fez,46,1295,none,96,-+,,3,5,8
dae2kq642tqs73au4qag,ibm_fez,46,1296,static,96,--,,8,0,8
dae2kq642tqs73au4qag,ibm_fez,46,1297,reset,96,+-,,4,4,8
dae2kq642tqs73au4qag,ibm_fez,46,1298,none,96,++,,3,5,8
dae2kq642tqs73au4qag,ibm_fez,46,1299,correlated,96,+-,,8,0,8
dae2kq642tqs73au4qag,ibm_fez,46,1300,static,96,-+,,0,8,8
dae2kq642tqs73au4qag,ibm_fez,46,1301,reset,96,++,,1,7,8
dae2kq642tqs73au4qag,ibm_fez,46,1302,correlated,96,++,,3,5,8
dae2kq642tqs73au4qag,ibm_fez,46,1303,static,96,++,,1,7,8
dae2kq642tqs73au4qag,ibm_fez,46,1304,correlated,96,--,,8,0,8
dae2kq642tqs73au4qag,ibm_fez,46,1305,static,96,+-,,8,0,8
dae2kq642tqs73au4qag,ibm_fez,46,1306,reset,96,-+,,1,7,8
dae2kq642tqs73au4qag,ibm_fez,46,1307,none,96,+-,,5,3,8
dae2kq642tqs73au4qag,ibm_fez,46,1308,reset,96,--,,6,2,8
dae2kq642tqs73au4qag,ibm_fez,46,1309,correlated,96,-+,,1,7,8
dae2kq642tqs73au4qag,ibm_fez,46,1310,,,,0,8,0,8
dae2kq642tqs73au4qag,ibm_fez,46,1311,,,,0,8,0,8
dae2kq642tqs73au4qag,ibm_fez,46,1312,,,,1,0,8,8
dae2kq642tqs73au4qag,ibm_fez,46,1313,,,,0,8,0,8
dae2kq642tqs73au4qag,ibm_fez,46,1314,correlated,93,--,,6,2,8
dae2kq642tqs73au4qag,ibm_fez,46,1315,static,93,-+,,1,7,8
dae2kq642tqs73au4qag,ibm_fez,46,1316,none,93,++,,4,4,8
dae2kq642tqs73au4qag,ibm_fez,46,1317,static,93,++,,0,8,8
dae2kq642tqs73au4qag,ibm_fez,46,1318,static,93,--,,8,0,8
dae2kq642tqs73au4qag,ibm_fez,46,1319,reset,93,++,,6,2,8
dae2kq642tqs73au4qag,ibm_fez,46,1320,none,93,--,,3,5,8
dae2kq642tqs73au4qag,ibm_fez,46,1321,correlated,93,+-,,7,1,8
dae2kq642tqs73au4qag,ibm_fez,46,1322,reset,93,-+,,5,3,8
dae2kq642tqs73au4qag,ibm_fez,46,1323,correlated,93,-+,,2,6,8
dae2kq642tqs73au4qag,ibm_fez,46,1324,reset,93,--,,1,7,8
dae2kq642tqs73au4qag,ibm_fez,46,1325,none,93,-+,,6,2,8
dae2kq642tqs73au4qag,ibm_fez,46,1326,reset,93,+-,,0,8,8
dae2kq642tqs73au4qag,ibm_fez,46,1327,correlated,93,++,,1,7,8
dae2kq642tqs73au4qag,ibm_fez,46,1328,static,93,+-,,7,1,8
dae2kq642tqs73au4qag,ibm_fez,46,1329,none,93,+-,,5,3,8
dae2kq642tqs73au4qag,ibm_fez,46,1330,reset,57,2-,,7,1,8
dae2kq642tqs73au4qag,ibm_fez,46,1331,reset,98,2+,,1,7,8
dae2kq642tqs73au4qag,ibm_fez,46,1332,none,13,2+,,4,4,8
dae2kq642tqs73au4qag,ibm_fez,46,1333,none,57,2+,,2,6,8
dae2kq642tqs73au4qag,ibm_fez,46,1334,correlated,85,2-,,1,7,8
dae2kq642tqs73au4qag,ibm_fez,46,1335,static,124,2+,,1,7,8
dae2kq642tqs73au4qag,ibm_fez,46,1336,static,87,2+,,0,8,8
dae2kq642tqs73au4qag,ibm_fez,46,1337,reset,98,2-,,7,1,8
dae2kq642tqs73au4qag,ibm_fez,46,1338,static,57,2-,,7,1,8
dae2kq642tqs73au4qag,ibm_fez,46,1339,static,87,2-,,5,3,8
dae2kq642tqs73au4qag,ibm_fez,46,1340,correlated,124,2-,,1,7,8
dae2kq642tqs73au4qag,ibm_fez,46,1341,reset,87,2-,,1,7,8
dae2kq642tqs73au4qag,ibm_fez,46,1342,static,98,2+,,1,7,8
dae2kq642tqs73au4qag,ibm_fez,46,1343,correlated,98,2+,,7,1,8
dae2kq642tqs73au4qag,ibm_fez,46,1344,static,98,2-,,7,1,8
dae2kq642tqs73au4qag,ibm_fez,46,1345,none,98,2-,,4,4,8
dae2kq642tqs73au4qag,ibm_fez,46,1346,reset,124,2-,,8,0,8
dae2kq642tqs73au4qag,ibm_fez,46,1347,correlated,85,2+,,6,2,8
dae2kq642tqs73au4qag,ibm_fez,46,1348,none,98,2+,,3,5,8
dae2kq642tqs73au4qag,ibm_fez,46,1349,static,57,2+,,2,6,8
dae2kq642tqs73au4qag,ibm_fez,46,1350,static,13,2+,,2,6,8
dae2kq642tqs73au4qag,ibm_fez,46,1351,none,124,2+,,3,5,8
dae2kq642tqs73au4qag,ibm_fez,46,1352,static,85,2-,,7,1,8
dae2kq642tqs73au4qag,ibm_fez,46,1353,static,13,2-,,8,0,8
dae2kq642tqs73au4qag,ibm_fez,46,1354,none,85,2+,,5,3,8
dae2kq642tqs73au4qag,ibm_fez,46,1355,correlated,87,2+,,6,2,8
dae2kq642tqs73au4qag,ibm_fez,46,1356,none,85,2-,,3,5,8
dae2kq642tqs73au4qag,ibm_fez,46,1357,correlated,13,2-,,7,1,8
dae2kq642tqs73au4qag,ibm_fez,46,1358,none,13,2-,,7,1,8
dae2kq642tqs73au4qag,ibm_fez,46,1359,none,124,2-,,4,4,8
dae2kq642tqs73au4qag,ibm_fez,46,1360,none,57,2-,,3,5,8
dae2kq642tqs73au4qag,ibm_fez,46,1361,static,85,2+,,0,8,8
dae2kq642tqs73au4qag,ibm_fez,46,1362,correlated,87,2-,,2,6,8
dae2kq642tqs73au4qag,ibm_fez,46,1363,correlated,124,2+,,6,2,8
dae2kq642tqs73au4qag,ibm_fez,46,1364,correlated,57,2+,,5,3,8
dae2kq642tqs73au4qag,ibm_fez,46,1365,correlated,13,2+,,0,8,8
dae2kq642tqs73au4qag,ibm_fez,46,1366,none,87,2+,,5,3,8
dae2kq642tqs73au4qag,ibm_fez,46,1367,reset,85,2+,,6,2,8
dae2kq642tqs73au4qag,ibm_fez,46,1368,correlated,98,2-,,2,6,8
dae2kq642tqs73au4qag,ibm_fez,46,1369,reset,124,2+,,1,7,8
dae2kq642tqs73au4qag,ibm_fez,46,1370,reset,13,2-,,8,0,8
dae2kq642tqs73au4qag,ibm_fez,46,1371,reset,57,2+,,0,8,8
dae2kq642tqs73au4qag,ibm_fez,46,1372,reset,87,2+,,7,1,8
dae2kq642tqs73au4qag,ibm_fez,46,1373,none,87,2-,,3,5,8
dae2kq642tqs73au4qag,ibm_fez,46,1374,correlated,57,2-,,7,1,8
dae2kq642tqs73au4qag,ibm_fez,46,1375,reset,85,2-,,5,3,8
dae2kq642tqs73au4qag,ibm_fez,46,1376,reset,13,2+,,3,5,8
dae2kq642tqs73au4qag,ibm_fez,46,1377,static,124,2-,,8,0,8
dae2kq642tqs73au4qag,ibm_fez,46,1378,,,,1,0,8,8
dae2kq642tqs73au4qag,ibm_fez,46,1379,none,4,+-,,8,0,8
dae2kq642tqs73au4qag,ibm_fez,46,1380,none,4,-+,,8,0,8
dae2kq642tqs73au4qag,ibm_fez,46,1381,static,4,-+,,7,1,8
dae2kq642tqs73au4qag,ibm_fez,46,1382,static,4,++,,7,1,8
dae2kq642tqs73au4qag,ibm_fez,46,1383,reset,4,++,,8,0,8
dae2kq642tqs73au4qag,ibm_fez,46,1384,none,4,--,,8,0,8
dae2kq642tqs73au4qag,ibm_fez,46,1385,static,4,--,,8,0,8
dae2kq642tqs73au4qag,ibm_fez,46,1386,correlated,4,-+,,8,0,8
dae2kq642tqs73au4qag,ibm_fez,46,1387,static,4,+-,,8,0,8
dae2kq642tqs73au4qag,ibm_fez,46,1388,none,4,++,,8,0,8
dae2kq642tqs73au4qag,ibm_fez,46,1389,correlated,4,--,,8,0,8
dae2kq642tqs73au4qag,ibm_fez,46,1390,reset,4,-+,,8,0,8
dae2kq642tqs73au4qag,ibm_fez,46,1391,correlated,4,++,,8,0,8
dae2kq642tqs73au4qag,ibm_fez,46,1392,reset,4,+-,,8,0,8
dae2kq642tqs73au4qag,ibm_fez,46,1393,correlated,4,+-,,8,0,8
dae2kq642tqs73au4qag,ibm_fez,46,1394,reset,4,--,,8,0,8
dae2kq642tqs73au4qag,ibm_fez,46,1395,,,,0,8,0,8
dae2kq642tqs73au4qag,ibm_fez,46,1396,,,,1,0,8,8
dae2kq642tqs73au4qag,ibm_fez,46,1397,,,,0,8,0,8
dae2kq642tqs73au4qag,ibm_fez,46,1398,,,,1,0,8,8
dae2kq642tqs73au4qag,ibm_fez,46,1399,none,119,++,,1,7,8
dae2kq642tqs73au4qag,ibm_fez,46,1400,correlated,119,--,,1,7,8
dae2kq642tqs73au4qag,ibm_fez,46,1401,static,119,++,,0,8,8
dae2kq642tqs73au4qag,ibm_fez,46,1402,correlated,119,-+,,8,0,8
dae2kq642tqs73au4qag,ibm_fez,46,1403,reset,119,+-,,8,0,8
dae2kq642tqs73au4qag,ibm_fez,46,1404,reset,119,++,,2,6,8
dae2kq642tqs73au4qag,ibm_fez,46,1405,static,119,--,,7,1,8
dae2kq642tqs73au4qag,ibm_fez,46,1406,static,119,+-,,7,1,8
dae2kq642tqs73au4qag,ibm_fez,46,1407,none,119,-+,,4,4,8
dae2kq642tqs73au4qag,ibm_fez,46,1408,reset,119,--,,5,3,8
dae2kq642tqs73au4qag,ibm_fez,46,1409,reset,119,-+,,0,8,8
dae2kq642tqs73au4qag,ibm_fez,46,1410,correlated,119,+-,,1,7,8
dae2kq642tqs73au4qag,ibm_fez,46,1411,none,119,+-,,3,5,8
dae2kq642tqs73au4qag,ibm_fez,46,1412,static,119,-+,,2,6,8
dae2kq642tqs73au4qag,ibm_fez,46,1413,none,119,--,,2,6,8
dae2kq642tqs73au4qag,ibm_fez,46,1414,correlated,119,++,,6,2,8
dae2kq642tqs73au4qag,ibm_fez,46,1415,,,,0,8,0,8
dae2kq642tqs73au4qag,ibm_fez,46,1416,,,,0,8,0,8
dae2kq642tqs73au4qag,ibm_fez,46,1417,static,38,1+,,1,7,8
dae2kq642tqs73au4qag,ibm_fez,46,1418,static,31,1-,,8,0,8
dae2kq642tqs73au4qag,ibm_fez,46,1419,correlated,52,1+,,1,7,8
dae2kq642tqs73au4qag,ibm_fez,46,1420,reset,52,1+,,3,5,8
dae2kq642tqs73au4qag,ibm_fez,46,1421,static,38,1-,,7,1,8
dae2kq642tqs73au4qag,ibm_fez,46,1422,reset,31,1+,,7,1,8
dae2kq642tqs73au4qag,ibm_fez,46,1423,correlated,121,1-,,1,7,8
dae2kq642tqs73au4qag,ibm_fez,46,1424,static,121,1+,,2,6,8
dae2kq642tqs73au4qag,ibm_fez,46,1425,none,12,2+,,4,4,8
dae2kq642tqs73au4qag,ibm_fez,46,1426,correlated,38,1+,,7,1,8
dae2kq642tqs73au4qag,ibm_fez,46,1427,none,121,1+,,6,2,8
dae2kq642tqs73au4qag,ibm_fez,46,1428,correlated,121,1+,,7,1,8
dae2kq642tqs73au4qag,ibm_fez,46,1429,none,31,1-,,5,3,8
dae2kq642tqs73au4qag,ibm_fez,46,1430,none,38,1+,,5,3,8
dae2kq642tqs73au4qag,ibm_fez,46,1431,reset,121,1-,,1,7,8
dae2kq642tqs73au4qag,ibm_fez,46,1432,none,65,1+,,3,5,8
dae2kq642tqs73au4qag,ibm_fez,46,1433,reset,38,1-,,1,7,8
dae2kq642tqs73au4qag,ibm_fez,46,1434,static,12,2+,,1,7,8
dae2kq642tqs73au4qag,ibm_fez,46,1435,reset,121,1+,,7,1,8
dae2kq642tqs73au4qag,ibm_fez,46,1436,none,65,1-,,3,5,8
dae2kq642tqs73au4qag,ibm_fez,46,1437,reset,65,1-,,6,2,8
dae2kq642tqs73au4qag,ibm_fez,46,1438,reset,38,1+,,8,0,8
dae2kq642tqs73au4qag,ibm_fez,46,1439,none,52,1+,,3,5,8
dae2kq642tqs73au4qag,ibm_fez,46,1440,reset,12,2-,,1,7,8
dae2kq642tqs73au4qag,ibm_fez,46,1441,correlated,65,1+,,1,7,8
dae2kq642tqs73au4qag,ibm_fez,46,1442,reset,12,2+,,6,2,8
dae2kq642tqs73au4qag,ibm_fez,46,1443,none,12,2-,,4,4,8
dae2kq642tqs73au4qag,ibm_fez,46,1444,correlated,31,1-,,0,8,8
dae2kq642tqs73au4qag,ibm_fez,46,1445,static,52,1-,,7,1,8
dae2kq642tqs73au4qag,ibm_fez,46,1446,correlated,38,1-,,2,6,8
dae2kq642tqs73au4qag,ibm_fez,46,1447,static,65,1+,,2,6,8
dae2kq642tqs73au4qag,ibm_fez,46,1448,correlated,12,2-,,0,8,8
dae2kq642tqs73au4qag,ibm_fez,46,1449,none,121,1-,,6,2,8
dae2kq642tqs73au4qag,ibm_fez,46,1450,none,31,1+,,2,6,8
dae2kq642tqs73au4qag,ibm_fez,46,1451,static,121,1-,,6,2,8
dae2kq642tqs73au4qag,ibm_fez,46,1452,static,65,1-,,7,1,8
dae2kq642tqs73au4qag,ibm_fez,46,1453,correlated,12,2+,,6,2,8
dae2kq642tqs73au4qag,ibm_fez,46,1454,correlated,65,1-,,6,2,8
dae2kq642tqs73au4qag,ibm_fez,46,1455,reset,65,1+,,3,5,8
dae2kq642tqs73au4qag,ibm_fez,46,1456,none,52,1-,,4,4,8
dae2kq642tqs73au4qag,ibm_fez,46,1457,reset,52,1-,,7,1,8
dae2kq642tqs73au4qag,ibm_fez,46,1458,none,38,1-,,2,6,8
dae2kq642tqs73au4qag,ibm_fez,46,1459,correlated,52,1-,,7,1,8
dae2kq642tqs73au4qag,ibm_fez,46,1460,static,52,1+,,2,6,8
dae2kq642tqs73au4qag,ibm_fez,46,1461,correlated,31,1+,,6,2,8
dae2kq642tqs73au4qag,ibm_fez,46,1462,reset,31,1-,,1,7,8
dae2kq642tqs73au4qag,ibm_fez,46,1463,static,12,2-,,5,3,8
dae2kq642tqs73au4qag,ibm_fez,46,1464,static,31,1+,,2,6,8
dae2kq642tqs73au4qag,ibm_fez,46,1465,,,,0,8,0,8
dae2kq642tqs73au4qag,ibm_fez,46,1466,none,61,+-,,6,2,8
dae2kq642tqs73au4qag,ibm_fez,46,1467,reset,61,+-,,7,1,8
dae2kq642tqs73au4qag,ibm_fez,46,1468,correlated,61,+-,,5,3,8
dae2kq642tqs73au4qag,ibm_fez,46,1469,none,61,--,,3,5,8
dae2kq642tqs73au4qag,ibm_fez,46,1470,static,61,-+,,3,5,8
dae2kq642tqs73au4qag,ibm_fez,46,1471,correlated,61,-+,,1,7,8
dae2kq642tqs73au4qag,ibm_fez,46,1472,reset,61,++,,1,7,8
dae2kq642tqs73au4qag,ibm_fez,46,1473,correlated,61,--,,5,3,8
dae2kq642tqs73au4qag,ibm_fez,46,1474,static,61,--,,5,3,8
dae2kq642tqs73au4qag,ibm_fez,46,1475,static,61,+-,,4,4,8
dae2kq642tqs73au4qag,ibm_fez,46,1476,correlated,61,++,,7,1,8
dae2kq642tqs73au4qag,ibm_fez,46,1477,none,61,-+,,2,6,8
dae2kq642tqs73au4qag,ibm_fez,46,1478,reset,61,--,,3,5,8
dae2kq642tqs73au4qag,ibm_fez,46,1479,none,61,++,,4,4,8
dae2kq642tqs73au4qag,ibm_fez,46,1480,static,61,++,,5,3,8
dae2kq642tqs73au4qag,ibm_fez,46,1481,reset,61,-+,,5,3,8
dae2kq642tqs73au4qag,ibm_fez,46,1482,static,90,-+,,0,8,8
dae2kq642tqs73au4qag,ibm_fez,46,1483,none,90,-+,,3,5,8
dae2kq642tqs73au4qag,ibm_fez,46,1484,correlated,90,-+,,1,7,8
dae2kq642tqs73au4qag,ibm_fez,46,1485,correlated,90,++,,2,6,8
dae2kq642tqs73au4qag,ibm_fez,46,1486,correlated,90,--,,7,1,8
dae2kq642tqs73au4qag,ibm_fez,46,1487,static,90,++,,3,5,8
dae2kq642tqs73au4qag,ibm_fez,46,1488,none,90,+-,,6,2,8
dae2kq642tqs73au4qag,ibm_fez,46,1489,correlated,90,+-,,8,0,8
dae2kq642tqs73au4qag,ibm_fez,46,1490,static,90,+-,,7,1,8
dae2kq642tqs73au4qag,ibm_fez,46,1491,none,90,++,,3,5,8
dae2kq642tqs73au4qag,ibm_fez,46,1492,reset,90,--,,6,2,8
dae2kq642tqs73au4qag,ibm_fez,46,1493,reset,90,-+,,1,7,8
dae2kq642tqs73au4qag,ibm_fez,46,1494,none,90,--,,2,6,8
dae2kq642tqs73au4qag,ibm_fez,46,1495,static,90,--,,7,1,8
dae2kq642tqs73au4qag,ibm_fez,46,1496,reset,90,++,,1,7,8
dae2kq642tqs73au4qag,ibm_fez,46,1497,reset,90,+-,,7,1,8
dae2kq642tqs73au4qag,ibm_fez,46,1498,,,,1,0,8,8
dae2kq642tqs73au4qag,ibm_fez,46,1499,,,,1,0,8,8
dae2kq642tqs73au4qag,ibm_fez,46,1500,,,,0,8,0,8
dae2kq642tqs73au4qag,ibm_fez,46,1501,static,5,1+,,0,8,8
dae2kq642tqs73au4qag,ibm_fez,46,1502,reset,39,1+,,0,8,8
dae2kq642tqs73au4qag,ibm_fez,46,1503,none,107,1+,,3,5,8
dae2kq642tqs73au4qag,ibm_fez,46,1504,none,5,1+,,2,6,8
dae2kq642tqs73au4qag,ibm_fez,46,1505,none,24,1+,,1,7,8
dae2kq642tqs73au4qag,ibm_fez,46,1506,correlated,69,2-,,6,2,8
dae2kq642tqs73au4qag,ibm_fez,46,1507,correlated,39,1+,,1,7,8
dae2kq642tqs73au4qag,ibm_fez,46,1508,none,73,2-,,3,5,8
dae2kq642tqs73au4qag,ibm_fez,46,1509,correlated,82,1-,,6,2,8
dae2kq642tqs73au4qag,ibm_fez,46,1510,static,51,2-,,7,1,8
dae2kq642tqs73au4qag,ibm_fez,46,1511,static,51,2+,,1,7,8
dae2kq642tqs73au4qag,ibm_fez,46,1512,none,24,1-,,4,4,8
dae2kq642tqs73au4qag,ibm_fez,46,1513,reset,24,1+,,1,7,8
dae2kq642tqs73au4qag,ibm_fez,46,1514,correlated,40,1-,,1,7,8
dae2kq642tqs73au4qag,ibm_fez,46,1515,static,107,1+,,1,7,8
dae2kq642tqs73au4qag,ibm_fez,46,1516,reset,108,2+,,0,8,8
dae2kq642tqs73au4qag,ibm_fez,46,1517,none,120,2+,,4,4,8
dae2kq642tqs73au4qag,ibm_fez,46,1518,correlated,116,2+,,2,6,8
dae2kq642tqs73au4qag,ibm_fez,46,1519,reset,116,2-,,7,1,8
dae2kq642tqs73au4qag,ibm_fez,46,1520,static,86,2+,,2,6,8
dae2kq642tqs73au4qag,ibm_fez,46,1521,static,13,1-,,6,2,8
dae2kq642tqs73au4qag,ibm_fez,46,1522,correlated,113,1+,,6,2,8
dae2kq642tqs73au4qag,ibm_fez,46,1523,none,86,2+,,3,5,8
dae2kq642tqs73au4qag,ibm_fez,46,1524,static,73,2+,,1,7,8
dae2kq642tqs73au4qag,ibm_fez,46,1525,reset,120,2+,,3,5,8
dae2kq642tqs73au4qag,ibm_fez,46,1526,none,107,1-,,3,5,8
dae2kq642tqs73au4qag,ibm_fez,46,1527,correlated,24,1-,,7,1,8
dae2kq642tqs73au4qag,ibm_fez,46,1528,correlated,120,2-,,3,5,8
dae2kq642tqs73au4qag,ibm_fez,46,1529,reset,116,2+,,4,4,8
dae2kq642tqs73au4qag,ibm_fez,46,1530,static,120,2+,,0,8,8
dae2kq642tqs73au4qag,ibm_fez,46,1531,reset,51,2+,,6,2,8
dae2kq642tqs73au4qag,ibm_fez,46,1532,reset,107,1+,,3,5,8
dae2kq642tqs73au4qag,ibm_fez,46,1533,reset,82,1-,,6,2,8
dae2kq642tqs73au4qag,ibm_fez,46,1534,reset,120,2-,,7,1,8
dae2kq642tqs73au4qag,ibm_fez,46,1535,correlated,108,2-,,0,8,8
dae2kq642tqs73au4qag,ibm_fez,46,1536,none,73,2+,,5,3,8
dae2kq642tqs73au4qag,ibm_fez,46,1537,static,108,2-,,5,3,8
dae2kq642tqs73au4qag,ibm_fez,46,1538,correlated,86,2-,,7,1,8
dae2kq642tqs73au4qag,ibm_fez,46,1539,static,5,1-,,7,1,8
dae2kq642tqs73au4qag,ibm_fez,46,1540,none,13,1+,,5,3,8
dae2kq642tqs73au4qag,ibm_fez,46,1541,correlated,13,1+,,1,7,8
dae2kq642tqs73au4qag,ibm_fez,46,1542,correlated,107,1+,,1,7,8
dae2kq642tqs73au4qag,ibm_fez,46,1543,static,113,1+,,4,4,8
dae2kq642tqs73au4qag,ibm_fez,46,1544,static,116,2+,,2,6,8
dae2kq642tqs73au4qag,ibm_fez,46,1545,none,107,2+,,4,4,8
dae2kq642tqs73au4qag,ibm_fez,46,1546,none,69,2+,,5,3,8
dae2kq642tqs73au4qag,ibm_fez,46,1547,none,86,2-,,3,5,8
dae2kq642tqs73au4qag,ibm_fez,46,1548,correlated,113,1-,,2,6,8
dae2kq642tqs73au4qag,ibm_fez,46,1549,reset,39,1-,,5,3,8
dae2kq642tqs73au4qag,ibm_fez,46,1550,reset,69,2+,,6,2,8
dae2kq642tqs73au4qag,ibm_fez,46,1551,correlated,73,2+,,5,3,8
dae2kq642tqs73au4qag,ibm_fez,46,1552,reset,82,1+,,1,7,8
dae2kq642tqs73au4qag,ibm_fez,46,1553,correlated,73,2-,,1,7,8
dae2kq642tqs73au4qag,ibm_fez,46,1554,static,40,1+,,1,7,8
dae2kq642tqs73au4qag,ibm_fez,46,1555,none,39,1+,,4,4,8
dae2kq642tqs73au4qag,ibm_fez,46,1556,none,108,2-,,5,3,8
dae2kq642tqs73au4qag,ibm_fez,46,1557,reset,113,1-,,3,5,8
dae2kq642tqs73au4qag,ibm_fez,46,1558,none,113,1+,,4,4,8
dae2kq642tqs73au4qag,ibm_fez,46,1559,reset,108,2-,,8,0,8
dae2kq642tqs73au4qag,ibm_fez,46,1560,correlated,51,2-,,0,8,8
dae2kq642tqs73au4qag,ibm_fez,46,1561,correlated,5,1-,,7,1,8
dae2kq642tqs73au4qag,ibm_fez,46,1562,reset,107,2-,,1,7,8
dae2kq642tqs73au4qag,ibm_fez,46,1563,reset,73,2+,,4,4,8
dae2kq642tqs73au4qag,ibm_fez,46,1564,reset,24,1-,,7,1,8
dae2kq642tqs73au4qag,ibm_fez,46,1565,correlated,107,1-,,7,1,8
dae2kq642tqs73au4qag,ibm_fez,46,1566,none,108,2+,,4,4,8
dae2kq642tqs73au4qag,ibm_fez,46,1567,static,107,1-,,6,2,8
dae2kq642tqs73au4qag,ibm_fez,46,1568,none,13,1-,,4,4,8
dae2kq642tqs73au4qag,ibm_fez,46,1569,none,69,2-,,3,5,8
dae2kq642tqs73au4qag,ibm_fez,46,1570,none,82,1+,,6,2,8
dae2kq642tqs73au4qag,ibm_fez,46,1571,correlated,82,1+,,2,6,8
dae2kq642tqs73au4qag,ibm_fez,46,1572,correlated,24,1+,,1,7,8
dae2kq642tqs73au4qag,ibm_fez,46,1573,none,51,2+,,3,5,8
dae2kq642tqs73au4qag,ibm_fez,46,1574,static,86,2-,,8,0,8
dae2kq642tqs73au4qag,ibm_fez,46,1575,static,116,2-,,5,3,8
dae2kq642tqs73au4qag,ibm_fez,46,1576,static,24,1-,,5,3,8
dae2kq642tqs73au4qag,ibm_fez,46,1577,correlated,51,2+,,8,0,8
dae2kq642tqs73au4qag,ibm_fez,46,1578,static,40,1-,,6,2,8
dae2kq642tqs73au4qag,ibm_fez,46,1579,correlated,116,2-,,8,0,8
dae2kq642tqs73au4qag,ibm_fez,46,1580,none,113,1-,,4,4,8
dae2kq642tqs73au4qag,ibm_fez,46,1581,correlated,5,1+,,2,6,8
dae2kq642tqs73au4qag,ibm_fez,46,1582,none,120,2-,,5,3,8
dae2kq642tqs73au4qag,ibm_fez,46,1583,static,82,1-,,5,3,8
dae2kq642tqs73au4qag,ibm_fez,46,1584,none,82,1-,,2,6,8
dae2kq642tqs73au4qag,ibm_fez,46,1585,reset,73,2-,,0,8,8
dae2kq642tqs73au4qag,ibm_fez,46,1586,static,13,1+,,1,7,8
dae2kq642tqs73au4qag,ibm_fez,46,1587,static,39,1+,,2,6,8
dae2kq642tqs73au4qag,ibm_fez,46,1588,none,39,1-,,4,4,8
dae2kq642tqs73au4qag,ibm_fez,46,1589,reset,5,1-,,8,0,8
dae2kq642tqs73au4qag,ibm_fez,46,1590,static,24,1+,,1,7,8
dae2kq642tqs73au4qag,ibm_fez,46,1591,correlated,107,2+,,0,8,8
dae2kq642tqs73au4qag,ibm_fez,46,1592,static,69,2-,,8,0,8
dae2kq642tqs73au4qag,ibm_fez,46,1593,static,39,1-,,7,1,8
dae2kq642tqs73au4qag,ibm_fez,46,1594,reset,107,1-,,7,1,8
dae2kq642tqs73au4qag,ibm_fez,46,1595,static,107,2+,,3,5,8
dae2kq642tqs73au4qag,ibm_fez,46,1596,none,5,1-,,5,3,8
dae2kq642tqs73au4qag,ibm_fez,46,1597,reset,13,1+,,0,8,8
dae2kq642tqs73au4qag,ibm_fez,46,1598,static,69,2+,,1,7,8
dae2kq642tqs73au4qag,ibm_fez,46,1599,correlated,86,2+,,1,7,8
dae2kq642tqs73au4qag,ibm_fez,46,1600,correlated,39,1-,,6,2,8
dae2kq642tqs73au4qag,ibm_fez,46,1601,correlated,120,2+,,4,4,8
dae2kq642tqs73au4qag,ibm_fez,46,1602,reset,113,1+,,7,1,8
dae2kq642tqs73au4qag,ibm_fez,46,1603,reset,69,2-,,2,6,8
dae2kq642tqs73au4qag,ibm_fez,46,1604,static,107,2-,,7,1,8
dae2kq642tqs73au4qag,ibm_fez,46,1605,reset,51,2-,,2,6,8
dae2kq642tqs73au4qag,ibm_fez,46,1606,correlated,107,2-,,8,0,8
dae2kq642tqs73au4qag,ibm_fez,46,1607,reset,5,1+,,0,8,8
dae2kq642tqs73au4qag,ibm_fez,46,1608,none,116,2-,,3,5,8
dae2kq642tqs73au4qag,ibm_fez,46,1609,correlated,69,2+,,3,5,8
dae2kq642tqs73au4qag,ibm_fez,46,1610,none,40,1-,,5,3,8
dae2kq642tqs73au4qag,ibm_fez,46,1611,none,107,2-,,5,3,8
dae2kq642tqs73au4qag,ibm_fez,46,1612,correlated,13,1-,,6,2,8
dae2kq642tqs73au4qag,ibm_fez,46,1613,reset,86,2-,,7,1,8
dae2kq642tqs73au4qag,ibm_fez,46,1614,reset,107,2+,,6,2,8
dae2kq642tqs73au4qag,ibm_fez,46,1615,none,40,1+,,6,2,8
dae2kq642tqs73au4qag,ibm_fez,46,1616,none,51,2-,,5,3,8
dae2kq642tqs73au4qag,ibm_fez,46,1617,reset,40,1+,,6,2,8
dae2kq642tqs73au4qag,ibm_fez,46,1618,static,113,1-,,7,1,8
dae2kq642tqs73au4qag,ibm_fez,46,1619,correlated,108,2+,,4,4,8
dae2kq642tqs73au4qag,ibm_fez,46,1620,static,108,2+,,0,8,8
dae2kq642tqs73au4qag,ibm_fez,46,1621,reset,40,1-,,1,7,8
dae2kq642tqs73au4qag,ibm_fez,46,1622,correlated,40,1+,,8,0,8
dae2kq642tqs73au4qag,ibm_fez,46,1623,reset,86,2+,,1,7,8
dae2kq642tqs73au4qag,ibm_fez,46,1624,static,73,2-,,7,1,8
dae2kq642tqs73au4qag,ibm_fez,46,1625,reset,13,1-,,6,2,8
dae2kq642tqs73au4qag,ibm_fez,46,1626,none,116,2+,,6,2,8
dae2kq642tqs73au4qag,ibm_fez,46,1627,static,120,2-,,7,1,8
dae2kq642tqs73au4qag,ibm_fez,46,1628,static,82,1+,,1,7,8
dae2kq642tqs73au4qag,ibm_fez,46,1629,,,,1,0,8,8
dae2kq642tqs73au4qag,ibm_fez,46,1630,,,,1,0,8,8
dae2kq642tqs73au4qag,ibm_fez,46,1631,correlated,110,++,,8,0,8
dae2kq642tqs73au4qag,ibm_fez,46,1632,static,110,++,,8,0,8
dae2kq642tqs73au4qag,ibm_fez,46,1633,reset,110,--,,8,0,8
dae2kq642tqs73au4qag,ibm_fez,46,1634,static,110,-+,,7,1,8
dae2kq642tqs73au4qag,ibm_fez,46,1635,reset,110,-+,,8,0,8
dae2kq642tqs73au4qag,ibm_fez,46,1636,none,110,--,,8,0,8
dae2kq642tqs73au4qag,ibm_fez,46,1637,correlated,110,+-,,8,0,8
dae2kq642tqs73au4qag,ibm_fez,46,1638,reset,110,+-,,8,0,8
dae2kq642tqs73au4qag,ibm_fez,46,1639,none,110,+-,,8,0,8
dae2kq642tqs73au4qag,ibm_fez,46,1640,none,110,++,,8,0,8
dae2kq642tqs73au4qag,ibm_fez,46,1641,correlated,110,--,,8,0,8
dae2kq642tqs73au4qag,ibm_fez,46,1642,none,110,-+,,8,0,8
dae2kq642tqs73au4qag,ibm_fez,46,1643,static,110,+-,,8,0,8
dae2kq642tqs73au4qag,ibm_fez,46,1644,reset,110,++,,8,0,8
dae2kq642tqs73au4qag,ibm_fez,46,1645,static,110,--,,8,0,8
dae2kq642tqs73au4qag,ibm_fez,46,1646,correlated,110,-+,,7,1,8
dae2kq642tqs73au4qag,ibm_fez,46,1647,correlated,105,-+,,8,0,8
dae2kq642tqs73au4qag,ibm_fez,46,1648,static,105,-+,,8,0,8
dae2kq642tqs73au4qag,ibm_fez,46,1649,reset,105,-+,,8,0,8
dae2kq642tqs73au4qag,ibm_fez,46,1650,static,105,++,,8,0,8
dae2kq642tqs73au4qag,ibm_fez,46,1651,static,105,--,,8,0,8
dae2kq642tqs73au4qag,ibm_fez,46,1652,correlated,105,--,,8,0,8
dae2kq642tqs73au4qag,ibm_fez,46,1653,none,105,--,,8,0,8
dae2kq642tqs73au4qag,ibm_fez,46,1654,reset,105,+-,,8,0,8
dae2kq642tqs73au4qag,ibm_fez,46,1655,static,105,+-,,8,0,8
dae2kq642tqs73au4qag,ibm_fez,46,1656,none,105,++,,8,0,8
dae2kq642tqs73au4qag,ibm_fez,46,1657,correlated,105,+-,,8,0,8
dae2kq642tqs73au4qag,ibm_fez,46,1658,reset,105,--,,8,0,8
dae2kq642tqs73au4qag,ibm_fez,46,1659,reset,105,++,,8,0,8
dae2kq642tqs73au4qag,ibm_fez,46,1660,none,105,+-,,8,0,8
dae2kq642tqs73au4qag,ibm_fez,46,1661,correlated,105,++,,8,0,8
dae2kq642tqs73au4qag,ibm_fez,46,1662,none,105,-+,,8,0,8
dae2kq642tqs73au4qag,ibm_fez,46,1663,reset,94,--,,1,7,8
dae2kq642tqs73au4qag,ibm_fez,46,1664,none,94,+-,,6,2,8
dae2kq642tqs73au4qag,ibm_fez,46,1665,correlated,94,+-,,1,7,8
dae2kq642tqs73au4qag,ibm_fez,46,1666,none,94,-+,,5,3,8
dae2kq642tqs73au4qag,ibm_fez,46,1667,correlated,94,++,,6,2,8
dae2kq642tqs73au4qag,ibm_fez,46,1668,none,94,--,,3,5,8
dae2kq642tqs73au4qag,ibm_fez,46,1669,correlated,94,-+,,7,1,8
dae2kq642tqs73au4qag,ibm_fez,46,1670,static,104,+-,,6,2,8
dae2kq642tqs73au4qag,ibm_fez,46,1671,reset,94,-+,,8,0,8
dae2kq642tqs73au4qag,ibm_fez,46,1672,reset,104,++,,8,0,8
dae2kq642tqs73au4qag,ibm_fez,46,1673,reset,94,++,,6,2,8
dae2kq642tqs73au4qag,ibm_fez,46,1674,static,94,-+,,0,8,8
dae2kq642tqs73au4qag,ibm_fez,46,1675,correlated,104,--,,7,1,8
dae2kq642tqs73au4qag,ibm_fez,46,1676,static,104,--,,8,0,8
dae2kq642tqs73au4qag,ibm_fez,46,1677,none,94,++,,5,3,8
dae2kq642tqs73au4qag,ibm_fez,46,1678,reset,104,-+,,8,0,8
dae2kq642tqs73au4qag,ibm_fez,46,1679,static,94,--,,6,2,8
dae2kq642tqs73au4qag,ibm_fez,46,1680,none,104,--,,4,4,8
dae2kq642tqs73au4qag,ibm_fez,46,1681,none,104,+-,,5,3,8
dae2kq642tqs73au4qag,ibm_fez,46,1682,correlated,94,--,,0,8,8
dae2kq642tqs73au4qag,ibm_fez,46,1683,none,104,-+,,4,4,8
dae2kq642tqs73au4qag,ibm_fez,46,1684,reset,104,+-,,2,6,8
dae2kq642tqs73au4qag,ibm_fez,46,1685,reset,104,--,,1,7,8
dae2kq642tqs73au4qag,ibm_fez,46,1686,static,104,++,,4,4,8
dae2kq642tqs73au4qag,ibm_fez,46,1687,static,94,+-,,5,3,8
dae2kq642tqs73au4qag,ibm_fez,46,1688,none,104,++,,2,6,8
dae2kq642tqs73au4qag,ibm_fez,46,1689,static,94,++,,0,8,8
dae2kq642tqs73au4qag,ibm_fez,46,1690,correlated,104,++,,3,5,8
dae2kq642tqs73au4qag,ibm_fez,46,1691,correlated,104,+-,,3,5,8
dae2kq642tqs73au4qag,ibm_fez,46,1692,reset,94,+-,,3,5,8
dae2kq642tqs73au4qag,ibm_fez,46,1693,static,104,-+,,2,6,8
dae2kq642tqs73au4qag,ibm_fez,46,1694,correlated,104,-+,,2,6,8
dae2kq642tqs73au4qag,ibm_fez,46,1695,correlated,43,-+,,6,2,8
dae2kq642tqs73au4qag,ibm_fez,46,1696,reset,43,++,,2,6,8
dae2kq642tqs73au4qag,ibm_fez,46,1697,static,43,--,,3,5,8
dae2kq642tqs73au4qag,ibm_fez,46,1698,correlated,43,--,,7,1,8
dae2kq642tqs73au4qag,ibm_fez,46,1699,none,43,++,,0,8,8
dae2kq642tqs73au4qag,ibm_fez,46,1700,none,43,-+,,8,0,8
dae2kq642tqs73au4qag,ibm_fez,46,1701,static,43,+-,,6,2,8
dae2kq642tqs73au4qag,ibm_fez,46,1702,correlated,43,++,,3,5,8
dae2kq642tqs73au4qag,ibm_fez,46,1703,reset,43,--,,0,8,8
dae2kq642tqs73au4qag,ibm_fez,46,1704,correlated,43,+-,,4,4,8
dae2kq642tqs73au4qag,ibm_fez,46,1705,static,43,-+,,4,4,8
dae2kq642tqs73au4qag,ibm_fez,46,1706,reset,43,+-,,8,0,8
dae2kq642tqs73au4qag,ibm_fez,46,1707,static,43,++,,5,3,8
dae2kq642tqs73au4qag,ibm_fez,46,1708,none,43,--,,1,7,8
dae2kq642tqs73au4qag,ibm_fez,46,1709,reset,43,-+,,8,0,8
dae2kq642tqs73au4qag,ibm_fez,46,1710,none,43,+-,,7,1,8
dae2kq642tqs73au4qag,ibm_fez,46,1711,none,99,1+,,3,5,8
dae2kq642tqs73au4qag,ibm_fez,46,1712,none,123,2+,,3,5,8
dae2kq642tqs73au4qag,ibm_fez,46,1713,static,102,2+,,2,6,8
dae2kq642tqs73au4qag,ibm_fez,46,1714,correlated,71,2+,,8,0,8
dae2kq642tqs73au4qag,ibm_fez,46,1715,reset,100,2+,,1,7,8
dae2kq642tqs73au4qag,ibm_fez,46,1716,correlated,123,2+,,1,7,8
dae2kq642tqs73au4qag,ibm_fez,46,1717,reset,123,2+,,0,8,8
dae2kq642tqs73au4qag,ibm_fez,46,1718,static,21,1+,,0,8,8
dae2kq642tqs73au4qag,ibm_fez,46,1719,static,71,2+,,1,7,8
dae2kq642tqs73au4qag,ibm_fez,46,1720,correlated,0,1-,,8,0,8
dae2kq642tqs73au4qag,ibm_fez,46,1721,correlated,100,2-,,5,3,8
dae2kq642tqs73au4qag,ibm_fez,46,1722,static,19,2-,,5,3,8
dae2kq642tqs73au4qag,ibm_fez,46,1723,reset,21,1-,,7,1,8
dae2kq642tqs73au4qag,ibm_fez,46,1724,reset,67,1+,,5,3,8
dae2kq642tqs73au4qag,ibm_fez,46,1725,correlated,67,1-,,2,6,8
dae2kq642tqs73au4qag,ibm_fez,46,1726,correlated,21,1-,,7,1,8
dae2kq642tqs73au4qag,ibm_fez,46,1727,none,99,1-,,4,4,8
dae2kq642tqs73au4qag,ibm_fez,46,1728,correlated,91,2-,,1,7,8
dae2kq642tqs73au4qag,ibm_fez,46,1729,reset,102,2+,,4,4,8
dae2kq642tqs73au4qag,ibm_fez,46,1730,none,71,2+,,1,7,8
dae2kq642tqs73au4qag,ibm_fez,46,1731,none,100,2-,,4,4,8
dae2kq642tqs73au4qag,ibm_fez,46,1732,none,104,2+,,5,3,8
dae2kq642tqs73au4qag,ibm_fez,46,1733,static,0,1-,,6,2,8
dae2kq642tqs73au4qag,ibm_fez,46,1734,static,123,2+,,1,7,8
dae2kq642tqs73au4qag,ibm_fez,46,1735,correlated,99,1+,,2,6,8
dae2kq642tqs73au4qag,ibm_fez,46,1736,reset,71,2+,,2,6,8
dae2kq642tqs73au4qag,ibm_fez,46,1737,correlated,91,2+,,7,1,8
dae2kq642tqs73au4qag,ibm_fez,46,1738,none,91,2+,,2,6,8
dae2kq642tqs73au4qag,ibm_fez,46,1739,reset,94,2+,,6,2,8
dae2kq642tqs73au4qag,ibm_fez,46,1740,none,102,2+,,2,6,8
dae2kq642tqs73au4qag,ibm_fez,46,1741,static,94,2+,,1,7,8
dae2kq642tqs73au4qag,ibm_fez,46,1742,reset,0,1+,,3,5,8
dae2kq642tqs73au4qag,ibm_fez,46,1743,static,67,1+,,2,6,8
dae2kq642tqs73au4qag,ibm_fez,46,1744,reset,104,2-,,2,6,8
dae2kq642tqs73au4qag,ibm_fez,46,1745,static,99,1-,,7,1,8
dae2kq642tqs73au4qag,ibm_fez,46,1746,static,123,2-,,5,3,8
dae2kq642tqs73au4qag,ibm_fez,46,1747,correlated,94,2+,,8,0,8
dae2kq642tqs73au4qag,ibm_fez,46,1748,none,102,2-,,5,3,8
dae2kq642tqs73au4qag,ibm_fez,46,1749,reset,102,2-,,7,1,8
dae2kq642tqs73au4qag,ibm_fez,46,1750,reset,19,2+,,0,8,8
dae2kq642tqs73au4qag,ibm_fez,46,1751,none,67,1-,,3,5,8
dae2kq642tqs73au4qag,ibm_fez,46,1752,none,19,2-,,3,5,8
dae2kq642tqs73au4qag,ibm_fez,46,1753,none,21,1-,,4,4,8
dae2kq642tqs73au4qag,ibm_fez,46,1754,none,94,2-,,2,6,8
dae2kq642tqs73au4qag,ibm_fez,46,1755,correlated,67,1+,,5,3,8
dae2kq642tqs73au4qag,ibm_fez,46,1756,reset,99,1-,,7,1,8
dae2kq642tqs73au4qag,ibm_fez,46,1757,none,123,2-,,4,4,8
dae2kq642tqs73au4qag,ibm_fez,46,1758,reset,99,1+,,1,7,8
dae2kq642tqs73au4qag,ibm_fez,46,1759,none,91,2-,,4,4,8
dae2kq642tqs73au4qag,ibm_fez,46,1760,static,19,2+,,2,6,8
dae2kq642tqs73au4qag,ibm_fez,46,1761,none,71,2-,,8,0,8
dae2kq642tqs73au4qag,ibm_fez,46,1762,correlated,100,2+,,1,7,8
dae2kq642tqs73au4qag,ibm_fez,46,1763,none,0,1+,,6,2,8
dae2kq642tqs73au4qag,ibm_fez,46,1764,static,67,1-,,6,2,8
dae2kq642tqs73au4qag,ibm_fez,46,1765,correlated,104,2-,,5,3,8
dae2kq642tqs73au4qag,ibm_fez,46,1766,reset,100,2-,,6,2,8
dae2kq642tqs73au4qag,ibm_fez,46,1767,reset,19,2-,,7,1,8
dae2kq642tqs73au4qag,ibm_fez,46,1768,none,104,2-,,3,5,8
dae2kq642tqs73au4qag,ibm_fez,46,1769,none,21,1+,,5,3,8
dae2kq642tqs73au4qag,ibm_fez,46,1770,reset,67,1-,,1,7,8
dae2kq642tqs73au4qag,ibm_fez,46,1771,static,102,2-,,6,2,8
dae2kq642tqs73au4qag,ibm_fez,46,1772,static,100,2+,,2,6,8
dae2kq642tqs73au4qag,ibm_fez,46,1773,correlated,99,1-,,8,0,8
dae2kq642tqs73au4qag,ibm_fez,46,1774,correlated,21,1+,,1,7,8
dae2kq642tqs73au4qag,ibm_fez,46,1775,static,104,2-,,6,2,8
dae2kq642tqs73au4qag,ibm_fez,46,1776,correlated,102,2-,,6,2,8
dae2kq642tqs73au4qag,ibm_fez,46,1777,none,67,1+,,2,6,8
dae2kq642tqs73au4qag,ibm_fez,46,1778,correlated,123,2-,,6,2,8
dae2kq642tqs73au4qag,ibm_fez,46,1779,reset,94,2-,,3,5,8
dae2kq642tqs73au4qag,ibm_fez,46,1780,correlated,19,2-,,2,6,8
dae2kq642tqs73au4qag,ibm_fez,46,1781,reset,71,2-,,7,1,8
dae2kq642tqs73au4qag,ibm_fez,46,1782,reset,91,2-,,6,2,8
dae2kq642tqs73au4qag,ibm_fez,46,1783,static,91,2+,,1,7,8
dae2kq642tqs73au4qag,ibm_fez,46,1784,reset,104,2+,,7,1,8
dae2kq642tqs73au4qag,ibm_fez,46,1785,reset,123,2-,,7,1,8
dae2kq642tqs73au4qag,ibm_fez,46,1786,none,94,2+,,4,4,8
dae2kq642tqs73au4qag,ibm_fez,46,1787,correlated,94,2-,,1,7,8
dae2kq642tqs73au4qag,ibm_fez,46,1788,static,0,1+,,3,5,8
dae2kq642tqs73au4qag,ibm_fez,46,1789,correlated,0,1+,,1,7,8
dae2kq642tqs73au4qag,ibm_fez,46,1790,reset,21,1+,,1,7,8
dae2kq642tqs73au4qag,ibm_fez,46,1791,none,0,1-,,2,6,8
dae2kq642tqs73au4qag,ibm_fez,46,1792,static,21,1-,,6,2,8
dae2kq642tqs73au4qag,ibm_fez,46,1793,correlated,19,2+,,7,1,8
dae2kq642tqs73au4qag,ibm_fez,46,1794,none,19,2+,,5,3,8
dae2kq642tqs73au4qag,ibm_fez,46,1795,static,94,2-,,5,3,8
dae2kq642tqs73au4qag,ibm_fez,46,1796,correlated,71,2-,,1,7,8
dae2kq642tqs73au4qag,ibm_fez,46,1797,correlated,102,2+,,2,6,8
dae2kq642tqs73au4qag,ibm_fez,46,1798,correlated,104,2+,,1,7,8
dae2kq642tqs73au4qag,ibm_fez,46,1799,reset,0,1-,,3,5,8
dae2kq642tqs73au4qag,ibm_fez,46,1800,static,104,2+,,3,5,8
dae2kq642tqs73au4qag,ibm_fez,46,1801,static,71,2-,,7,1,8
dae2kq642tqs73au4qag,ibm_fez,46,1802,static,99,1+,,1,7,8
dae2kq642tqs73au4qag,ibm_fez,46,1803,static,100,2-,,7,1,8
dae2kq642tqs73au4qag,ibm_fez,46,1804,reset,91,2+,,1,7,8
dae2kq642tqs73au4qag,ibm_fez,46,1805,none,100,2+,,6,2,8
dae2kq642tqs73au4qag,ibm_fez,46,1806,static,91,2-,,8,0,8
dae2kq642tqs73au4qag,ibm_fez,46,1807,static,33,2+,,1,7,8
dae2kq642tqs73au4qag,ibm_fez,46,1808,none,106,2-,,2,6,8
dae2kq642tqs73au4qag,ibm_fez,46,1809,correlated,106,2+,,0,8,8
dae2kq642tqs73au4qag,ibm_fez,46,1810,static,91,1+,,0,8,8
dae2kq642tqs73au4qag,ibm_fez,46,1811,correlated,6,2+,,1,7,8
dae2kq642tqs73au4qag,ibm_fez,46,1812,correlated,81,1+,,6,2,8
dae2kq642tqs73au4qag,ibm_fez,46,1813,none,106,2+,,3,5,8
dae2kq642tqs73au4qag,ibm_fez,46,1814,reset,62,2+,,2,6,8
dae2kq642tqs73au4qag,ibm_fez,46,1815,correlated,106,1+,,1,7,8
dae2kq642tqs73au4qag,ibm_fez,46,1816,none,81,1+,,2,6,8
dae2kq642tqs73au4qag,ibm_fez,46,1817,none,91,1+,,4,4,8
dae2kq642tqs73au4qag,ibm_fez,46,1818,none,106,1-,,6,2,8
dae2kq642tqs73au4qag,ibm_fez,46,1819,reset,106,2+,,0,8,8
dae2kq642tqs73au4qag,ibm_fez,46,1820,reset,62,2-,,5,3,8
dae2kq642tqs73au4qag,ibm_fez,46,1821,reset,6,2+,,1,7,8
dae2kq642tqs73au4qag,ibm_fez,46,1822,reset,106,1-,,8,0,8
dae2kq642tqs73au4qag,ibm_fez,46,1823,reset,33,2+,,6,2,8
dae2kq642tqs73au4qag,ibm_fez,46,1824,static,106,2-,,7,1,8
dae2kq642tqs73au4qag,ibm_fez,46,1825,none,62,2+,,4,4,8
dae2kq642tqs73au4qag,ibm_fez,46,1826,reset,33,2-,,3,5,8
dae2kq642tqs73au4qag,ibm_fez,46,1827,correlated,33,2-,,8,0,8
dae2kq642tqs73au4qag,ibm_fez,46,1828,static,106,1-,,8,0,8
dae2kq642tqs73au4qag,ibm_fez,46,1829,correlated,81,1-,,3,5,8
dae2kq642tqs73au4qag,ibm_fez,46,1830,correlated,91,1-,,1,7,8
dae2kq642tqs73au4qag,ibm_fez,46,1831,none,106,1+,,4,4,8
dae2kq642tqs73au4qag,ibm_fez,46,1832,static,91,1-,,7,1,8
dae2kq642tqs73au4qag,ibm_fez,46,1833,static,6,2-,,7,1,8
dae2kq642tqs73au4qag,ibm_fez,46,1834,reset,106,2-,,7,1,8
dae2kq642tqs73au4qag,ibm_fez,46,1835,none,33,2+,,6,2,8
dae2kq642tqs73au4qag,ibm_fez,46,1836,none,62,2-,,1,7,8
dae2kq642tqs73au4qag,ibm_fez,46,1837,reset,6,2-,,7,1,8
dae2kq642tqs73au4qag,ibm_fez,46,1838,reset,81,1-,,3,5,8
dae2kq642tqs73au4qag,ibm_fez,46,1839,static,62,2-,,6,2,8
dae2kq642tqs73au4qag,ibm_fez,46,1840,static,81,1+,,1,7,8
dae2kq642tqs73au4qag,ibm_fez,46,1841,correlated,106,2-,,8,0,8
dae2kq642tqs73au4qag,ibm_fez,46,1842,static,6,2+,,1,7,8
dae2kq642tqs73au4qag,ibm_fez,46,1843,static,62,2+,,4,4,8
dae2kq642tqs73au4qag,ibm_fez,46,1844,none,6,2-,,5,3,8
dae2kq642tqs73au4qag,ibm_fez,46,1845,none,6,2+,,5,3,8
dae2kq642tqs73au4qag,ibm_fez,46,1846,static,106,1+,,0,8,8
dae2kq642tqs73au4qag,ibm_fez,46,1847,reset,106,1+,,3,5,8
dae2kq642tqs73au4qag,ibm_fez,46,1848,static,106,2+,,0,8,8
dae2kq642tqs73au4qag,ibm_fez,46,1849,correlated,62,2-,,7,1,8
dae2kq642tqs73au4qag,ibm_fez,46,1850,static,33,2-,,1,7,8
dae2kq642tqs73au4qag,ibm_fez,46,1851,correlated,6,2-,,5,3,8
dae2kq642tqs73au4qag,ibm_fez,46,1852,reset,91,1+,,7,1,8
dae2kq642tqs73au4qag,ibm_fez,46,1853,none,91,1-,,4,4,8
dae2kq642tqs73au4qag,ibm_fez,46,1854,static,81,1-,,7,1,8
dae2kq642tqs73au4qag,ibm_fez,46,1855,correlated,106,1-,,6,2,8
dae2kq642tqs73au4qag,ibm_fez,46,1856,correlated,33,2+,,1,7,8
dae2kq642tqs73au4qag,ibm_fez,46,1857,correlated,91,1+,,5,3,8
dae2kq642tqs73au4qag,ibm_fez,46,1858,none,33,2-,,6,2,8
dae2kq642tqs73au4qag,ibm_fez,46,1859,reset,91,1-,,2,6,8
dae2kq642tqs73au4qag,ibm_fez,46,1860,correlated,62,2+,,1,7,8
dae2kq642tqs73au4qag,ibm_fez,46,1861,reset,81,1+,,6,2,8
dae2kq642tqs73au4qag,ibm_fez,46,1862,none,81,1-,,4,4,8
dae2kq642tqs73au4qag,ibm_fez,46,1863,static,59,+-,,6,2,8
dae2kq642tqs73au4qag,ibm_fez,46,1864,static,59,++,,7,1,8
dae2kq642tqs73au4qag,ibm_fez,46,1865,correlated,59,++,,6,2,8
dae2kq642tqs73au4qag,ibm_fez,46,1866,reset,59,--,,3,5,8
dae2kq642tqs73au4qag,ibm_fez,46,1867,reset,59,+-,,7,1,8
dae2kq642tqs73au4qag,ibm_fez,46,1868,none,59,--,,3,5,8
dae2kq642tqs73au4qag,ibm_fez,46,1869,none,59,+-,,5,3,8
dae2kq642tqs73au4qag,ibm_fez,46,1870,correlated,59,--,,7,1,8
dae2kq642tqs73au4qag,ibm_fez,46,1871,static,59,-+,,3,5,8
dae2kq642tqs73au4qag,ibm_fez,46,1872,reset,59,-+,,4,4,8
dae2kq642tqs73au4qag,ibm_fez,46,1873,static,59,--,,6,2,8
dae2kq642tqs73au4qag,ibm_fez,46,1874,correlated,59,-+,,0,8,8
dae2kq642tqs73au4qag,ibm_fez,46,1875,reset,59,++,,4,4,8
dae2kq642tqs73au4qag,ibm_fez,46,1876,none,59,-+,,5,3,8
dae2kq642tqs73au4qag,ibm_fez,46,1877,correlated,59,+-,,1,7,8
dae2kq642tqs73au4qag,ibm_fez,46,1878,none,59,++,,1,7,8
dae2kq642tqs73au4qag,ibm_fez,46,1879,,,,1,0,8,8
dae2kq642tqs73au4qag,ibm_fez,46,1880,reset,30,++,,7,1,8
dae2kq642tqs73au4qag,ibm_fez,46,1881,correlated,23,++,,8,0,8
dae2kq642tqs73au4qag,ibm_fez,46,1882,none,30,+-,,4,4,8
dae2kq642tqs73au4qag,ibm_fez,46,1883,static,30,--,,8,0,8
dae2kq642tqs73au4qag,ibm_fez,46,1884,none,30,-+,,4,4,8
dae2kq642tqs73au4qag,ibm_fez,46,1885,static,23,-+,,3,5,8
dae2kq642tqs73au4qag,ibm_fez,46,1886,none,23,-+,,3,5,8
dae2kq642tqs73au4qag,ibm_fez,46,1887,correlated,30,-+,,1,7,8
dae2kq642tqs73au4qag,ibm_fez,46,1888,reset,30,+-,,1,7,8
dae2kq642tqs73au4qag,ibm_fez,46,1889,correlated,30,++,,1,7,8
dae2kq642tqs73au4qag,ibm_fez,46,1890,static,30,-+,,1,7,8
dae2kq642tqs73au4qag,ibm_fez,46,1891,static,23,+-,,8,0,8
dae2kq642tqs73au4qag,ibm_fez,46,1892,reset,23,-+,,3,5,8
dae2kq642tqs73au4qag,ibm_fez,46,1893,none,23,++,,2,6,8
dae2kq642tqs73au4qag,ibm_fez,46,1894,none,30,--,,4,4,8
dae2kq642tqs73au4qag,ibm_fez,46,1895,correlated,30,--,,7,1,8
dae2kq642tqs73au4qag,ibm_fez,46,1896,static,23,++,,1,7,8
dae2kq642tqs73au4qag,ibm_fez,46,1897,none,23,--,,5,3,8
dae2kq642tqs73au4qag,ibm_fez,46,1898,reset,30,-+,,8,0,8
dae2kq642tqs73au4qag,ibm_fez,46,1899,reset,23,--,,7,1,8
dae2kq642tqs73au4qag,ibm_fez,46,1900,none,23,+-,,5,3,8
dae2kq642tqs73au4qag,ibm_fez,46,1901,reset,23,++,,2,6,8
dae2kq642tqs73au4qag,ibm_fez,46,1902,reset,23,+-,,7,1,8
dae2kq642tqs73au4qag,ibm_fez,46,1903,reset,30,--,,1,7,8
dae2kq642tqs73au4qag,ibm_fez,46,1904,correlated,23,+-,,3,5,8
dae2kq642tqs73au4qag,ibm_fez,46,1905,static,30,++,,1,7,8
dae2kq642tqs73au4qag,ibm_fez,46,1906,correlated,23,-+,,7,1,8
dae2kq642tqs73au4qag,ibm_fez,46,1907,correlated,30,+-,,5,3,8
dae2kq642tqs73au4qag,ibm_fez,46,1908,static,23,--,,4,4,8
dae2kq642tqs73au4qag,ibm_fez,46,1909,correlated,23,--,,0,8,8
dae2kq642tqs73au4qag,ibm_fez,46,1910,none,30,++,,6,2,8
dae2kq642tqs73au4qag,ibm_fez,46,1911,static,30,+-,,4,4,8
dae2kq642tqs73au4qag,ibm_fez,46,1912,correlated,89,-+,,8,0,8
dae2kq642tqs73au4qag,ibm_fez,46,1913,reset,89,-+,,6,2,8
dae2kq642tqs73au4qag,ibm_fez,46,1914,reset,89,++,,2,6,8
dae2kq642tqs73au4qag,ibm_fez,46,1915,reset,89,+-,,3,5,8
dae2kq642tqs73au4qag,ibm_fez,46,1916,none,89,-+,,3,5,8
dae2kq642tqs73au4qag,ibm_fez,46,1917,static,22,--,,8,0,8
dae2kq642tqs73au4qag,ibm_fez,46,1918,none,89,+-,,5,3,8
dae2kq642tqs73au4qag,ibm_fez,46,1919,static,22,++,,2,6,8
dae2kq642tqs73au4qag,ibm_fez,46,1920,none,22,-+,,7,1,8
dae2kq642tqs73au4qag,ibm_fez,46,1921,static,89,++,,3,5,8
dae2kq642tqs73au4qag,ibm_fez,46,1922,correlated,22,-+,,0,8,8
dae2kq642tqs73au4qag,ibm_fez,46,1923,correlated,89,+-,,1,7,8
dae2kq642tqs73au4qag,ibm_fez,46,1924,static,89,--,,7,1,8
dae2kq642tqs73au4qag,ibm_fez,46,1925,reset,22,+-,,6,2,8
dae2kq642tqs73au4qag,ibm_fez,46,1926,none,89,--,,4,4,8
dae2kq642tqs73au4qag,ibm_fez,46,1927,correlated,22,--,,1,7,8
dae2kq642tqs73au4qag,ibm_fez,46,1928,static,89,-+,,8,0,8
dae2kq642tqs73au4qag,ibm_fez,46,1929,correlated,89,--,,8,0,8
dae2kq642tqs73au4qag,ibm_fez,46,1930,correlated,89,++,,1,7,8
dae2kq642tqs73au4qag,ibm_fez,46,1931,static,22,-+,,5,3,8
dae2kq642tqs73au4qag,ibm_fez,46,1932,correlated,22,+-,,8,0,8
dae2kq642tqs73au4qag,ibm_fez,46,1933,none,22,++,,3,5,8
dae2kq642tqs73au4qag,ibm_fez,46,1934,reset,22,++,,8,0,8
dae2kq642tqs73au4qag,ibm_fez,46,1935,reset,89,--,,7,1,8
dae2kq642tqs73au4qag,ibm_fez,46,1936,static,22,+-,,2,6,8
dae2kq642tqs73au4qag,ibm_fez,46,1937,none,22,--,,4,4,8
dae2kq642tqs73au4qag,ibm_fez,46,1938,none,22,+-,,4,4,8
dae2kq642tqs73au4qag,ibm_fez,46,1939,reset,22,-+,,0,8,8
dae2kq642tqs73au4qag,ibm_fez,46,1940,static,89,+-,,3,5,8
dae2kq642tqs73au4qag,ibm_fez,46,1941,reset,22,--,,0,8,8
dae2kq642tqs73au4qag,ibm_fez,46,1942,none,89,++,,1,7,8
dae2kq642tqs73au4qag,ibm_fez,46,1943,correlated,22,++,,8,0,8
dae2kq642tqs73au4qag,ibm_fez,46,1944,reset,25,+-,,8,0,8
dae2kq642tqs73au4qag,ibm_fez,46,1945,correlated,25,-+,,0,8,8
dae2kq642tqs73au4qag,ibm_fez,46,1946,correlated,25,+-,,7,1,8
dae2kq642tqs73au4qag,ibm_fez,46,1947,none,25,--,,4,4,8
dae2kq642tqs73au4qag,ibm_fez,46,1948,none,25,+-,,4,4,8
dae2kq642tqs73au4qag,ibm_fez,46,1949,static,25,-+,,1,7,8
dae2kq642tqs73au4qag,ibm_fez,46,1950,none,25,-+,,4,4,8
dae2kq642tqs73au4qag,ibm_fez,46,1951,static,25,++,,0,8,8
dae2kq642tqs73au4qag,ibm_fez,46,1952,reset,25,--,,5,3,8
dae2kq642tqs73au4qag,ibm_fez,46,1953,static,25,+-,,7,1,8
dae2kq642tqs73au4qag,ibm_fez,46,1954,correlated,25,--,,6,2,8
dae2kq642tqs73au4qag,ibm_fez,46,1955,reset,25,++,,3,5,8
dae2kq642tqs73au4qag,ibm_fez,46,1956,static,25,--,,5,3,8
dae2kq642tqs73au4qag,ibm_fez,46,1957,none,25,++,,6,2,8
dae2kq642tqs73au4qag,ibm_fez,46,1958,correlated,25,++,,1,7,8
dae2kq642tqs73au4qag,ibm_fez,46,1959,reset,25,-+,,2,6,8
dae2kq642tqs73au4qag,ibm_fez,46,1960,none,42,-+,,5,3,8
dae2kq642tqs73au4qag,ibm_fez,46,1961,correlated,42,++,,5,3,8
dae2kq642tqs73au4qag,ibm_fez,46,1962,none,42,--,,5,3,8
dae2kq642tqs73au4qag,ibm_fez,46,1963,none,42,+-,,4,4,8
dae2kq642tqs73au4qag,ibm_fez,46,1964,none,42,++,,7,1,8
dae2kq642tqs73au4qag,ibm_fez,46,1965,reset,42,-+,,2,6,8
dae2kq642tqs73au4qag,ibm_fez,46,1966,reset,42,--,,6,2,8
dae2kq642tqs73au4qag,ibm_fez,46,1967,static,42,--,,6,2,8
dae2kq642tqs73au4qag,ibm_fez,46,1968,correlated,42,--,,7,1,8
dae2kq642tqs73au4qag,ibm_fez,46,1969,reset,42,+-,,2,6,8
dae2kq642tqs73au4qag,ibm_fez,46,1970,reset,42,++,,7,1,8
dae2kq642tqs73au4qag,ibm_fez,46,1971,correlated,42,+-,,4,4,8
dae2kq642tqs73au4qag,ibm_fez,46,1972,static,42,+-,,2,6,8
dae2kq642tqs73au4qag,ibm_fez,46,1973,correlated,42,-+,,1,7,8
dae2kq642tqs73au4qag,ibm_fez,46,1974,static,42,++,,7,1,8
dae2kq642tqs73au4qag,ibm_fez,46,1975,static,42,-+,,1,7,8
dae2kq642tqs73au4qag,ibm_fez,46,1976,,,,0,8,0,8
dae2kq642tqs73au4qag,ibm_fez,46,1977,,,,1,0,8,8
dae2kq642tqs73au4qag,ibm_fez,46,1978,,,,1,0,8,8
dae2kq642tqs73au4qag,ibm_fez,46,1979,,,,0,8,0,8
dae2kq642tqs73au4qag,ibm_fez,46,1980,,,,0,8,0,8
dae2kq642tqs73au4qag,ibm_fez,46,1981,static,86,++,,1,7,8
dae2kq642tqs73au4qag,ibm_fez,46,1982,reset,86,--,,6,2,8
dae2kq642tqs73au4qag,ibm_fez,46,1983,reset,86,-+,,8,0,8
dae2kq642tqs73au4qag,ibm_fez,46,1984,correlated,86,+-,,2,6,8
dae2kq642tqs73au4qag,ibm_fez,46,1985,correlated,86,--,,8,0,8
dae2kq642tqs73au4qag,ibm_fez,46,1986,none,86,+-,,4,4,8
dae2kq642tqs73au4qag,ibm_fez,46,1987,correlated,86,-+,,7,1,8
dae2kq642tqs73au4qag,ibm_fez,46,1988,none,86,++,,5,3,8
dae2kq642tqs73au4qag,ibm_fez,46,1989,static,86,--,,5,3,8
dae2kq642tqs73au4qag,ibm_fez,46,1990,reset,86,++,,2,6,8
dae2kq642tqs73au4qag,ibm_fez,46,1991,static,86,+-,,1,7,8
dae2kq642tqs73au4qag,ibm_fez,46,1992,none,86,-+,,5,3,8
dae2kq642tqs73au4qag,ibm_fez,46,1993,correlated,86,++,,0,8,8
dae2kq642tqs73au4qag,ibm_fez,46,1994,reset,86,+-,,1,7,8
dae2kq642tqs73au4qag,ibm_fez,46,1995,static,86,-+,,7,1,8
dae2kq642tqs73au4qag,ibm_fez,46,1996,none,86,--,,2,6,8
dae2kq642tqs73au4qag,ibm_fez,46,1997,,,,1,0,8,8
dae2kq642tqs73au4qag,ibm_fez,46,1998,none,85,++,,6,2,8
dae2kq642tqs73au4qag,ibm_fez,46,1999,static,85,+-,,1,7,8
dae2kq642tqs73au4qag,ibm_fez,46,2000,correlated,85,+-,,1,7,8
dae2kq642tqs73au4qag,ibm_fez,46,2001,none,85,--,,2,6,8
dae2kq642tqs73au4qag,ibm_fez,46,2002,static,85,++,,7,1,8
dae2kq642tqs73au4qag,ibm_fez,46,2003,static,85,-+,,2,6,8
dae2kq642tqs73au4qag,ibm_fez,46,2004,none,85,-+,,4,4,8
dae2kq642tqs73au4qag,ibm_fez,46,2005,reset,85,-+,,3,5,8
dae2kq642tqs73au4qag,ibm_fez,46,2006,reset,85,+-,,3,5,8
dae2kq642tqs73au4qag,ibm_fez,46,2007,correlated,85,++,,6,2,8
dae2kq642tqs73au4qag,ibm_fez,46,2008,reset,85,++,,7,1,8
dae2kq642tqs73au4qag,ibm_fez,46,2009,none,85,+-,,5,3,8
dae2kq642tqs73au4qag,ibm_fez,46,2010,reset,85,--,,6,2,8
dae2kq642tqs73au4qag,ibm_fez,46,2011,correlated,85,-+,,1,7,8
dae2kq642tqs73au4qag,ibm_fez,46,2012,static,85,--,,6,2,8
dae2kq642tqs73au4qag,ibm_fez,46,2013,correlated,85,--,,7,1,8
dae2kq642tqs73au4qag,ibm_fez,46,2014,none,38,++,,4,4,8
dae2kq642tqs73au4qag,ibm_fez,46,2015,static,38,--,,6,2,8
dae2kq642tqs73au4qag,ibm_fez,46,2016,reset,38,++,,4,4,8
dae2kq642tqs73au4qag,ibm_fez,46,2017,reset,38,+-,,5,3,8
dae2kq642tqs73au4qag,ibm_fez,46,2018,reset,38,-+,,8,0,8
dae2kq642tqs73au4qag,ibm_fez,46,2019,none,38,+-,,3,5,8
dae2kq642tqs73au4qag,ibm_fez,46,2020,reset,38,--,,1,7,8
dae2kq642tqs73au4qag,ibm_fez,46,2021,none,38,--,,3,5,8
dae2kq642tqs73au4qag,ibm_fez,46,2022,correlated,38,--,,5,3,8
dae2kq642tqs73au4qag,ibm_fez,46,2023,static,38,-+,,2,6,8
dae2kq642tqs73au4qag,ibm_fez,46,2024,none,38,-+,,6,2,8
dae2kq642tqs73au4qag,ibm_fez,46,2025,correlated,38,+-,,1,7,8
dae2kq642tqs73au4qag,ibm_fez,46,2026,static,38,++,,4,4,8
dae2kq642tqs73au4qag,ibm_fez,46,2027,correlated,38,-+,,2,6,8
dae2kq642tqs73au4qag,ibm_fez,46,2028,static,38,+-,,3,5,8
dae2kq642tqs73au4qag,ibm_fez,46,2029,correlated,38,++,,7,1,8
dae2kq642tqs73au4qag,ibm_fez,46,2030,none,45,-+,,8,0,8
dae2kq642tqs73au4qag,ibm_fez,46,2031,reset,45,++,,8,0,8
dae2kq642tqs73au4qag,ibm_fez,46,2032,reset,45,--,,8,0,8
dae2kq642tqs73au4qag,ibm_fez,46,2033,static,45,+-,,8,0,8
dae2kq642tqs73au4qag,ibm_fez,46,2034,static,45,--,,8,0,8
dae2kq642tqs73au4qag,ibm_fez,46,2035,correlated,45,+-,,8,0,8
dae2kq642tqs73au4qag,ibm_fez,46,2036,correlated,45,-+,,8,0,8
dae2kq642tqs73au4qag,ibm_fez,46,2037,correlated,45,--,,8,0,8
dae2kq642tqs73au4qag,ibm_fez,46,2038,static,45,-+,,8,0,8
dae2kq642tqs73au4qag,ibm_fez,46,2039,correlated,45,++,,8,0,8
dae2kq642tqs73au4qag,ibm_fez,46,2040,none,45,--,,8,0,8
dae2kq642tqs73au4qag,ibm_fez,46,2041,none,45,+-,,8,0,8
dae2kq642tqs73au4qag,ibm_fez,46,2042,static,45,++,,8,0,8
dae2kq642tqs73au4qag,ibm_fez,46,2043,none,45,++,,8,0,8
dae2kq642tqs73au4qag,ibm_fez,46,2044,reset,45,-+,,8,0,8
dae2kq642tqs73au4qag,ibm_fez,46,2045,reset,45,+-,,8,0,8
dae2kq642tqs73au4qag,ibm_fez,46,2046,,,,1,0,8,8
dae2kq642tqs73au4qag,ibm_fez,46,2047,,,,1,0,8,8
dae2kq642tqs73au4qag,ibm_fez,46,2048,,,,0,8,0,8
dae2kq642tqs73au4qag,ibm_fez,46,2049,,,,0,8,0,8
dae2kq642tqs73au4qag,ibm_fez,46,2050,reset,9,--,,7,1,8
dae2kq642tqs73au4qag,ibm_fez,46,2051,correlated,9,++,,2,6,8
dae2kq642tqs73au4qag,ibm_fez,46,2052,none,9,+-,,4,4,8
dae2kq642tqs73au4qag,ibm_fez,46,2053,static,9,--,,5,3,8
dae2kq642tqs73au4qag,ibm_fez,46,2054,none,9,--,,3,5,8
dae2kq642tqs73au4qag,ibm_fez,46,2055,correlated,9,-+,,8,0,8
dae2kq642tqs73au4qag,ibm_fez,46,2056,none,9,-+,,4,4,8
dae2kq642tqs73au4qag,ibm_fez,46,2057,correlated,9,--,,7,1,8
dae2kq642tqs73au4qag,ibm_fez,46,2058,reset,9,+-,,3,5,8
dae2kq642tqs73au4qag,ibm_fez,46,2059,reset,9,-+,,6,2,8
dae2kq642tqs73au4qag,ibm_fez,46,2060,static,9,-+,,7,1,8
dae2kq642tqs73au4qag,ibm_fez,46,2061,static,9,+-,,1,7,8
dae2kq642tqs73au4qag,ibm_fez,46,2062,none,9,++,,3,5,8
dae2kq642tqs73au4qag,ibm_fez,46,2063,static,9,++,,0,8,8
dae2kq642tqs73au4qag,ibm_fez,46,2064,correlated,9,+-,,1,7,8
dae2kq642tqs73au4qag,ibm_fez,46,2065,reset,9,++,,0,8,8
dae2kq642tqs73au4qag,ibm_fez,46,2066,static,40,-+,,4,4,8
dae2kq642tqs73au4qag,ibm_fez,46,2067,correlated,40,++,,8,0,8
dae2kq642tqs73au4qag,ibm_fez,46,2068,none,40,+-,,8,0,8
dae2kq642tqs73au4qag,ibm_fez,46,2069,correlated,40,+-,,3,5,8
dae2kq642tqs73au4qag,ibm_fez,46,2070,none,40,-+,,8,0,8
dae2kq642tqs73au4qag,ibm_fez,46,2071,reset,40,--,,5,3,8
dae2kq642tqs73au4qag,ibm_fez,46,2072,none,40,++,,0,8,8
dae2kq642tqs73au4qag,ibm_fez,46,2073,static,40,++,,4,4,8
dae2kq642tqs73au4qag,ibm_fez,46,2074,none,40,--,,0,8,8
dae2kq642tqs73au4qag,ibm_fez,46,2075,correlated,40,--,,4,4,8
dae2kq642tqs73au4qag,ibm_fez,46,2076,reset,40,+-,,3,5,8
dae2kq642tqs73au4qag,ibm_fez,46,2077,static,40,+-,,3,5,8
dae2kq642tqs73au4qag,ibm_fez,46,2078,reset,40,++,,4,4,8
dae2kq642tqs73au4qag,ibm_fez,46,2079,reset,40,-+,,4,4,8
dae2kq642tqs73au4qag,ibm_fez,46,2080,static,40,--,,5,3,8
dae2kq642tqs73au4qag,ibm_fez,46,2081,correlated,40,-+,,7,1,8
dae2kq642tqs73au4qag,ibm_fez,46,2082,,,,0,8,0,8
dae2kq642tqs73au4qag,ibm_fez,46,2083,none,11,+-,,5,3,8
dae2kq642tqs73au4qag,ibm_fez,46,2084,static,11,--,,6,2,8
dae2kq642tqs73au4qag,ibm_fez,46,2085,reset,11,--,,2,6,8
dae2kq642tqs73au4qag,ibm_fez,46,2086,none,11,-+,,4,4,8
dae2kq642tqs73au4qag,ibm_fez,46,2087,reset,11,-+,,2,6,8
dae2kq642tqs73au4qag,ibm_fez,46,2088,reset,26,-+,,8,0,8
dae2kq642tqs73au4qag,ibm_fez,46,2089,reset,26,+-,,3,5,8
dae2kq642tqs73au4qag,ibm_fez,46,2090,static,11,++,,1,7,8
dae2kq642tqs73au4qag,ibm_fez,46,2091,correlated,26,-+,,7,1,8
dae2kq642tqs73au4qag,ibm_fez,46,2092,none,11,++,,8,0,8
dae2kq642tqs73au4qag,ibm_fez,46,2093,none,11,--,,4,4,8
dae2kq642tqs73au4qag,ibm_fez,46,2094,none,26,-+,,3,5,8
dae2kq642tqs73au4qag,ibm_fez,46,2095,correlated,11,+-,,7,1,8
dae2kq642tqs73au4qag,ibm_fez,46,2096,static,26,+-,,2,6,8
dae2kq642tqs73au4qag,ibm_fez,46,2097,static,26,--,,7,1,8
dae2kq642tqs73au4qag,ibm_fez,46,2098,none,26,++,,3,5,8
dae2kq642tqs73au4qag,ibm_fez,46,2099,none,26,--,,4,4,8
dae2kq642tqs73au4qag,ibm_fez,46,2100,correlated,26,++,,3,5,8
dae2kq642tqs73au4qag,ibm_fez,46,2101,correlated,26,--,,6,2,8
dae2kq642tqs73au4qag,ibm_fez,46,2102,reset,26,++,,1,7,8
dae2kq642tqs73au4qag,ibm_fez,46,2103,reset,26,--,,7,1,8
dae2kq642tqs73au4qag,ibm_fez,46,2104,correlated,11,++,,7,1,8
dae2kq642tqs73au4qag,ibm_fez,46,2105,correlated,11,-+,,2,6,8
dae2kq642tqs73au4qag,ibm_fez,46,2106,correlated,26,+-,,1,7,8
dae2kq642tqs73au4qag,ibm_fez,46,2107,static,11,-+,,8,0,8
dae2kq642tqs73au4qag,ibm_fez,46,2108,reset,11,+-,,7,1,8
dae2kq642tqs73au4qag,ibm_fez,46,2109,static,11,+-,,0,8,8
dae2kq642tqs73au4qag,ibm_fez,46,2110,correlated,11,--,,1,7,8
dae2kq642tqs73au4qag,ibm_fez,46,2111,none,26,+-,,5,3,8
dae2kq642tqs73au4qag,ibm_fez,46,2112,reset,11,++,,8,0,8
dae2kq642tqs73au4qag,ibm_fez,46,2113,static,26,++,,0,8,8
dae2kq642tqs73au4qag,ibm_fez,46,2114,static,26,-+,,6,2,8
dae2kq642tqs73au4qag,ibm_fez,46,2115,static,1,++,,3,5,8
dae2kq642tqs73au4qag,ibm_fez,46,2116,static,1,-+,,1,7,8
dae2kq642tqs73au4qag,ibm_fez,46,2117,static,74,--,,6,2,8
dae2kq642tqs73au4qag,ibm_fez,46,2118,reset,1,-+,,3,5,8
dae2kq642tqs73au4qag,ibm_fez,46,2119,correlated,1,++,,3,5,8
dae2kq642tqs73au4qag,ibm_fez,46,2120,static,1,--,,5,3,8
dae2kq642tqs73au4qag,ibm_fez,46,2121,correlated,1,+-,,8,0,8
dae2kq642tqs73au4qag,ibm_fez,46,2122,correlated,74,+-,,6,2,8
dae2kq642tqs73au4qag,ibm_fez,46,2123,correlated,74,++,,1,7,8
dae2kq642tqs73au4qag,ibm_fez,46,2124,reset,1,+-,,8,0,8
dae2kq642tqs73au4qag,ibm_fez,46,2125,none,74,++,,2,6,8
dae2kq642tqs73au4qag,ibm_fez,46,2126,static,74,+-,,6,2,8
dae2kq642tqs73au4qag,ibm_fez,46,2127,none,1,+-,,6,2,8
dae2kq642tqs73au4qag,ibm_fez,46,2128,static,74,++,,1,7,8
dae2kq642tqs73au4qag,ibm_fez,46,2129,static,74,-+,,1,7,8
dae2kq642tqs73au4qag,ibm_fez,46,2130,reset,1,++,,1,7,8
dae2kq642tqs73au4qag,ibm_fez,46,2131,correlated,74,-+,,1,7,8
dae2kq642tqs73au4qag,ibm_fez,46,2132,reset,74,-+,,1,7,8
dae2kq642tqs73au4qag,ibm_fez,46,2133,none,1,++,,3,5,8
dae2kq642tqs73au4qag,ibm_fez,46,2134,reset,74,--,,8,0,8
dae2kq642tqs73au4qag,ibm_fez,46,2135,correlated,1,--,,8,0,8
dae2kq642tqs73au4qag,ibm_fez,46,2136,correlated,74,--,,6,2,8
dae2kq642tqs73au4qag,ibm_fez,46,2137,none,1,--,,4,4,8
dae2kq642tqs73au4qag,ibm_fez,46,2138,reset,74,+-,,7,1,8
dae2kq642tqs73au4qag,ibm_fez,46,2139,none,74,+-,,2,6,8
dae2kq642tqs73au4qag,ibm_fez,46,2140,correlated,1,-+,,3,5,8
dae2kq642tqs73au4qag,ibm_fez,46,2141,static,1,+-,,7,1,8
dae2kq642tqs73au4qag,ibm_fez,46,2142,reset,1,--,,7,1,8
dae2kq642tqs73au4qag,ibm_fez,46,2143,none,74,-+,,5,3,8
dae2kq642tqs73au4qag,ibm_fez,46,2144,none,1,-+,,4,4,8
dae2kq642tqs73au4qag,ibm_fez,46,2145,reset,74,++,,0,8,8
dae2kq642tqs73au4qag,ibm_fez,46,2146,none,74,--,,5,3,8
dae2kq642tqs73au4qag,ibm_fez,46,2147,none,117,++,,8,0,8
dae2kq642tqs73au4qag,ibm_fez,46,2148,static,117,+-,,0,8,8
dae2kq642tqs73au4qag,ibm_fez,46,2149,static,117,-+,,0,8,8
dae2kq642tqs73au4qag,ibm_fez,46,2150,correlated,117,+-,,1,7,8
dae2kq642tqs73au4qag,ibm_fez,46,2151,static,117,--,,8,0,8
dae2kq642tqs73au4qag,ibm_fez,46,2152,none,117,--,,7,1,8
dae2kq642tqs73au4qag,ibm_fez,46,2153,reset,117,++,,4,4,8
dae2kq642tqs73au4qag,ibm_fez,46,2154,correlated,117,++,,8,0,8
dae2kq642tqs73au4qag,ibm_fez,46,2155,reset,117,+-,,6,2,8
dae2kq642tqs73au4qag,ibm_fez,46,2156,correlated,117,--,,7,1,8
dae2kq642tqs73au4qag,ibm_fez,46,2157,none,117,+-,,0,8,8
dae2kq642tqs73au4qag,ibm_fez,46,2158,static,117,++,,7,1,8
dae2kq642tqs73au4qag,ibm_fez,46,2159,reset,117,--,,5,3,8
dae2kq642tqs73au4qag,ibm_fez,46,2160,correlated,117,-+,,0,8,8
dae2kq642tqs73au4qag,ibm_fez,46,2161,reset,117,-+,,4,4,8
dae2kq642tqs73au4qag,ibm_fez,46,2162,none,117,-+,,0,8,8
dae2kq642tqs73au4qag,ibm_fez,46,2163,reset,60,--,,8,0,8
dae2kq642tqs73au4qag,ibm_fez,46,2164,correlated,60,+-,,0,8,8
dae2kq642tqs73au4qag,ibm_fez,46,2165,static,60,++,,8,0,8
dae2kq642tqs73au4qag,ibm_fez,46,2166,none,60,-+,,0,8,8
dae2kq642tqs73au4qag,ibm_fez,46,2167,none,60,++,,8,0,8
dae2kq642tqs73au4qag,ibm_fez,46,2168,none,60,+-,,0,8,8
dae2kq642tqs73au4qag,ibm_fez,46,2169,reset,60,++,,8,0,8
dae2kq642tqs73au4qag,ibm_fez,46,2170,correlated,60,-+,,0,8,8
dae2kq642tqs73au4qag,ibm_fez,46,2171,static,60,-+,,0,8,8
dae2kq642tqs73au4qag,ibm_fez,46,2172,reset,60,-+,,0,8,8
dae2kq642tqs73au4qag,ibm_fez,46,2173,reset,60,+-,,0,8,8
dae2kq642tqs73au4qag,ibm_fez,46,2174,correlated,60,++,,8,0,8
dae2kq642tqs73au4qag,ibm_fez,46,2175,static,60,--,,8,0,8
dae2kq642tqs73au4qag,ibm_fez,46,2176,static,60,+-,,0,8,8
dae2kq642tqs73au4qag,ibm_fez,46,2177,none,60,--,,8,0,8
dae2kq642tqs73au4qag,ibm_fez,46,2178,correlated,60,--,,8,0,8
dae2kq642tqs73au4qag,ibm_fez,46,2179,static,2,++,,8,0,8
dae2kq642tqs73au4qag,ibm_fez,46,2180,static,2,-+,,0,8,8
dae2kq642tqs73au4qag,ibm_fez,46,2181,correlated,2,-+,,1,7,8
dae2kq642tqs73au4qag,ibm_fez,46,2182,reset,2,+-,,3,5,8
dae2kq642tqs73au4qag,ibm_fez,46,2183,static,2,--,,7,1,8
dae2kq642tqs73au4qag,ibm_fez,46,2184,reset,2,--,,5,3,8
dae2kq642tqs73au4qag,ibm_fez,46,2185,correlated,2,++,,7,1,8
dae2kq642tqs73au4qag,ibm_fez,46,2186,correlated,2,+-,,0,8,8
dae2kq642tqs73au4qag,ibm_fez,46,2187,none,2,-+,,0,8,8
dae2kq642tqs73au4qag,ibm_fez,46,2188,static,2,+-,,1,7,8
dae2kq642tqs73au4qag,ibm_fez,46,2189,none,2,+-,,0,8,8
dae2kq642tqs73au4qag,ibm_fez,46,2190,reset,2,++,,4,4,8
dae2kq642tqs73au4qag,ibm_fez,46,2191,none,2,--,,8,0,8
dae2kq642tqs73au4qag,ibm_fez,46,2192,reset,2,-+,,7,1,8
dae2kq642tqs73au4qag,ibm_fez,46,2193,correlated,2,--,,8,0,8
dae2kq642tqs73au4qag,ibm_fez,46,2194,none,2,++,,7,1,8
dae2kq642tqs73au4qag,ibm_fez,46,2195,static,14,+-,,8,0,8
dae2kq642tqs73au4qag,ibm_fez,46,2196,reset,14,++,,8,0,8
dae2kq642tqs73au4qag,ibm_fez,46,2197,reset,14,+-,,8,0,8
dae2kq642tqs73au4qag,ibm_fez,46,2198,correlated,14,+-,,8,0,8
dae2kq642tqs73au4qag,ibm_fez,46,2199,none,14,--,,8,0,8
dae2kq642tqs73au4qag,ibm_fez,46,2200,static,14,-+,,8,0,8
dae2kq642tqs73au4qag,ibm_fez,46,2201,none,14,++,,8,0,8
dae2kq642tqs73au4qag,ibm_fez,46,2202,correlated,14,-+,,8,0,8
dae2kq642tqs73au4qag,ibm_fez,46,2203,correlated,14,++,,8,0,8
dae2kq642tqs73au4qag,ibm_fez,46,2204,correlated,14,--,,8,0,8
dae2kq642tqs73au4qag,ibm_fez,46,2205,reset,14,--,,8,0,8
dae2kq642tqs73au4qag,ibm_fez,46,2206,none,14,+-,,8,0,8
dae2kq642tqs73au4qag,ibm_fez,46,2207,static,14,++,,8,0,8
dae2kq642tqs73au4qag,ibm_fez,46,2208,static,14,--,,8,0,8
dae2kq642tqs73au4qag,ibm_fez,46,2209,none,14,-+,,8,0,8
dae2kq642tqs73au4qag,ibm_fez,46,2210,reset,14,-+,,8,0,8
dae2kq642tqs73au4qag,ibm_fez,46,2211,,,,1,0,8,8
dae2kq642tqs73au4qag,ibm_fez,46,2212,correlated,65,2+,,3,5,8
dae2kq642tqs73au4qag,ibm_fez,46,2213,static,75,2-,,7,1,8
dae2kq642tqs73au4qag,ibm_fez,46,2214,none,20,2+,,3,5,8
dae2kq642tqs73au4qag,ibm_fez,46,2215,correlated,63,1+,,3,5,8
dae2kq642tqs73au4qag,ibm_fez,46,2216,reset,65,2+,,1,7,8
dae2kq642tqs73au4qag,ibm_fez,46,2217,none,59,2-,,3,5,8
dae2kq642tqs73au4qag,ibm_fez,46,2218,correlated,75,2-,,8,0,8
dae2kq642tqs73au4qag,ibm_fez,46,2219,reset,127,1+,,0,8,8
dae2kq642tqs73au4qag,ibm_fez,46,2220,correlated,59,2-,,7,1,8
dae2kq642tqs73au4qag,ibm_fez,46,2221,none,20,2-,,3,5,8
dae2kq642tqs73au4qag,ibm_fez,46,2222,correlated,127,1-,,5,3,8
dae2kq642tqs73au4qag,ibm_fez,46,2223,none,127,1+,,4,4,8
dae2kq642tqs73au4qag,ibm_fez,46,2224,reset,63,1-,,6,2,8
dae2kq642tqs73au4qag,ibm_fez,46,2225,reset,32,2-,,0,8,8
dae2kq642tqs73au4qag,ibm_fez,46,2226,none,116,1-,,4,4,8
dae2kq642tqs73au4qag,ibm_fez,46,2227,correlated,20,2+,,0,8,8
dae2kq642tqs73au4qag,ibm_fez,46,2228,none,63,1+,,5,3,8
dae2kq642tqs73au4qag,ibm_fez,46,2229,none,42,2+,,3,5,8
dae2kq642tqs73au4qag,ibm_fez,46,2230,none,75,2+,,5,3,8
dae2kq642tqs73au4qag,ibm_fez,46,2231,static,75,2+,,0,8,8
dae2kq642tqs73au4qag,ibm_fez,46,2232,correlated,32,2+,,7,1,8
dae2kq642tqs73au4qag,ibm_fez,46,2233,reset,127,1-,,7,1,8
dae2kq642tqs73au4qag,ibm_fez,46,2234,static,42,2+,,2,6,8
dae2kq642tqs73au4qag,ibm_fez,46,2235,reset,75,2+,,6,2,8
dae2kq642tqs73au4qag,ibm_fez,46,2236,correlated,127,1+,,1,7,8
dae2kq642tqs73au4qag,ibm_fez,46,2237,reset,63,1+,,2,6,8
dae2kq642tqs73au4qag,ibm_fez,46,2238,static,116,1-,,6,2,8
dae2kq642tqs73au4qag,ibm_fez,46,2239,static,127,1+,,1,7,8
dae2kq642tqs73au4qag,ibm_fez,46,2240,reset,42,2+,,2,6,8
dae2kq642tqs73au4qag,ibm_fez,46,2241,reset,42,2-,,8,0,8
dae2kq642tqs73au4qag,ibm_fez,46,2242,static,42,2-,,7,1,8
dae2kq642tqs73au4qag,ibm_fez,46,2243,reset,65,2-,,6,2,8
dae2kq642tqs73au4qag,ibm_fez,46,2244,none,116,1+,,6,2,8
dae2kq642tqs73au4qag,ibm_fez,46,2245,correlated,116,1-,,8,0,8
dae2kq642tqs73au4qag,ibm_fez,46,2246,reset,20,2+,,2,6,8
dae2kq642tqs73au4qag,ibm_fez,46,2247,none,127,1-,,4,4,8
dae2kq642tqs73au4qag,ibm_fez,46,2248,reset,32,2+,,7,1,8
dae2kq642tqs73au4qag,ibm_fez,46,2249,correlated,32,2-,,2,6,8
dae2kq642tqs73au4qag,ibm_fez,46,2250,static,32,2-,,7,1,8
dae2kq642tqs73au4qag,ibm_fez,46,2251,reset,75,2-,,1,7,8
dae2kq642tqs73au4qag,ibm_fez,46,2252,none,32,2-,,4,4,8
dae2kq642tqs73au4qag,ibm_fez,46,2253,none,42,2-,,2,6,8
dae2kq642tqs73au4qag,ibm_fez,46,2254,correlated,20,2-,,8,0,8
dae2kq642tqs73au4qag,ibm_fez,46,2255,correlated,42,2-,,7,1,8
dae2kq642tqs73au4qag,ibm_fez,46,2256,static,59,2-,,8,0,8
dae2kq642tqs73au4qag,ibm_fez,46,2257,none,65,2-,,2,6,8
dae2kq642tqs73au4qag,ibm_fez,46,2258,none,59,2+,,4,4,8
dae2kq642tqs73au4qag,ibm_fez,46,2259,static,59,2+,,3,5,8
dae2kq642tqs73au4qag,ibm_fez,46,2260,reset,116,1-,,6,2,8
dae2kq642tqs73au4qag,ibm_fez,46,2261,static,32,2+,,1,7,8
dae2kq642tqs73au4qag,ibm_fez,46,2262,static,127,1-,,6,2,8
dae2kq642tqs73au4qag,ibm_fez,46,2263,reset,116,1+,,3,5,8
dae2kq642tqs73au4qag,ibm_fez,46,2264,static,65,2-,,6,2,8
dae2kq642tqs73au4qag,ibm_fez,46,2265,none,75,2-,,5,3,8
dae2kq642tqs73au4qag,ibm_fez,46,2266,reset,20,2-,,6,2,8
dae2kq642tqs73au4qag,ibm_fez,46,2267,static,20,2-,,6,2,8
dae2kq642tqs73au4qag,ibm_fez,46,2268,none,32,2+,,4,4,8
dae2kq642tqs73au4qag,ibm_fez,46,2269,static,20,2+,,1,7,8
dae2kq642tqs73au4qag,ibm_fez,46,2270,correlated,63,1-,,7,1,8
dae2kq642tqs73au4qag,ibm_fez,46,2271,reset,59,2-,,3,5,8
dae2kq642tqs73au4qag,ibm_fez,46,2272,none,65,2+,,4,4,8
dae2kq642tqs73au4qag,ibm_fez,46,2273,correlated,59,2+,,2,6,8
dae2kq642tqs73au4qag,ibm_fez,46,2274,static,65,2+,,1,7,8
dae2kq642tqs73au4qag,ibm_fez,46,2275,correlated,42,2+,,1,7,8
dae2kq642tqs73au4qag,ibm_fez,46,2276,static,63,1+,,0,8,8
dae2kq642tqs73au4qag,ibm_fez,46,2277,correlated,116,1+,,0,8,8
dae2kq642tqs73au4qag,ibm_fez,46,2278,none,63,1-,,4,4,8
dae2kq642tqs73au4qag,ibm_fez,46,2279,static,116,1+,,2,6,8
dae2kq642tqs73au4qag,ibm_fez,46,2280,reset,59,2+,,7,1,8
dae2kq642tqs73au4qag,ibm_fez,46,2281,static,63,1-,,7,1,8
dae2kq642tqs73au4qag,ibm_fez,46,2282,correlated,65,2-,,8,0,8
dae2kq642tqs73au4qag,ibm_fez,46,2283,correlated,75,2+,,1,7,8
dae2kq642tqs73au4qag,ibm_fez,46,2284,,,,1,0,8,8
dae2kq642tqs73au4qag,ibm_fez,46,2285,correlated,70,-+,,3,5,8
dae2kq642tqs73au4qag,ibm_fez,46,2286,static,125,++,,6,2,8
dae2kq642tqs73au4qag,ibm_fez,46,2287,correlated,125,++,,6,2,8
dae2kq642tqs73au4qag,ibm_fez,46,2288,none,125,-+,,4,4,8
dae2kq642tqs73au4qag,ibm_fez,46,2289,correlated,125,-+,,2,6,8
dae2kq642tqs73au4qag,ibm_fez,46,2290,reset,125,-+,,1,7,8
dae2kq642tqs73au4qag,ibm_fez,46,2291,none,70,--,,2,6,8
dae2kq642tqs73au4qag,ibm_fez,46,2292,reset,70,++,,7,1,8
dae2kq642tqs73au4qag,ibm_fez,46,2293,correlated,70,++,,4,4,8
dae2kq642tqs73au4qag,ibm_fez,46,2294,correlated,70,--,,6,2,8
dae2kq642tqs73au4qag,ibm_fez,46,2295,none,70,++,,5,3,8
dae2kq642tqs73au4qag,ibm_fez,46,2296,static,70,++,,8,0,8
dae2kq642tqs73au4qag,ibm_fez,46,2297,static,70,+-,,5,3,8
dae2kq642tqs73au4qag,ibm_fez,46,2298,reset,70,-+,,3,5,8
dae2kq642tqs73au4qag,ibm_fez,46,2299,static,70,-+,,2,6,8
dae2kq642tqs73au4qag,ibm_fez,46,2300,none,70,+-,,3,5,8
dae2kq642tqs73au4qag,ibm_fez,46,2301,none,125,+-,,4,4,8
dae2kq642tqs73au4qag,ibm_fez,46,2302,none,70,-+,,4,4,8
dae2kq642tqs73au4qag,ibm_fez,46,2303,correlated,70,+-,,1,7,8
dae2kq642tqs73au4qag,ibm_fez,46,2304,static,125,--,,5,3,8
dae2kq642tqs73au4qag,ibm_fez,46,2305,reset,125,+-,,4,4,8
dae2kq642tqs73au4qag,ibm_fez,46,2306,static,125,+-,,3,5,8
dae2kq642tqs73au4qag,ibm_fez,46,2307,none,125,--,,4,4,8
dae2kq642tqs73au4qag,ibm_fez,46,2308,static,125,-+,,0,8,8
dae2kq642tqs73au4qag,ibm_fez,46,2309,static,70,--,,6,2,8
dae2kq642tqs73au4qag,ibm_fez,46,2310,reset,70,+-,,0,8,8
dae2kq642tqs73au4qag,ibm_fez,46,2311,correlated,125,+-,,1,7,8
dae2kq642tqs73au4qag,ibm_fez,46,2312,reset,125,--,,4,4,8
dae2kq642tqs73au4qag,ibm_fez,46,2313,none,125,++,,5,3,8
dae2kq642tqs73au4qag,ibm_fez,46,2314,correlated,125,--,,6,2,8
dae2kq642tqs73au4qag,ibm_fez,46,2315,reset,70,--,,7,1,8
dae2kq642tqs73au4qag,ibm_fez,46,2316,reset,125,++,,5,3,8
dae2kq642tqs73au4qag,ibm_fez,46,2317,static,48,+-,,4,4,8
dae2kq642tqs73au4qag,ibm_fez,46,2318,reset,48,++,,0,8,8
dae2kq642tqs73au4qag,ibm_fez,46,2319,correlated,48,-+,,5,3,8
dae2kq642tqs73au4qag,ibm_fez,46,2320,static,48,-+,,2,6,8
dae2kq642tqs73au4qag,ibm_fez,46,2321,correlated,48,+-,,3,5,8
dae2kq642tqs73au4qag,ibm_fez,46,2322,correlated,48,++,,3,5,8
dae2kq642tqs73au4qag,ibm_fez,46,2323,none,48,-+,,8,0,8
dae2kq642tqs73au4qag,ibm_fez,46,2324,static,48,++,,6,2,8
dae2kq642tqs73au4qag,ibm_fez,46,2325,correlated,48,--,,5,3,8
dae2kq642tqs73au4qag,ibm_fez,46,2326,none,48,++,,1,7,8
dae2kq642tqs73au4qag,ibm_fez,46,2327,static,48,--,,2,6,8
dae2kq642tqs73au4qag,ibm_fez,46,2328,none,48,+-,,8,0,8
dae2kq642tqs73au4qag,ibm_fez,46,2329,reset,48,--,,0,8,8
dae2kq642tqs73au4qag,ibm_fez,46,2330,none,48,--,,0,8,8
dae2kq642tqs73au4qag,ibm_fez,46,2331,reset,48,+-,,8,0,8
dae2kq642tqs73au4qag,ibm_fez,46,2332,reset,48,-+,,8,0,8
dae2kq642tqs73au4qag,ibm_fez,46,2333,,,,1,0,8,8
dae2kq642tqs73au4qag,ibm_fez,46,2334,,,,0,8,0,8
dae2kq642tqs73au4qag,ibm_fez,46,2335,none,36,1+,,4,4,8
dae2kq642tqs73au4qag,ibm_fez,46,2336,correlated,61,2+,,3,5,8
dae2kq642tqs73au4qag,ibm_fez,46,2337,static,64,2+,,1,7,8
dae2kq642tqs73au4qag,ibm_fez,46,2338,reset,49,2-,,1,7,8
dae2kq642tqs73au4qag,ibm_fez,46,2339,reset,33,1-,,7,1,8
dae2kq642tqs73au4qag,ibm_fez,46,2340,correlated,2,1-,,0,8,8
dae2kq642tqs73au4qag,ibm_fez,46,2341,reset,64,2-,,6,2,8
dae2kq642tqs73au4qag,ibm_fez,46,2342,none,33,1+,,4,4,8
dae2kq642tqs73au4qag,ibm_fez,46,2343,correlated,82,2-,,8,0,8
dae2kq642tqs73au4qag,ibm_fez,46,2344,correlated,64,2-,,1,7,8
dae2kq642tqs73au4qag,ibm_fez,46,2345,static,61,2+,,1,7,8
dae2kq642tqs73au4qag,ibm_fez,46,2346,reset,2,1+,,7,1,8
dae2kq642tqs73au4qag,ibm_fez,46,2347,static,2,1-,,8,0,8
dae2kq642tqs73au4qag,ibm_fez,46,2348,reset,49,2+,,7,1,8
dae2kq642tqs73au4qag,ibm_fez,46,2349,static,84,1-,,8,0,8
dae2kq642tqs73au4qag,ibm_fez,46,2350,static,33,1-,,7,1,8
dae2kq642tqs73au4qag,ibm_fez,46,2351,correlated,61,2-,,6,2,8
dae2kq642tqs73au4qag,ibm_fez,46,2352,none,84,1-,,2,6,8
dae2kq642tqs73au4qag,ibm_fez,46,2353,static,64,2-,,7,1,8
dae2kq642tqs73au4qag,ibm_fez,46,2354,correlated,2,1+,,8,0,8
dae2kq642tqs73au4qag,ibm_fez,46,2355,none,49,2+,,4,4,8
dae2kq642tqs73au4qag,ibm_fez,46,2356,correlated,36,1-,,6,2,8
dae2kq642tqs73au4qag,ibm_fez,46,2357,correlated,82,2+,,1,7,8
dae2kq642tqs73au4qag,ibm_fez,46,2358,static,33,1+,,2,6,8
dae2kq642tqs73au4qag,ibm_fez,46,2359,none,2,1+,,5,3,8
dae2kq642tqs73au4qag,ibm_fez,46,2360,none,2,1-,,6,2,8
dae2kq642tqs73au4qag,ibm_fez,46,2361,none,49,2-,,5,3,8
dae2kq642tqs73au4qag,ibm_fez,46,2362,correlated,84,1+,,3,5,8
dae2kq642tqs73au4qag,ibm_fez,46,2363,reset,36,1+,,1,7,8
dae2kq642tqs73au4qag,ibm_fez,46,2364,static,36,1-,,5,3,8
dae2kq642tqs73au4qag,ibm_fez,46,2365,none,61,2+,,7,1,8
dae2kq642tqs73au4qag,ibm_fez,46,2366,none,61,2-,,5,3,8
dae2kq642tqs73au4qag,ibm_fez,46,2367,static,84,1+,,1,7,8
dae2kq642tqs73au4qag,ibm_fez,46,2368,static,36,1+,,1,7,8
dae2kq642tqs73au4qag,ibm_fez,46,2369,none,82,2-,,4,4,8
dae2kq642tqs73au4qag,ibm_fez,46,2370,reset,84,1-,,5,3,8
dae2kq642tqs73au4qag,ibm_fez,46,2371,reset,61,2-,,1,7,8
dae2kq642tqs73au4qag,ibm_fez,46,2372,none,33,1-,,2,6,8
dae2kq642tqs73au4qag,ibm_fez,46,2373,reset,64,2+,,3,5,8
dae2kq642tqs73au4qag,ibm_fez,46,2374,reset,82,2+,,5,3,8
dae2kq642tqs73au4qag,ibm_fez,46,2375,correlated,49,2-,,6,2,8
dae2kq642tqs73au4qag,ibm_fez,46,2376,correlated,84,1-,,8,0,8
dae2kq642tqs73au4qag,ibm_fez,46,2377,none,82,2+,,4,4,8
dae2kq642tqs73au4qag,ibm_fez,46,2378,static,49,2+,,3,5,8
dae2kq642tqs73au4qag,ibm_fez,46,2379,static,61,2-,,7,1,8
dae2kq642tqs73au4qag,ibm_fez,46,2380,correlated,64,2+,,8,0,8
dae2kq642tqs73au4qag,ibm_fez,46,2381,none,64,2+,,5,3,8
dae2kq642tqs73au4qag,ibm_fez,46,2382,correlated,49,2+,,3,5,8
dae2kq642tqs73au4qag,ibm_fez,46,2383,none,64,2-,,3,5,8
dae2kq642tqs73au4qag,ibm_fez,46,2384,reset,33,1+,,3,5,8
dae2kq642tqs73au4qag,ibm_fez,46,2385,none,84,1+,,5,3,8
dae2kq642tqs73au4qag,ibm_fez,46,2386,reset,36,1-,,6,2,8
dae2kq642tqs73au4qag,ibm_fez,46,2387,static,82,2-,,8,0,8
dae2kq642tqs73au4qag,ibm_fez,46,2388,static,2,1+,,1,7,8
dae2kq642tqs73au4qag,ibm_fez,46,2389,none,36,1-,,4,4,8
dae2kq642tqs73au4qag,ibm_fez,46,2390,reset,61,2+,,7,1,8
dae2kq642tqs73au4qag,ibm_fez,46,2391,static,49,2-,,6,2,8
dae2kq642tqs73au4qag,ibm_fez,46,2392,correlated,33,1+,,2,6,8
dae2kq642tqs73au4qag,ibm_fez,46,2393,static,82,2+,,1,7,8
dae2kq642tqs73au4qag,ibm_fez,46,2394,reset,2,1-,,1,7,8
dae2kq642tqs73au4qag,ibm_fez,46,2395,correlated,36,1+,,5,3,8
dae2kq642tqs73au4qag,ibm_fez,46,2396,correlated,33,1-,,6,2,8
dae2kq642tqs73au4qag,ibm_fez,46,2397,reset,82,2-,,2,6,8
dae2kq642tqs73au4qag,ibm_fez,46,2398,reset,84,1+,,0,8,8
dae2kq642tqs73au4qag,ibm_fez,46,2399,static,75,++,,1,7,8
dae2kq642tqs73au4qag,ibm_fez,46,2400,correlated,75,+-,,7,1,8
dae2kq642tqs73au4qag,ibm_fez,46,2401,none,75,--,,4,4,8
dae2kq642tqs73au4qag,ibm_fez,46,2402,none,75,-+,,4,4,8
dae2kq642tqs73au4qag,ibm_fez,46,2403,correlated,75,-+,,2,6,8
dae2kq642tqs73au4qag,ibm_fez,46,2404,reset,75,++,,7,1,8
dae2kq642tqs73au4qag,ibm_fez,46,2405,reset,75,+-,,1,7,8
dae2kq642tqs73au4qag,ibm_fez,46,2406,none,75,+-,,3,5,8
dae2kq642tqs73au4qag,ibm_fez,46,2407,reset,75,--,,1,7,8
dae2kq642tqs73au4qag,ibm_fez,46,2408,none,75,++,,4,4,8
dae2kq642tqs73au4qag,ibm_fez,46,2409,correlated,75,++,,3,5,8
dae2kq642tqs73au4qag,ibm_fez,46,2410,reset,75,-+,,7,1,8
dae2kq642tqs73au4qag,ibm_fez,46,2411,static,75,-+,,4,4,8
dae2kq642tqs73au4qag,ibm_fez,46,2412,correlated,75,--,,6,2,8
dae2kq642tqs73au4qag,ibm_fez,46,2413,static,75,+-,,7,1,8
dae2kq642tqs73au4qag,ibm_fez,46,2414,static,75,--,,8,0,8
dae2kq642tqs73au4qag,ibm_fez,46,2415,none,118,++,,8,0,8
dae2kq642tqs73au4qag,ibm_fez,46,2416,static,118,+-,,8,0,8
dae2kq642tqs73au4qag,ibm_fez,46,2417,reset,118,++,,8,0,8
dae2kq642tqs73au4qag,ibm_fez,46,2418,none,118,+-,,8,0,8
dae2kq642tqs73au4qag,ibm_fez,46,2419,reset,118,--,,8,0,8
dae2kq642tqs73au4qag,ibm_fez,46,2420,static,118,--,,7,1,8
dae2kq642tqs73au4qag,ibm_fez,46,2421,none,118,-+,,8,0,8
dae2kq642tqs73au4qag,ibm_fez,46,2422,correlated,118,++,,8,0,8
dae2kq642tqs73au4qag,ibm_fez,46,2423,correlated,118,+-,,8,0,8
dae2kq642tqs73au4qag,ibm_fez,46,2424,static,118,++,,8,0,8
dae2kq642tqs73au4qag,ibm_fez,46,2425,none,118,--,,8,0,8
dae2kq642tqs73au4qag,ibm_fez,46,2426,reset,118,-+,,8,0,8
dae2kq642tqs73au4qag,ibm_fez,46,2427,static,118,-+,,8,0,8
dae2kq642tqs73au4qag,ibm_fez,46,2428,correlated,118,--,,8,0,8
dae2kq642tqs73au4qag,ibm_fez,46,2429,reset,118,+-,,7,1,8
dae2kq642tqs73au4qag,ibm_fez,46,2430,correlated,118,-+,,8,0,8
dae2kq642tqs73au4qag,ibm_fez,46,2431,,,,1,0,8,8
dae2kq642tqs73au4qag,ibm_fez,46,2432,static,120,++,,2,6,8
dae2kq642tqs73au4qag,ibm_fez,46,2433,static,120,-+,,3,5,8
dae2kq642tqs73au4qag,ibm_fez,46,2434,correlated,69,++,,2,6,8
dae2kq642tqs73au4qag,ibm_fez,46,2435,reset,120,-+,,3,5,8
dae2kq642tqs73au4qag,ibm_fez,46,2436,static,69,-+,,3,5,8
dae2kq642tqs73au4qag,ibm_fez,46,2437,reset,69,+-,,0,8,8
dae2kq642tqs73au4qag,ibm_fez,46,2438,static,69,+-,,7,1,8
dae2kq642tqs73au4qag,ibm_fez,46,2439,none,69,-+,,3,5,8
dae2kq642tqs73au4qag,ibm_fez,46,2440,static,120,+-,,7,1,8
dae2kq642tqs73au4qag,ibm_fez,46,2441,static,120,--,,7,1,8
dae2kq642tqs73au4qag,ibm_fez,46,2442,none,120,++,,2,6,8
dae2kq642tqs73au4qag,ibm_fez,46,2443,reset,69,++,,7,1,8
dae2kq642tqs73au4qag,ibm_fez,46,2444,correlated,120,--,,2,6,8
dae2kq642tqs73au4qag,ibm_fez,46,2445,reset,120,+-,,4,4,8
dae2kq642tqs73au4qag,ibm_fez,46,2446,reset,120,++,,2,6,8
dae2kq642tqs73au4qag,ibm_fez,46,2447,reset,120,--,,7,1,8
dae2kq642tqs73au4qag,ibm_fez,46,2448,correlated,69,+-,,5,3,8
dae2kq642tqs73au4qag,ibm_fez,46,2449,correlated,120,-+,,5,3,8
dae2kq642tqs73au4qag,ibm_fez,46,2450,static,69,--,,7,1,8
dae2kq642tqs73au4qag,ibm_fez,46,2451,none,69,--,,7,1,8
dae2kq642tqs73au4qag,ibm_fez,46,2452,correlated,120,+-,,1,7,8
dae2kq642tqs73au4qag,ibm_fez,46,2453,none,69,+-,,4,4,8
dae2kq642tqs73au4qag,ibm_fez,46,2454,none,120,--,,7,1,8
dae2kq642tqs73au4qag,ibm_fez,46,2455,static,69,++,,2,6,8
dae2kq642tqs73au4qag,ibm_fez,46,2456,correlated,120,++,,8,0,8
dae2kq642tqs73au4qag,ibm_fez,46,2457,none,120,-+,,2,6,8
dae2kq642tqs73au4qag,ibm_fez,46,2458,correlated,69,--,,8,0,8
dae2kq642tqs73au4qag,ibm_fez,46,2459,correlated,69,-+,,2,6,8
dae2kq642tqs73au4qag,ibm_fez,46,2460,none,120,+-,,4,4,8
dae2kq642tqs73au4qag,ibm_fez,46,2461,reset,69,--,,3,5,8
dae2kq642tqs73au4qag,ibm_fez,46,2462,none,69,++,,3,5,8
dae2kq642tqs73au4qag,ibm_fez,46,2463,reset,69,-+,,6,2,8
dae2kq642tqs73au4qag,ibm_fez,46,2464,static,28,2-,,8,0,8
dae2kq642tqs73au4qag,ibm_fez,46,2465,none,64,1-,,4,4,8
dae2kq642tqs73au4qag,ibm_fez,46,2466,correlated,67,2+,,8,0,8
dae2kq642tqs73au4qag,ibm_fez,46,2467,static,67,2+,,1,7,8
dae2kq642tqs73au4qag,ibm_fez,46,2468,static,64,1-,,6,2,8
dae2kq642tqs73au4qag,ibm_fez,46,2469,static,51,1+,,2,6,8
dae2kq642tqs73au4qag,ibm_fez,46,2470,reset,64,1+,,5,3,8
dae2kq642tqs73au4qag,ibm_fez,46,2471,correlated,22,2-,,2,6,8
dae2kq642tqs73au4qag,ibm_fez,46,2472,none,10,1+,,3,5,8
dae2kq642tqs73au4qag,ibm_fez,46,2473,correlated,89,2-,,7,1,8
dae2kq642tqs73au4qag,ibm_fez,46,2474,reset,89,2-,,6,2,8
dae2kq642tqs73au4qag,ibm_fez,46,2475,reset,78,1+,,5,3,8
dae2kq642tqs73au4qag,ibm_fez,46,2476,correlated,90,2-,,6,2,8
dae2kq642tqs73au4qag,ibm_fez,46,2477,correlated,10,1+,,6,2,8
dae2kq642tqs73au4qag,ibm_fez,46,2478,static,64,1+,,2,6,8
dae2kq642tqs73au4qag,ibm_fez,46,2479,none,78,1+,,6,2,8
dae2kq642tqs73au4qag,ibm_fez,46,2480,static,22,2+,,1,7,8
dae2kq642tqs73au4qag,ibm_fez,46,2481,reset,78,1-,,0,8,8
dae2kq642tqs73au4qag,ibm_fez,46,2482,none,90,2-,,3,5,8
dae2kq642tqs73au4qag,ibm_fez,46,2483,correlated,78,1+,,8,0,8
dae2kq642tqs73au4qag,ibm_fez,46,2484,static,10,2-,,7,1,8
dae2kq642tqs73au4qag,ibm_fez,46,2485,static,10,1-,,7,1,8
dae2kq642tqs73au4qag,ibm_fez,46,2486,reset,51,1-,,1,7,8
dae2kq642tqs73au4qag,ibm_fez,46,2487,none,28,2+,,6,2,8
dae2kq642tqs73au4qag,ibm_fez,46,2488,static,89,2+,,3,5,8
dae2kq642tqs73au4qag,ibm_fez,46,2489,static,78,1+,,1,7,8
dae2kq642tqs73au4qag,ibm_fez,46,2490,none,67,2+,,4,4,8
dae2kq642tqs73au4qag,ibm_fez,46,2491,none,28,2-,,6,2,8
dae2kq642tqs73au4qag,ibm_fez,46,2492,none,92,2-,,3,5,8
dae2kq642tqs73au4qag,ibm_fez,46,2493,none,10,2-,,3,5,8
dae2kq642tqs73au4qag,ibm_fez,46,2494,correlated,22,2+,,7,1,8
dae2kq642tqs73au4qag,ibm_fez,46,2495,correlated,92,2-,,7,1,8
dae2kq642tqs73au4qag,ibm_fez,46,2496,reset,51,1+,,8,0,8
dae2kq642tqs73au4qag,ibm_fez,46,2497,none,67,2-,,3,5,8
dae2kq642tqs73au4qag,ibm_fez,46,2498,static,10,1+,,1,7,8
dae2kq642tqs73au4qag,ibm_fez,46,2499,correlated,10,1-,,2,6,8
dae2kq642tqs73au4qag,ibm_fez,46,2500,static,67,2-,,5,3,8
dae2kq642tqs73au4qag,ibm_fez,46,2501,reset,67,2+,,6,2,8
dae2kq642tqs73au4qag,ibm_fez,46,2502,correlated,10,2-,,3,5,8
dae2kq642tqs73au4qag,ibm_fez,46,2503,none,10,2+,,5,3,8
dae2kq642tqs73au4qag,ibm_fez,46,2504,static,90,2+,,0,8,8
dae2kq642tqs73au4qag,ibm_fez,46,2505,correlated,64,1+,,8,0,8
dae2kq642tqs73au4qag,ibm_fez,46,2506,correlated,64,1-,,2,6,8
dae2kq642tqs73au4qag,ibm_fez,46,2507,reset,10,2-,,7,1,8
dae2kq642tqs73au4qag,ibm_fez,46,2508,reset,67,2-,,0,8,8
dae2kq642tqs73au4qag,ibm_fez,46,2509,none,64,1+,,2,6,8
dae2kq642tqs73au4qag,ibm_fez,46,2510,none,89,2+,,2,6,8
dae2kq642tqs73au4qag,ibm_fez,46,2511,correlated,89,2+,,0,8,8
dae2kq642tqs73au4qag,ibm_fez,46,2512,reset,10,1+,,8,0,8
dae2kq642tqs73au4qag,ibm_fez,46,2513,correlated,28,2-,,7,1,8
dae2kq642tqs73au4qag,ibm_fez,46,2514,correlated,78,1-,,2,6,8
dae2kq642tqs73au4qag,ibm_fez,46,2515,none,22,2-,,3,5,8
dae2kq642tqs73au4qag,ibm_fez,46,2516,static,10,2+,,1,7,8
dae2kq642tqs73au4qag,ibm_fez,46,2517,static,78,1-,,5,3,8
dae2kq642tqs73au4qag,ibm_fez,46,2518,correlated,90,2+,,1,7,8
dae2kq642tqs73au4qag,ibm_fez,46,2519,reset,90,2+,,1,7,8
dae2kq642tqs73au4qag,ibm_fez,46,2520,none,22,2+,,6,2,8
dae2kq642tqs73au4qag,ibm_fez,46,2521,correlated,92,2+,,1,7,8
dae2kq642tqs73au4qag,ibm_fez,46,2522,reset,28,2-,,1,7,8
dae2kq642tqs73au4qag,ibm_fez,46,2523,reset,89,2+,,2,6,8
dae2kq642tqs73au4qag,ibm_fez,46,2524,reset,10,1-,,4,4,8
dae2kq642tqs73au4qag,ibm_fez,46,2525,reset,92,2+,,8,0,8
dae2kq642tqs73au4qag,ibm_fez,46,2526,correlated,10,2+,,6,2,8
dae2kq642tqs73au4qag,ibm_fez,46,2527,static,22,2-,,6,2,8
dae2kq642tqs73au4qag,ibm_fez,46,2528,none,51,1-,,4,4,8
dae2kq642tqs73au4qag,ibm_fez,46,2529,correlated,51,1-,,3,5,8
dae2kq642tqs73au4qag,ibm_fez,46,2530,reset,28,2+,,8,0,8
dae2kq642tqs73au4qag,ibm_fez,46,2531,static,92,2+,,2,6,8
dae2kq642tqs73au4qag,ibm_fez,46,2532,reset,22,2-,,7,1,8
dae2kq642tqs73au4qag,ibm_fez,46,2533,none,92,2+,,5,3,8
dae2kq642tqs73au4qag,ibm_fez,46,2534,reset,90,2-,,8,0,8
dae2kq642tqs73au4qag,ibm_fez,46,2535,none,10,1-,,4,4,8
dae2kq642tqs73au4qag,ibm_fez,46,2536,none,89,2-,,4,4,8
dae2kq642tqs73au4qag,ibm_fez,46,2537,correlated,67,2-,,1,7,8
dae2kq642tqs73au4qag,ibm_fez,46,2538,none,78,1-,,5,3,8
dae2kq642tqs73au4qag,ibm_fez,46,2539,static,28,2+,,1,7,8
dae2kq642tqs73au4qag,ibm_fez,46,2540,static,89,2-,,6,2,8
dae2kq642tqs73au4qag,ibm_fez,46,2541,reset,92,2-,,0,8,8
dae2kq642tqs73au4qag,ibm_fez,46,2542,correlated,28,2+,,2,6,8
dae2kq642tqs73au4qag,ibm_fez,46,2543,correlated,51,1+,,6,2,8
dae2kq642tqs73au4qag,ibm_fez,46,2544,none,51,1+,,5,3,8
dae2kq642tqs73au4qag,ibm_fez,46,2545,reset,10,2+,,2,6,8
dae2kq642tqs73au4qag,ibm_fez,46,2546,static,92,2-,,8,0,8
dae2kq642tqs73au4qag,ibm_fez,46,2547,static,90,2-,,7,1,8
dae2kq642tqs73au4qag,ibm_fez,46,2548,none,90,2+,,6,2,8
dae2kq642tqs73au4qag,ibm_fez,46,2549,reset,22,2+,,1,7,8
dae2kq642tqs73au4qag,ibm_fez,46,2550,reset,64,1-,,2,6,8
dae2kq642tqs73au4qag,ibm_fez,46,2551,static,51,1-,,6,2,8
dae2kq642tqs73au4qag,ibm_fez,46,2552,none,19,1-,,4,4,8
dae2kq642tqs73au4qag,ibm_fez,46,2553,none,9,1-,,4,4,8
dae2kq642tqs73au4qag,ibm_fez,46,2554,correlated,115,2-,,2,6,8
dae2kq642tqs73au4qag,ibm_fez,46,2555,none,22,1+,,3,5,8
dae2kq642tqs73au4qag,ibm_fez,46,2556,static,21,2+,,1,7,8
dae2kq642tqs73au4qag,ibm_fez,46,2557,none,19,1+,,2,6,8
dae2kq642tqs73au4qag,ibm_fez,46,2558,none,21,2-,,1,7,8
dae2kq642tqs73au4qag,ibm_fez,46,2559,reset,115,2-,,6,2,8
dae2kq642tqs73au4qag,ibm_fez,46,2560,reset,89,1-,,8,0,8
dae2kq642tqs73au4qag,ibm_fez,46,2561,static,9,1+,,0,8,8
dae2kq642tqs73au4qag,ibm_fez,46,2562,none,89,1-,,4,4,8
dae2kq642tqs73au4qag,ibm_fez,46,2563,reset,15,2-,,2,6,8
dae2kq642tqs73au4qag,ibm_fez,46,2564,reset,115,2+,,0,8,8
dae2kq642tqs73au4qag,ibm_fez,46,2565,reset,123,1+,,1,7,8
dae2kq642tqs73au4qag,ibm_fez,46,2566,correlated,9,1+,,4,4,8
dae2kq642tqs73au4qag,ibm_fez,46,2567,static,89,1-,,7,1,8
dae2kq642tqs73au4qag,ibm_fez,46,2568,static,21,2-,,7,1,8
dae2kq642tqs73au4qag,ibm_fez,46,2569,correlated,35,1+,,6,2,8
dae2kq642tqs73au4qag,ibm_fez,46,2570,none,98,1-,,5,3,8
dae2kq642tqs73au4qag,ibm_fez,46,2571,none,22,1-,,4,4,8
dae2kq642tqs73au4qag,ibm_fez,46,2572,correlated,19,1+,,7,1,8
dae2kq642tqs73au4qag,ibm_fez,46,2573,correlated,123,1-,,7,1,8
dae2kq642tqs73au4qag,ibm_fez,46,2574,none,98,1+,,6,2,8
dae2kq642tqs73au4qag,ibm_fez,46,2575,correlated,98,1+,,7,1,8
dae2kq642tqs73au4qag,ibm_fez,46,2576,reset,9,1-,,6,2,8
dae2kq642tqs73au4qag,ibm_fez,46,2577,correlated,15,2-,,7,1,8
dae2kq642tqs73au4qag,ibm_fez,46,2578,none,115,2+,,3,5,8
dae2kq642tqs73au4qag,ibm_fez,46,2579,static,115,2+,,2,6,8
dae2kq642tqs73au4qag,ibm_fez,46,2580,static,123,1+,,0,8,8
dae2kq642tqs73au4qag,ibm_fez,46,2581,correlated,21,2+,,1,7,8
dae2kq642tqs73au4qag,ibm_fez,46,2582,reset,9,1+,,2,6,8
dae2kq642tqs73au4qag,ibm_fez,46,2583,static,22,1+,,2,6,8
dae2kq642tqs73au4qag,ibm_fez,46,2584,reset,98,1-,,1,7,8
dae2kq642tqs73au4qag,ibm_fez,46,2585,correlated,98,1-,,3,5,8
dae2kq642tqs73au4qag,ibm_fez,46,2586,reset,21,2-,,6,2,8
dae2kq642tqs73au4qag,ibm_fez,46,2587,reset,98,1+,,6,2,8
dae2kq642tqs73au4qag,ibm_fez,46,2588,reset,22,1+,,6,2,8
dae2kq642tqs73au4qag,ibm_fez,46,2589,static,89,1+,,2,6,8
dae2kq642tqs73au4qag,ibm_fez,46,2590,correlated,15,2+,,0,8,8
dae2kq642tqs73au4qag,ibm_fez,46,2591,static,15,2-,,6,2,8
dae2kq642tqs73au4qag,ibm_fez,46,2592,none,15,2-,,4,4,8
dae2kq642tqs73au4qag,ibm_fez,46,2593,static,19,1-,,6,2,8
dae2kq642tqs73au4qag,ibm_fez,46,2594,reset,19,1+,,8,0,8
dae2kq642tqs73au4qag,ibm_fez,46,2595,none,123,1+,,2,6,8
dae2kq642tqs73au4qag,ibm_fez,46,2596,none,115,2-,,2,6,8
dae2kq642tqs73au4qag,ibm_fez,46,2597,none,15,2+,,2,6,8
dae2kq642tqs73au4qag,ibm_fez,46,2598,none,89,1+,,2,6,8
dae2kq642tqs73au4qag,ibm_fez,46,2599,reset,21,2+,,2,6,8
dae2kq642tqs73au4qag,ibm_fez,46,2600,correlated,115,2+,,6,2,8
dae2kq642tqs73au4qag,ibm_fez,46,2601,reset,123,1-,,7,1,8
dae2kq642tqs73au4qag,ibm_fez,46,2602,correlated,21,2-,,8,0,8
dae2kq642tqs73au4qag,ibm_fez,46,2603,correlated,89,1-,,8,0,8
dae2kq642tqs73au4qag,ibm_fez,46,2604,reset,19,1-,,1,7,8
dae2kq642tqs73au4qag,ibm_fez,46,2605,reset,35,1+,,8,0,8
dae2kq642tqs73au4qag,ibm_fez,46,2606,correlated,19,1-,,0,8,8
dae2kq642tqs73au4qag,ibm_fez,46,2607,correlated,22,1-,,1,7,8
dae2kq642tqs73au4qag,ibm_fez,46,2608,static,98,1+,,0,8,8
dae2kq642tqs73au4qag,ibm_fez,46,2609,none,123,1-,,4,4,8
dae2kq642tqs73au4qag,ibm_fez,46,2610,static,35,1+,,3,5,8
dae2kq642tqs73au4qag,ibm_fez,46,2611,static,35,1-,,8,0,8
dae2kq642tqs73au4qag,ibm_fez,46,2612,correlated,89,1+,,2,6,8
dae2kq642tqs73au4qag,ibm_fez,46,2613,static,19,1+,,2,6,8
dae2kq642tqs73au4qag,ibm_fez,46,2614,reset,22,1-,,2,6,8
dae2kq642tqs73au4qag,ibm_fez,46,2615,correlated,22,1+,,7,1,8
dae2kq642tqs73au4qag,ibm_fez,46,2616,static,115,2-,,7,1,8
dae2kq642tqs73au4qag,ibm_fez,46,2617,reset,35,1-,,0,8,8
dae2kq642tqs73au4qag,ibm_fez,46,2618,static,15,2+,,1,7,8
dae2kq642tqs73au4qag,ibm_fez,46,2619,static,123,1-,,6,2,8
dae2kq642tqs73au4qag,ibm_fez,46,2620,reset,15,2+,,8,0,8
dae2kq642tqs73au4qag,ibm_fez,46,2621,correlated,9,1-,,7,1,8
dae2kq642tqs73au4qag,ibm_fez,46,2622,reset,89,1+,,1,7,8
dae2kq642tqs73au4qag,ibm_fez,46,2623,correlated,35,1-,,2,6,8
dae2kq642tqs73au4qag,ibm_fez,46,2624,none,35,1+,,3,5,8
dae2kq642tqs73au4qag,ibm_fez,46,2625,none,21,2+,,4,4,8
dae2kq642tqs73au4qag,ibm_fez,46,2626,none,35,1-,,7,1,8
dae2kq642tqs73au4qag,ibm_fez,46,2627,static,9,1-,,8,0,8
dae2kq642tqs73au4qag,ibm_fez,46,2628,none,9,1+,,4,4,8
dae2kq642tqs73au4qag,ibm_fez,46,2629,static,98,1-,,8,0,8
dae2kq642tqs73au4qag,ibm_fez,46,2630,static,22,1-,,4,4,8
dae2kq642tqs73au4qag,ibm_fez,46,2631,correlated,123,1+,,1,7,8
dae2kq642tqs73au4qag,ibm_fez,46,2632,,,,0,8,0,8
dae2kq642tqs73au4qag,ibm_fez,46,2633,,,,0,8,0,8
dae2kq642tqs73au4qag,ibm_fez,46,2634,,,,0,8,0,8
dae2kq642tqs73au4qag,ibm_fez,46,2635,none,31,+-,,4,4,8
dae2kq642tqs73au4qag,ibm_fez,46,2636,reset,31,--,,3,5,8
dae2kq642tqs73au4qag,ibm_fez,46,2637,correlated,31,++,,6,2,8
dae2kq642tqs73au4qag,ibm_fez,46,2638,none,31,++,,5,3,8
dae2kq642tqs73au4qag,ibm_fez,46,2639,static,31,-+,,6,2,8
dae2kq642tqs73au4qag,ibm_fez,46,2640,correlated,31,-+,,2,6,8
dae2kq642tqs73au4qag,ibm_fez,46,2641,none,31,--,,1,7,8
dae2kq642tqs73au4qag,ibm_fez,46,2642,none,31,-+,,3,5,8
dae2kq642tqs73au4qag,ibm_fez,46,2643,reset,31,++,,7,1,8
dae2kq642tqs73au4qag,ibm_fez,46,2644,correlated,31,+-,,6,2,8
dae2kq642tqs73au4qag,ibm_fez,46,2645,static,31,--,,6,2,8
dae2kq642tqs73au4qag,ibm_fez,46,2646,static,31,+-,,0,8,8
dae2kq642tqs73au4qag,ibm_fez,46,2647,reset,31,+-,,7,1,8
dae2kq642tqs73au4qag,ibm_fez,46,2648,reset,31,-+,,3,5,8
dae2kq642tqs73au4qag,ibm_fez,46,2649,static,31,++,,2,6,8
dae2kq642tqs73au4qag,ibm_fez,46,2650,correlated,31,--,,0,8,8
dae2kq642tqs73au4qag,ibm_fez,46,2651,static,27,+-,,2,6,8
dae2kq642tqs73au4qag,ibm_fez,46,2652,correlated,27,++,,7,1,8
dae2kq642tqs73au4qag,ibm_fez,46,2653,reset,27,-+,,6,2,8
dae2kq642tqs73au4qag,ibm_fez,46,2654,none,27,-+,,3,5,8
dae2kq642tqs73au4qag,ibm_fez,46,2655,correlated,68,+-,,1,7,8
dae2kq642tqs73au4qag,ibm_fez,46,2656,static,27,-+,,0,8,8
dae2kq642tqs73au4qag,ibm_fez,46,2657,none,114,+-,,1,7,8
dae2kq642tqs73au4qag,ibm_fez,46,2658,none,68,--,,2,6,8
dae2kq642tqs73au4qag,ibm_fez,46,2659,reset,68,+-,,0,8,8
dae2kq642tqs73au4qag,ibm_fez,46,2660,static,68,-+,,5,3,8
dae2kq642tqs73au4qag,ibm_fez,46,2661,correlated,68,++,,7,1,8
dae2kq642tqs73au4qag,ibm_fez,46,2662,static,114,+-,,2,6,8
dae2kq642tqs73au4qag,ibm_fez,46,2663,correlated,114,++,,5,3,8
dae2kq642tqs73au4qag,ibm_fez,46,2664,reset,114,+-,,7,1,8
dae2kq642tqs73au4qag,ibm_fez,46,2665,none,27,+-,,3,5,8
dae2kq642tqs73au4qag,ibm_fez,46,2666,static,68,++,,6,2,8
dae2kq642tqs73au4qag,ibm_fez,46,2667,static,114,++,,6,2,8
dae2kq642tqs73au4qag,ibm_fez,46,2668,static,114,-+,,3,5,8
dae2kq642tqs73au4qag,ibm_fez,46,2669,correlated,68,--,,6,2,8
dae2kq642tqs73au4qag,ibm_fez,46,2670,none,114,-+,,2,6,8
dae2kq642tqs73au4qag,ibm_fez,46,2671,correlated,27,+-,,2,6,8
dae2kq642tqs73au4qag,ibm_fez,46,2672,none,27,++,,5,3,8
dae2kq642tqs73au4qag,ibm_fez,46,2673,reset,114,-+,,5,3,8
dae2kq642tqs73au4qag,ibm_fez,46,2674,correlated,68,-+,,2,6,8
dae2kq642tqs73au4qag,ibm_fez,46,2675,correlated,114,--,,7,1,8
dae2kq642tqs73au4qag,ibm_fez,46,2676,none,68,++,,2,6,8
dae2kq642tqs73au4qag,ibm_fez,46,2677,correlated,114,-+,,3,5,8
dae2kq642tqs73au4qag,ibm_fez,46,2678,static,68,--,,7,1,8
dae2kq642tqs73au4qag,ibm_fez,46,2679,none,114,++,,3,5,8
dae2kq642tqs73au4qag,ibm_fez,46,2680,reset,27,--,,2,6,8
dae2kq642tqs73au4qag,ibm_fez,46,2681,none,68,+-,,5,3,8
dae2kq642tqs73au4qag,ibm_fez,46,2682,reset,68,-+,,3,5,8
dae2kq642tqs73au4qag,ibm_fez,46,2683,reset,27,+-,,7,1,8
dae2kq642tqs73au4qag,ibm_fez,46,2684,none,114,--,,7,1,8
dae2kq642tqs73au4qag,ibm_fez,46,2685,static,27,++,,5,3,8
dae2kq642tqs73au4qag,ibm_fez,46,2686,correlated,27,-+,,0,8,8
dae2kq642tqs73au4qag,ibm_fez,46,2687,static,27,--,,7,1,8
dae2kq642tqs73au4qag,ibm_fez,46,2688,none,68,-+,,4,4,8
dae2kq642tqs73au4qag,ibm_fez,46,2689,static,114,--,,7,1,8
dae2kq642tqs73au4qag,ibm_fez,46,2690,static,68,+-,,1,7,8
dae2kq642tqs73au4qag,ibm_fez,46,2691,reset,114,--,,4,4,8
dae2kq642tqs73au4qag,ibm_fez,46,2692,reset,68,--,,6,2,8
dae2kq642tqs73au4qag,ibm_fez,46,2693,correlated,27,--,,6,2,8
dae2kq642tqs73au4qag,ibm_fez,46,2694,none,27,--,,4,4,8
dae2kq642tqs73au4qag,ibm_fez,46,2695,reset,27,++,,4,4,8
dae2kq642tqs73au4qag,ibm_fez,46,2696,correlated,114,+-,,4,4,8
dae2kq642tqs73au4qag,ibm_fez,46,2697,reset,114,++,,4,4,8
dae2kq642tqs73au4qag,ibm_fez,46,2698,reset,68,++,,6,2,8
dae2kq642tqs73au4qag,ibm_fez,46,2699,,,,1,0,8,8
dae2kq642tqs73au4qag,ibm_fez,46,2700,,,,0,8,0,8
dae2kq642tqs73au4qag,ibm_fez,46,2701,,,,0,8,0,8
dae2kq642tqs73au4qag,ibm_fez,46,2702,none,112,--,,5,3,8
dae2kq642tqs73au4qag,ibm_fez,46,2703,correlated,112,--,,7,1,8
dae2kq642tqs73au4qag,ibm_fez,46,2704,static,112,--,,8,0,8
dae2kq642tqs73au4qag,ibm_fez,46,2705,reset,112,++,,3,5,8
dae2kq642tqs73au4qag,ibm_fez,46,2706,none,112,-+,,4,4,8
dae2kq642tqs73au4qag,ibm_fez,46,2707,reset,112,+-,,0,8,8
dae2kq642tqs73au4qag,ibm_fez,46,2708,correlated,112,+-,,1,7,8
dae2kq642tqs73au4qag,ibm_fez,46,2709,correlated,112,-+,,3,5,8
dae2kq642tqs73au4qag,ibm_fez,46,2710,static,112,-+,,7,1,8
dae2kq642tqs73au4qag,ibm_fez,46,2711,none,112,+-,,5,3,8
dae2kq642tqs73au4qag,ibm_fez,46,2712,static,112,+-,,0,8,8
dae2kq642tqs73au4qag,ibm_fez,46,2713,static,112,++,,1,7,8
dae2kq642tqs73au4qag,ibm_fez,46,2714,reset,112,-+,,7,1,8
dae2kq642tqs73au4qag,ibm_fez,46,2715,none,112,++,,3,5,8
dae2kq642tqs73au4qag,ibm_fez,46,2716,correlated,112,++,,1,7,8
dae2kq642tqs73au4qag,ibm_fez,46,2717,reset,112,--,,7,1,8
dae2kq642tqs73au4qag,ibm_fez,46,2718,,,,0,8,0,8
dae2kq642tqs73au4qag,ibm_fez,46,2719,correlated,36,-+,,1,7,8
dae2kq642tqs73au4qag,ibm_fez,46,2720,static,36,--,,6,2,8
dae2kq642tqs73au4qag,ibm_fez,46,2721,reset,36,--,,7,1,8
dae2kq642tqs73au4qag,ibm_fez,46,2722,none,36,++,,4,4,8
dae2kq642tqs73au4qag,ibm_fez,46,2723,static,36,+-,,1,7,8
dae2kq642tqs73au4qag,ibm_fez,46,2724,none,36,+-,,4,4,8
dae2kq642tqs73au4qag,ibm_fez,46,2725,correlated,36,+-,,1,7,8
dae2kq642tqs73au4qag,ibm_fez,46,2726,reset,36,++,,5,3,8
dae2kq642tqs73au4qag,ibm_fez,46,2727,correlated,36,++,,6,2,8
dae2kq642tqs73au4qag,ibm_fez,46,2728,static,36,-+,,2,6,8
dae2kq642tqs73au4qag,ibm_fez,46,2729,static,36,++,,8,0,8
dae2kq642tqs73au4qag,ibm_fez,46,2730,reset,36,+-,,2,6,8
dae2kq642tqs73au4qag,ibm_fez,46,2731,correlated,36,--,,6,2,8
dae2kq642tqs73au4qag,ibm_fez,46,2732,none,36,--,,3,5,8
dae2kq642tqs73au4qag,ibm_fez,46,2733,none,36,-+,,7,1,8
dae2kq642tqs73au4qag,ibm_fez,46,2734,reset,36,-+,,3,5,8
dae2kq642tqs73au4qag,ibm_fez,46,2735,none,127,-+,,3,5,8
dae2kq642tqs73au4qag,ibm_fez,46,2736,correlated,127,--,,7,1,8
dae2kq642tqs73au4qag,ibm_fez,46,2737,none,127,--,,5,3,8
dae2kq642tqs73au4qag,ibm_fez,46,2738,none,127,++,,5,3,8
dae2kq642tqs73au4qag,ibm_fez,46,2739,correlated,127,-+,,6,2,8
dae2kq642tqs73au4qag,ibm_fez,46,2740,reset,127,--,,5,3,8
dae2kq642tqs73au4qag,ibm_fez,46,2741,static,127,++,,1,7,8
dae2kq642tqs73au4qag,ibm_fez,46,2742,reset,127,-+,,6,2,8
dae2kq642tqs73au4qag,ibm_fez,46,2743,static,127,-+,,8,0,8
dae2kq642tqs73au4qag,ibm_fez,46,2744,reset,127,++,,4,4,8
dae2kq642tqs73au4qag,ibm_fez,46,2745,correlated,127,++,,0,8,8
dae2kq642tqs73au4qag,ibm_fez,46,2746,static,127,--,,7,1,8
dae2kq642tqs73au4qag,ibm_fez,46,2747,static,127,+-,,0,8,8
dae2kq642tqs73au4qag,ibm_fez,46,2748,correlated,127,+-,,2,6,8
dae2kq642tqs73au4qag,ibm_fez,46,2749,reset,127,+-,,1,7,8
dae2kq642tqs73au4qag,ibm_fez,46,2750,none,127,+-,,3,5,8
dae2kq642tqs73au4qag,ibm_fez,46,2751,,,,1,0,8,8
dae2kq642tqs73au4qag,ibm_fez,46,2752,correlated,72,--,,6,2,8
dae2kq642tqs73au4qag,ibm_fez,46,2753,correlated,72,++,,6,2,8
dae2kq642tqs73au4qag,ibm_fez,46,2754,reset,72,++,,6,2,8
dae2kq642tqs73au4qag,ibm_fez,46,2755,reset,72,+-,,4,4,8
dae2kq642tqs73au4qag,ibm_fez,46,2756,static,72,--,,7,1,8
dae2kq642tqs73au4qag,ibm_fez,46,2757,static,72,+-,,2,6,8
dae2kq642tqs73au4qag,ibm_fez,46,2758,reset,72,--,,8,0,8
dae2kq642tqs73au4qag,ibm_fez,46,2759,none,72,-+,,3,5,8
dae2kq642tqs73au4qag,ibm_fez,46,2760,reset,72,-+,,1,7,8
dae2kq642tqs73au4qag,ibm_fez,46,2761,none,72,+-,,7,1,8
dae2kq642tqs73au4qag,ibm_fez,46,2762,static,72,++,,6,2,8
dae2kq642tqs73au4qag,ibm_fez,46,2763,correlated,72,-+,,4,4,8
dae2kq642tqs73au4qag,ibm_fez,46,2764,none,72,--,,3,5,8
dae2kq642tqs73au4qag,ibm_fez,46,2765,none,72,++,,4,4,8
dae2kq642tqs73au4qag,ibm_fez,46,2766,correlated,72,+-,,3,5,8
dae2kq642tqs73au4qag,ibm_fez,46,2767,static,72,-+,,1,7,8
dae2kq642tqs73au4qag,ibm_fez,46,2768,correlated,66,++,,5,3,8
dae2kq642tqs73au4qag,ibm_fez,46,2769,none,66,+-,,4,4,8
dae2kq642tqs73au4qag,ibm_fez,46,2770,correlated,66,+-,,1,7,8
dae2kq642tqs73au4qag,ibm_fez,46,2771,none,66,--,,6,2,8
dae2kq642tqs73au4qag,ibm_fez,46,2772,static,66,+-,,6,2,8
dae2kq642tqs73au4qag,ibm_fez,46,2773,reset,66,+-,,1,7,8
dae2kq642tqs73au4qag,ibm_fez,46,2774,reset,66,++,,6,2,8
dae2kq642tqs73au4qag,ibm_fez,46,2775,correlated,66,-+,,6,2,8
dae2kq642tqs73au4qag,ibm_fez,46,2776,static,66,--,,6,2,8
dae2kq642tqs73au4qag,ibm_fez,46,2777,correlated,66,--,,2,6,8
dae2kq642tqs73au4qag,ibm_fez,46,2778,reset,66,--,,0,8,8
dae2kq642tqs73au4qag,ibm_fez,46,2779,none,66,-+,,6,2,8
dae2kq642tqs73au4qag,ibm_fez,46,2780,reset,66,-+,,7,1,8
dae2kq642tqs73au4qag,ibm_fez,46,2781,none,66,++,,5,3,8
dae2kq642tqs73au4qag,ibm_fez,46,2782,static,66,-+,,1,7,8
dae2kq642tqs73au4qag,ibm_fez,46,2783,static,66,++,,1,7,8
dae2kq642tqs73au4qag,ibm_fez,46,2784,correlated,65,++,,5,3,8
dae2kq642tqs73au4qag,ibm_fez,46,2785,none,65,++,,5,3,8
dae2kq642tqs73au4qag,ibm_fez,46,2786,reset,65,-+,,1,7,8
dae2kq642tqs73au4qag,ibm_fez,46,2787,none,65,-+,,4,4,8
dae2kq642tqs73au4qag,ibm_fez,46,2788,static,65,--,,5,3,8
dae2kq642tqs73au4qag,ibm_fez,46,2789,static,65,-+,,2,6,8
dae2kq642tqs73au4qag,ibm_fez,46,2790,static,65,++,,6,2,8
dae2kq642tqs73au4qag,ibm_fez,46,2791,correlated,65,+-,,5,3,8
dae2kq642tqs73au4qag,ibm_fez,46,2792,reset,65,+-,,4,4,8
dae2kq642tqs73au4qag,ibm_fez,46,2793,none,65,--,,4,4,8
dae2kq642tqs73au4qag,ibm_fez,46,2794,correlated,65,-+,,4,4,8
dae2kq642tqs73au4qag,ibm_fez,46,2795,reset,65,--,,4,4,8
dae2kq642tqs73au4qag,ibm_fez,46,2796,correlated,65,--,,6,2,8
dae2kq642tqs73au4qag,ibm_fez,46,2797,static,65,+-,,3,5,8
dae2kq642tqs73au4qag,ibm_fez,46,2798,reset,65,++,,5,3,8
dae2kq642tqs73au4qag,ibm_fez,46,2799,none,65,+-,,1,7,8
dae2kq642tqs73au4qag,ibm_fez,46,2800,static,121,+-,,4,4,8
dae2kq642tqs73au4qag,ibm_fez,46,2801,static,121,-+,,3,5,8
dae2kq642tqs73au4qag,ibm_fez,46,2802,reset,121,--,,0,8,8
dae2kq642tqs73au4qag,ibm_fez,46,2803,static,121,--,,2,6,8
dae2kq642tqs73au4qag,ibm_fez,46,2804,reset,121,+-,,8,0,8
dae2kq642tqs73au4qag,ibm_fez,46,2805,correlated,121,+-,,5,3,8
dae2kq642tqs73au4qag,ibm_fez,46,2806,none,121,+-,,8,0,8
dae2kq642tqs73au4qag,ibm_fez,46,2807,reset,121,-+,,8,0,8
dae2kq642tqs73au4qag,ibm_fez,46,2808,none,121,++,,0,8,8
dae2kq642tqs73au4qag,ibm_fez,46,2809,correlated,121,++,,5,3,8
dae2kq642tqs73au4qag,ibm_fez,46,2810,correlated,121,-+,,2,6,8
dae2kq642tqs73au4qag,ibm_fez,46,2811,none,121,--,,1,7,8
dae2kq642tqs73au4qag,ibm_fez,46,2812,none,121,-+,,8,0,8
dae2kq642tqs73au4qag,ibm_fez,46,2813,static,121,++,,6,2,8
dae2kq642tqs73au4qag,ibm_fez,46,2814,reset,121,++,,1,7,8
dae2kq642tqs73au4qag,ibm_fez,46,2815,correlated,121,--,,2,6,8
dae2kq642tqs73au4qag,ibm_fez,46,2816,correlated,63,--,,6,2,8
dae2kq642tqs73au4qag,ibm_fez,46,2817,static,63,++,,2,6,8
dae2kq642tqs73au4qag,ibm_fez,46,2818,correlated,63,-+,,6,2,8
dae2kq642tqs73au4qag,ibm_fez,46,2819,correlated,63,++,,0,8,8
dae2kq642tqs73au4qag,ibm_fez,46,2820,reset,63,+-,,1,7,8
dae2kq642tqs73au4qag,ibm_fez,46,2821,reset,63,++,,1,7,8
dae2kq642tqs73au4qag,ibm_fez,46,2822,none,63,+-,,2,6,8
dae2kq642tqs73au4qag,ibm_fez,46,2823,static,63,-+,,8,0,8
dae2kq642tqs73au4qag,ibm_fez,46,2824,reset,63,--,,7,1,8
dae2kq642tqs73au4qag,ibm_fez,46,2825,static,63,+-,,0,8,8
dae2kq642tqs73au4qag,ibm_fez,46,2826,none,63,--,,3,5,8
dae2kq642tqs73au4qag,ibm_fez,46,2827,none,63,-+,,6,2,8
dae2kq642tqs73au4qag,ibm_fez,46,2828,reset,63,-+,,7,1,8
dae2kq642tqs73au4qag,ibm_fez,46,2829,static,63,--,,8,0,8
dae2kq642tqs73au4qag,ibm_fez,46,2830,correlated,63,+-,,3,5,8
dae2kq642tqs73au4qag,ibm_fez,46,2831,none,63,++,,6,2,8
dae2kq642tqs73au4qag,ibm_fez,46,2832,,,,0,8,0,8
dae2kq642tqs73au4qag,ibm_fez,46,2833,,,,0,8,0,8
dae2kq642tqs73au4qag,ibm_fez,46,2834,,,,1,1,7,8
dae2kq642tqs73au4qag,ibm_fez,46,2835,correlated,53,-+,,1,7,8
dae2kq642tqs73au4qag,ibm_fez,46,2836,correlated,53,++,,1,7,8
dae2kq642tqs73au4qag,ibm_fez,46,2837,reset,53,--,,1,7,8
dae2kq642tqs73au4qag,ibm_fez,46,2838,static,53,+-,,7,1,8
dae2kq642tqs73au4qag,ibm_fez,46,2839,reset,53,++,,6,2,8
dae2kq642tqs73au4qag,ibm_fez,46,2840,static,53,--,,7,1,8
dae2kq642tqs73au4qag,ibm_fez,46,2841,reset,53,+-,,4,4,8
dae2kq642tqs73au4qag,ibm_fez,46,2842,correlated,53,+-,,8,0,8
dae2kq642tqs73au4qag,ibm_fez,46,2843,correlated,53,--,,5,3,8
dae2kq642tqs73au4qag,ibm_fez,46,2844,reset,53,-+,,7,1,8
dae2kq642tqs73au4qag,ibm_fez,46,2845,none,53,++,,6,2,8
dae2kq642tqs73au4qag,ibm_fez,46,2846,static,53,-+,,2,6,8
dae2kq642tqs73au4qag,ibm_fez,46,2847,none,53,+-,,2,6,8
dae2kq642tqs73au4qag,ibm_fez,46,2848,static,53,++,,2,6,8
dae2kq642tqs73au4qag,ibm_fez,46,2849,none,53,--,,3,5,8
dae2kq642tqs73au4qag,ibm_fez,46,2850,none,53,-+,,2,6,8
dae2kq642tqs73au4qag,ibm_fez,46,2851,correlated,103,-+,,7,1,8
dae2kq642tqs73au4qag,ibm_fez,46,2852,reset,103,++,,1,7,8
dae2kq642tqs73au4qag,ibm_fez,46,2853,correlated,103,++,,2,6,8
dae2kq642tqs73au4qag,ibm_fez,46,2854,reset,103,-+,,5,3,8
dae2kq642tqs73au4qag,ibm_fez,46,2855,none,103,--,,2,6,8
dae2kq642tqs73au4qag,ibm_fez,46,2856,none,103,+-,,5,3,8
dae2kq642tqs73au4qag,ibm_fez,46,2857,static,103,-+,,6,2,8
dae2kq642tqs73au4qag,ibm_fez,46,2858,correlated,103,+-,,1,7,8
dae2kq642tqs73au4qag,ibm_fez,46,2859,static,103,++,,0,8,8
dae2kq642tqs73au4qag,ibm_fez,46,2860,reset,103,+-,,3,5,8
dae2kq642tqs73au4qag,ibm_fez,46,2861,none,103,++,,3,5,8
dae2kq642tqs73au4qag,ibm_fez,46,2862,correlated,103,--,,6,2,8
dae2kq642tqs73au4qag,ibm_fez,46,2863,static,103,+-,,1,7,8
dae2kq642tqs73au4qag,ibm_fez,46,2864,reset,103,--,,7,1,8
dae2kq642tqs73au4qag,ibm_fez,46,2865,none,103,-+,,4,4,8
dae2kq642tqs73au4qag,ibm_fez,46,2866,static,103,--,,6,2,8
dae2kq642tqs73au4qag,ibm_fez,46,2867,,,,1,0,8,8
dae2kq642tqs73au4qag,ibm_fez,46,2868,,,,0,8,0,8
dae2kq642tqs73au4qag,ibm_fez,46,2869,,,,1,0,8,8
dae2kq642tqs73au4qag,ibm_fez,46,2870,,,,0,8,0,8
dae2kq642tqs73au4qag,ibm_fez,46,2871,,,,1,0,8,8
dae2kq642tqs73au4qag,ibm_fez,46,2872,none,3,1+,,8,0,8
dae2kq642tqs73au4qag,ibm_fez,46,2873,static,69,1-,,8,0,8
dae2kq642tqs73au4qag,ibm_fez,46,2874,reset,2,2-,,7,1,8
dae2kq642tqs73au4qag,ibm_fez,46,2875,reset,54,2-,,8,0,8
dae2kq642tqs73au4qag,ibm_fez,46,2876,reset,56,1+,,8,0,8
dae2kq642tqs73au4qag,ibm_fez,46,2877,correlated,3,1-,,8,0,8
dae2kq642tqs73au4qag,ibm_fez,46,2878,none,54,2+,,8,0,8
dae2kq642tqs73au4qag,ibm_fez,46,2879,correlated,2,2-,,8,0,8
dae2kq642tqs73au4qag,ibm_fez,46,2880,correlated,120,1-,,8,0,8
dae2kq642tqs73au4qag,ibm_fez,46,2881,correlated,69,1-,,8,0,8
dae2kq642tqs73au4qag,ibm_fez,46,2882,reset,54,2+,,8,0,8
dae2kq642tqs73au4qag,ibm_fez,46,2883,static,2,2-,,8,0,8
dae2kq642tqs73au4qag,ibm_fez,46,2884,correlated,57,1+,,8,0,8
dae2kq642tqs73au4qag,ibm_fez,46,2885,none,56,1+,,8,0,8
dae2kq642tqs73au4qag,ibm_fez,46,2886,reset,69,1-,,8,0,8
dae2kq642tqs73au4qag,ibm_fez,46,2887,static,69,1+,,8,0,8
dae2kq642tqs73au4qag,ibm_fez,46,2888,correlated,3,1+,,8,0,8
dae2kq642tqs73au4qag,ibm_fez,46,2889,static,2,2+,,8,0,8
dae2kq642tqs73au4qag,ibm_fez,46,2890,none,69,1-,,8,0,8
dae2kq642tqs73au4qag,ibm_fez,46,2891,correlated,56,1+,,8,0,8
dae2kq642tqs73au4qag,ibm_fez,46,2892,none,69,1+,,7,1,8
dae2kq642tqs73au4qag,ibm_fez,46,2893,none,57,1+,,8,0,8
dae2kq642tqs73au4qag,ibm_fez,46,2894,static,54,2-,,8,0,8
dae2kq642tqs73au4qag,ibm_fez,46,2895,none,3,1-,,8,0,8
dae2kq642tqs73au4qag,ibm_fez,46,2896,none,57,1-,,8,0,8
dae2kq642tqs73au4qag,ibm_fez,46,2897,reset,2,2+,,8,0,8
dae2kq642tqs73au4qag,ibm_fez,46,2898,reset,3,1+,,8,0,8
dae2kq642tqs73au4qag,ibm_fez,46,2899,static,56,1-,,8,0,8
dae2kq642tqs73au4qag,ibm_fez,46,2900,reset,57,1+,,8,0,8
dae2kq642tqs73au4qag,ibm_fez,46,2901,none,120,1-,,8,0,8
dae2kq642tqs73au4qag,ibm_fez,46,2902,none,120,1+,,8,0,8
dae2kq642tqs73au4qag,ibm_fez,46,2903,reset,120,1-,,8,0,8
dae2kq642tqs73au4qag,ibm_fez,46,2904,reset,57,1-,,8,0,8
dae2kq642tqs73au4qag,ibm_fez,46,2905,none,54,2-,,8,0,8
dae2kq642tqs73au4qag,ibm_fez,46,2906,correlated,54,2-,,8,0,8
dae2kq642tqs73au4qag,ibm_fez,46,2907,correlated,120,1+,,8,0,8
dae2kq642tqs73au4qag,ibm_fez,46,2908,static,57,1-,,8,0,8
dae2kq642tqs73au4qag,ibm_fez,46,2909,static,3,1+,,8,0,8
dae2kq642tqs73au4qag,ibm_fez,46,2910,correlated,54,2+,,7,1,8
dae2kq642tqs73au4qag,ibm_fez,46,2911,static,3,1-,,8,0,8
dae2kq642tqs73au4qag,ibm_fez,46,2912,correlated,2,2+,,8,0,8
dae2kq642tqs73au4qag,ibm_fez,46,2913,correlated,56,1-,,8,0,8
dae2kq642tqs73au4qag,ibm_fez,46,2914,static,120,1+,,8,0,8
dae2kq642tqs73au4qag,ibm_fez,46,2915,reset,69,1+,,7,1,8
dae2kq642tqs73au4qag,ibm_fez,46,2916,static,57,1+,,8,0,8
dae2kq642tqs73au4qag,ibm_fez,46,2917,reset,3,1-,,8,0,8
dae2kq642tqs73au4qag,ibm_fez,46,2918,correlated,57,1-,,8,0,8
dae2kq642tqs73au4qag,ibm_fez,46,2919,none,2,2+,,8,0,8
dae2kq642tqs73au4qag,ibm_fez,46,2920,none,56,1-,,8,0,8
dae2kq642tqs73au4qag,ibm_fez,46,2921,none,2,2-,,8,0,8
dae2kq642tqs73au4qag,ibm_fez,46,2922,correlated,69,1+,,8,0,8
dae2kq642tqs73au4qag,ibm_fez,46,2923,static,56,1+,,8,0,8
dae2kq642tqs73au4qag,ibm_fez,46,2924,reset,56,1-,,8,0,8
dae2kq642tqs73au4qag,ibm_fez,46,2925,static,120,1-,,8,0,8
dae2kq642tqs73au4qag,ibm_fez,46,2926,reset,120,1+,,8,0,8
dae2kq642tqs73au4qag,ibm_fez,46,2927,static,54,2+,,8,0,8
dae2kq642tqs73au4qag,ibm_fez,46,2928,reset,8,++,,8,0,8
dae2kq642tqs73au4qag,ibm_fez,46,2929,none,8,+-,,8,0,8
dae2kq642tqs73au4qag,ibm_fez,46,2930,static,8,--,,8,0,8
dae2kq642tqs73au4qag,ibm_fez,46,2931,static,8,++,,8,0,8
dae2kq642tqs73au4qag,ibm_fez,46,2932,none,8,++,,8,0,8
dae2kq642tqs73au4qag,ibm_fez,46,2933,correlated,8,+-,,8,0,8
dae2kq642tqs73au4qag,ibm_fez,46,2934,correlated,8,++,,8,0,8
dae2kq642tqs73au4qag,ibm_fez,46,2935,reset,8,+-,,8,0,8
dae2kq642tqs73au4qag,ibm_fez,46,2936,static,8,+-,,8,0,8
dae2kq642tqs73au4qag,ibm_fez,46,2937,correlated,8,-+,,8,0,8
dae2kq642tqs73au4qag,ibm_fez,46,2938,static,8,-+,,8,0,8
dae2kq642tqs73au4qag,ibm_fez,46,2939,none,8,--,,8,0,8
dae2kq642tqs73au4qag,ibm_fez,46,2940,reset,8,--,,8,0,8
dae2kq642tqs73au4qag,ibm_fez,46,2941,reset,8,-+,,8,0,8
dae2kq642tqs73au4qag,ibm_fez,46,2942,correlated,8,--,,8,0,8
dae2kq642tqs73au4qag,ibm_fez,46,2943,none,8,-+,,8,0,8
dae2kq642tqs73au4qag,ibm_fez,46,2944,correlated,109,++,,8,0,8
dae2kq642tqs73au4qag,ibm_fez,46,2945,reset,109,+-,,1,7,8
dae2kq642tqs73au4qag,ibm_fez,46,2946,static,109,--,,8,0,8
dae2kq642tqs73au4qag,ibm_fez,46,2947,static,109,-+,,0,8,8
dae2kq642tqs73au4qag,ibm_fez,46,2948,none,109,+-,,0,8,8
dae2kq642tqs73au4qag,ibm_fez,46,2949,static,109,+-,,0,8,8
dae2kq642tqs73au4qag,ibm_fez,46,2950,correlated,109,-+,,0,8,8
dae2kq642tqs73au4qag,ibm_fez,46,2951,none,109,--,,8,0,8
dae2kq642tqs73au4qag,ibm_fez,46,2952,none,109,-+,,0,8,8
dae2kq642tqs73au4qag,ibm_fez,46,2953,none,109,++,,8,0,8
dae2kq642tqs73au4qag,ibm_fez,46,2954,reset,109,--,,8,0,8
dae2kq642tqs73au4qag,ibm_fez,46,2955,static,109,++,,8,0,8
dae2kq642tqs73au4qag,ibm_fez,46,2956,correlated,109,--,,8,0,8
dae2kq642tqs73au4qag,ibm_fez,46,2957,correlated,109,+-,,0,8,8
dae2kq642tqs73au4qag,ibm_fez,46,2958,reset,109,++,,8,0,8
dae2kq642tqs73au4qag,ibm_fez,46,2959,reset,109,-+,,0,8,8
dae2kq642tqs73au4qag,ibm_fez,46,2960,,,,0,8,0,8
dae2kq642tqs73au4qag,ibm_fez,46,2961,,,,0,8,0,8
dae2kq642tqs73au4qag,ibm_fez,46,2962,none,91,--,,3,5,8
dae2kq642tqs73au4qag,ibm_fez,46,2963,none,91,-+,,6,2,8
dae2kq642tqs73au4qag,ibm_fez,46,2964,static,91,-+,,8,0,8
dae2kq642tqs73au4qag,ibm_fez,46,2965,correlated,91,--,,3,5,8
dae2kq642tqs73au4qag,ibm_fez,46,2966,correlated,91,+-,,7,1,8
dae2kq642tqs73au4qag,ibm_fez,46,2967,none,91,++,,6,2,8
dae2kq642tqs73au4qag,ibm_fez,46,2968,reset,91,-+,,2,6,8
dae2kq642tqs73au4qag,ibm_fez,46,2969,static,91,++,,1,7,8
dae2kq642tqs73au4qag,ibm_fez,46,2970,reset,91,++,,7,1,8
dae2kq642tqs73au4qag,ibm_fez,46,2971,correlated,91,-+,,0,8,8
dae2kq642tqs73au4qag,ibm_fez,46,2972,static,91,--,,8,0,8
dae2kq642tqs73au4qag,ibm_fez,46,2973,none,91,+-,,4,4,8
dae2kq642tqs73au4qag,ibm_fez,46,2974,reset,91,+-,,7,1,8
dae2kq642tqs73au4qag,ibm_fez,46,2975,reset,91,--,,2,6,8
dae2kq642tqs73au4qag,ibm_fez,46,2976,correlated,91,++,,6,2,8
dae2kq642tqs73au4qag,ibm_fez,46,2977,static,91,+-,,0,8,8
dae2kq642tqs73au4qag,ibm_fez,46,2978,correlated,51,-+,,0,8,8
dae2kq642tqs73au4qag,ibm_fez,46,2979,static,51,+-,,4,4,8
dae2kq642tqs73au4qag,ibm_fez,46,2980,static,51,--,,4,4,8
dae2kq642tqs73au4qag,ibm_fez,46,2981,static,51,-+,,2,6,8
dae2kq642tqs73au4qag,ibm_fez,46,2982,correlated,51,++,,4,4,8
dae2kq642tqs73au4qag,ibm_fez,46,2983,correlated,51,+-,,0,8,8
dae2kq642tqs73au4qag,ibm_fez,46,2984,reset,51,+-,,4,4,8
dae2kq642tqs73au4qag,ibm_fez,46,2985,reset,51,--,,6,2,8
dae2kq642tqs73au4qag,ibm_fez,46,2986,correlated,51,--,,4,4,8
dae2kq642tqs73au4qag,ibm_fez,46,2987,reset,51,-+,,3,5,8
dae2kq642tqs73au4qag,ibm_fez,46,2988,reset,51,++,,5,3,8
dae2kq642tqs73au4qag,ibm_fez,46,2989,static,51,++,,7,1,8
dae2kq642tqs73au4qag,ibm_fez,46,2990,none,51,--,,5,3,8
dae2kq642tqs73au4qag,ibm_fez,46,2991,none,51,+-,,5,3,8
dae2kq642tqs73au4qag,ibm_fez,46,2992,none,51,-+,,5,3,8
dae2kq642tqs73au4qag,ibm_fez,46,2993,none,51,++,,4,4,8
dae2kq642tqs73au4qag,ibm_fez,46,2994,none,28,--,,2,6,8
dae2kq642tqs73au4qag,ibm_fez,46,2995,reset,28,+-,,5,3,8
dae2kq642tqs73au4qag,ibm_fez,46,2996,correlated,28,--,,7,1,8
dae2kq642tqs73au4qag,ibm_fez,46,2997,none,28,++,,4,4,8
dae2kq642tqs73au4qag,ibm_fez,46,2998,none,28,-+,,3,5,8
dae2kq642tqs73au4qag,ibm_fez,46,2999,correlated,28,+-,,1,7,8
dae2kq642tqs73au4qag,ibm_fez,46,3000,none,28,+-,,5,3,8
dae2kq642tqs73au4qag,ibm_fez,46,3001,reset,28,-+,,7,1,8
dae2kq642tqs73au4qag,ibm_fez,46,3002,static,28,++,,5,3,8
dae2kq642tqs73au4qag,ibm_fez,46,3003,static,28,--,,8,0,8
dae2kq642tqs73au4qag,ibm_fez,46,3004,correlated,28,++,,6,2,8
dae2kq642tqs73au4qag,ibm_fez,46,3005,static,28,+-,,5,3,8
dae2kq642tqs73au4qag,ibm_fez,46,3006,static,28,-+,,2,6,8
dae2kq642tqs73au4qag,ibm_fez,46,3007,correlated,28,-+,,1,7,8
dae2kq642tqs73au4qag,ibm_fez,46,3008,reset,28,--,,2,6,8
dae2kq642tqs73au4qag,ibm_fez,46,3009,reset,28,++,,1,7,8
dae2kq642tqs73au4qag,ibm_fez,46,3010,reset,57,+-,,7,1,8
dae2kq642tqs73au4qag,ibm_fez,46,3011,correlated,57,--,,4,4,8
dae2kq642tqs73au4qag,ibm_fez,46,3012,reset,57,++,,1,7,8
dae2kq642tqs73au4qag,ibm_fez,46,3013,reset,57,-+,,1,7,8
dae2kq642tqs73au4qag,ibm_fez,46,3014,static,57,++,,0,8,8
dae2kq642tqs73au4qag,ibm_fez,46,3015,none,57,--,,4,4,8
dae2kq642tqs73au4qag,ibm_fez,46,3016,none,57,+-,,6,2,8
dae2kq642tqs73au4qag,ibm_fez,46,3017,none,57,++,,3,5,8
dae2kq642tqs73au4qag,ibm_fez,46,3018,static,57,--,,8,0,8
dae2kq642tqs73au4qag,ibm_fez,46,3019,correlated,57,+-,,7,1,8
dae2kq642tqs73au4qag,ibm_fez,46,3020,correlated,57,++,,1,7,8
dae2kq642tqs73au4qag,ibm_fez,46,3021,correlated,57,-+,,4,4,8
dae2kq642tqs73au4qag,ibm_fez,46,3022,reset,57,--,,7,1,8
dae2kq642tqs73au4qag,ibm_fez,46,3023,static,57,-+,,4,4,8
dae2kq642tqs73au4qag,ibm_fez,46,3024,static,57,+-,,7,1,8
dae2kq642tqs73au4qag,ibm_fez,46,3025,none,57,-+,,2,6,8
dae2kq642tqs73au4qag,ibm_fez,46,3026,,,,0,8,0,8
dae2kq642tqs73au4qag,ibm_fez,46,3027,none,13,+-,,4,4,8
dae2kq642tqs73au4qag,ibm_fez,46,3028,none,13,--,,3,5,8
dae2kq642tqs73au4qag,ibm_fez,46,3029,none,13,-+,,4,4,8
dae2kq642tqs73au4qag,ibm_fez,46,3030,reset,13,--,,8,0,8
dae2kq642tqs73au4qag,ibm_fez,46,3031,correlated,13,-+,,7,1,8
dae2kq642tqs73au4qag,ibm_fez,46,3032,none,13,++,,4,4,8
dae2kq642tqs73au4qag,ibm_fez,46,3033,reset,13,+-,,3,5,8
dae2kq642tqs73au4qag,ibm_fez,46,3034,correlated,13,--,,7,1,8
dae2kq642tqs73au4qag,ibm_fez,46,3035,correlated,13,+-,,2,6,8
dae2kq642tqs73au4qag,ibm_fez,46,3036,correlated,13,++,,1,7,8
dae2kq642tqs73au4qag,ibm_fez,46,3037,reset,13,-+,,7,1,8
dae2kq642tqs73au4qag,ibm_fez,46,3038,static,13,-+,,8,0,8
dae2kq642tqs73au4qag,ibm_fez,46,3039,reset,13,++,,2,6,8
dae2kq642tqs73au4qag,ibm_fez,46,3040,static,13,++,,3,5,8
dae2kq642tqs73au4qag,ibm_fez,46,3041,static,13,+-,,2,6,8
dae2kq642tqs73au4qag,ibm_fez,46,3042,static,13,--,,6,2,8
dae2kq642tqs73au4qag,ibm_fez,46,3043,,,,1,0,8,8
dae2kq642tqs73au4qag,ibm_fez,46,3044,none,12,++,,6,2,8
dae2kq642tqs73au4qag,ibm_fez,46,3045,correlated,12,+-,,6,2,8
dae2kq642tqs73au4qag,ibm_fez,46,3046,reset,12,+-,,8,0,8
dae2kq642tqs73au4qag,ibm_fez,46,3047,static,12,++,,4,4,8
dae2kq642tqs73au4qag,ibm_fez,46,3048,correlated,12,++,,7,1,8
dae2kq642tqs73au4qag,ibm_fez,46,3049,correlated,12,-+,,4,4,8
dae2kq642tqs73au4qag,ibm_fez,46,3050,reset,12,++,,7,1,8
dae2kq642tqs73au4qag,ibm_fez,46,3051,correlated,12,--,,2,6,8
dae2kq642tqs73au4qag,ibm_fez,46,3052,static,12,+-,,1,7,8
dae2kq642tqs73au4qag,ibm_fez,46,3053,static,12,--,,7,1,8
dae2kq642tqs73au4qag,ibm_fez,46,3054,static,12,-+,,5,3,8
dae2kq642tqs73au4qag,ibm_fez,46,3055,reset,12,--,,1,7,8
dae2kq642tqs73au4qag,ibm_fez,46,3056,none,12,--,,3,5,8
dae2kq642tqs73au4qag,ibm_fez,46,3057,reset,12,-+,,1,7,8
dae2kq642tqs73au4qag,ibm_fez,46,3058,none,12,-+,,4,4,8
dae2kq642tqs73au4qag,ibm_fez,46,3059,none,12,+-,,5,3,8
dae2kq642tqs73au4qag,ibm_fez,46,3060,static,97,+-,,8,0,8
dae2kq642tqs73au4qag,ibm_fez,46,3061,none,97,+-,,8,0,8
dae2kq642tqs73au4qag,ibm_fez,46,3062,correlated,97,-+,,8,0,8
dae2kq642tqs73au4qag,ibm_fez,46,3063,static,97,-+,,8,0,8
dae2kq642tqs73au4qag,ibm_fez,46,3064,correlated,97,+-,,8,0,8
dae2kq642tqs73au4qag,ibm_fez,46,3065,none,97,++,,8,0,8
dae2kq642tqs73au4qag,ibm_fez,46,3066,none,97,-+,,7,1,8
dae2kq642tqs73au4qag,ibm_fez,46,3067,reset,97,-+,,8,0,8
dae2kq642tqs73au4qag,ibm_fez,46,3068,reset,97,+-,,7,1,8
dae2kq642tqs73au4qag,ibm_fez,46,3069,reset,97,++,,8,0,8
dae2kq642tqs73au4qag,ibm_fez,46,3070,correlated,97,--,,8,0,8
dae2kq642tqs73au4qag,ibm_fez,46,3071,reset,97,--,,8,0,8
dae2kq642tqs73au4qag,ibm_fez,46,3072,correlated,97,++,,8,0,8
dae2kq642tqs73au4qag,ibm_fez,46,3073,static,97,++,,8,0,8
dae2kq642tqs73au4qag,ibm_fez,46,3074,static,97,--,,8,0,8
dae2kq642tqs73au4qag,ibm_fez,46,3075,none,97,--,,8,0,8
dae2kq642tqs73au4qag,ibm_fez,46,3076,,,,0,8,0,8
dae2kq642tqs73au4qag,ibm_fez,46,3077,,,,1,0,8,8
dae2kq642tqs73au4qag,ibm_fez,46,3078,,,,1,0,8,8
dae2kq642tqs73au4qag,ibm_fez,46,3079,static,56,-+,,8,0,8
dae2kq642tqs73au4qag,ibm_fez,46,3080,static,56,--,,8,0,8
dae2kq642tqs73au4qag,ibm_fez,46,3081,reset,56,+-,,8,0,8
dae2kq642tqs73au4qag,ibm_fez,46,3082,none,56,+-,,8,0,8
dae2kq642tqs73au4qag,ibm_fez,46,3083,reset,56,-+,,8,0,8
dae2kq642tqs73au4qag,ibm_fez,46,3084,static,56,++,,8,0,8
dae2kq642tqs73au4qag,ibm_fez,46,3085,correlated,56,++,,8,0,8
dae2kq642tqs73au4qag,ibm_fez,46,3086,correlated,56,-+,,8,0,8
dae2kq642tqs73au4qag,ibm_fez,46,3087,correlated,56,--,,7,1,8
dae2kq642tqs73au4qag,ibm_fez,46,3088,reset,56,++,,7,1,8
dae2kq642tqs73au4qag,ibm_fez,46,3089,none,56,-+,,8,0,8
dae2kq642tqs73au4qag,ibm_fez,46,3090,correlated,56,+-,,8,0,8
dae2kq642tqs73au4qag,ibm_fez,46,3091,reset,56,--,,8,0,8
dae2kq642tqs73au4qag,ibm_fez,46,3092,none,56,++,,8,0,8
dae2kq642tqs73au4qag,ibm_fez,46,3093,none,56,--,,8,0,8
dae2kq642tqs73au4qag,ibm_fez,46,3094,static,56,+-,,8,0,8
dae2kq642tqs73au4qag,ibm_fez,46,3095,correlated,15,++,,8,0,8
dae2kq642tqs73au4qag,ibm_fez,46,3096,none,15,+-,,3,5,8
dae2kq642tqs73au4qag,ibm_fez,46,3097,static,15,+-,,4,4,8
dae2kq642tqs73au4qag,ibm_fez,46,3098,none,15,++,,1,7,8
dae2kq642tqs73au4qag,ibm_fez,46,3099,static,15,++,,5,3,8
dae2kq642tqs73au4qag,ibm_fez,46,3100,reset,15,-+,,6,2,8
dae2kq642tqs73au4qag,ibm_fez,46,3101,static,15,-+,,1,7,8
dae2kq642tqs73au4qag,ibm_fez,46,3102,static,15,--,,5,3,8
dae2kq642tqs73au4qag,ibm_fez,46,3103,none,15,--,,3,5,8
dae2kq642tqs73au4qag,ibm_fez,46,3104,correlated,15,--,,7,1,8
dae2kq642tqs73au4qag,ibm_fez,46,3105,correlated,15,+-,,2,6,8
dae2kq642tqs73au4qag,ibm_fez,46,3106,reset,15,--,,0,8,8
dae2kq642tqs73au4qag,ibm_fez,46,3107,reset,15,+-,,6,2,8
dae2kq642tqs73au4qag,ibm_fez,46,3108,correlated,15,-+,,1,7,8
dae2kq642tqs73au4qag,ibm_fez,46,3109,none,15,-+,,6,2,8
dae2kq642tqs73au4qag,ibm_fez,46,3110,reset,15,++,,1,7,8
dae2kq642tqs73au4qag,ibm_fez,46,3111,,,,0,8,0,8
dae2kq642tqs73au4qag,ibm_fez,46,3112,static,18,2+,,2,6,8
dae2kq642tqs73au4qag,ibm_fez,46,3113,reset,93,2+,,6,2,8
dae2kq642tqs73au4qag,ibm_fez,46,3114,static,60,1+,,1,7,8
dae2kq642tqs73au4qag,ibm_fez,46,3115,correlated,103,1+,,2,6,8
dae2kq642tqs73au4qag,ibm_fez,46,3116,none,15,1+,,5,3,8
dae2kq642tqs73au4qag,ibm_fez,46,3117,reset,18,2+,,6,2,8
dae2kq642tqs73au4qag,ibm_fez,46,3118,static,18,2-,,4,4,8
dae2kq642tqs73au4qag,ibm_fez,46,3119,correlated,18,2+,,2,6,8
dae2kq642tqs73au4qag,ibm_fez,46,3120,reset,95,1+,,1,7,8
dae2kq642tqs73au4qag,ibm_fez,46,3121,static,93,2+,,2,6,8
dae2kq642tqs73au4qag,ibm_fez,46,3122,reset,103,1+,,3,5,8
dae2kq642tqs73au4qag,ibm_fez,46,3123,static,12,1+,,1,7,8
dae2kq642tqs73au4qag,ibm_fez,46,3124,reset,86,1-,,7,1,8
dae2kq642tqs73au4qag,ibm_fez,46,3125,none,93,2+,,3,5,8
dae2kq642tqs73au4qag,ibm_fez,46,3126,reset,15,1-,,5,3,8
dae2kq642tqs73au4qag,ibm_fez,46,3127,none,86,1-,,3,5,8
dae2kq642tqs73au4qag,ibm_fez,46,3128,none,95,1+,,6,2,8
dae2kq642tqs73au4qag,ibm_fez,46,3129,correlated,12,1-,,2,6,8
dae2kq642tqs73au4qag,ibm_fez,46,3130,correlated,93,2+,,1,7,8
dae2kq642tqs73au4qag,ibm_fez,46,3131,reset,103,1-,,6,2,8
dae2kq642tqs73au4qag,ibm_fez,46,3132,reset,12,1+,,7,1,8
dae2kq642tqs73au4qag,ibm_fez,46,3133,none,119,2-,,2,6,8
dae2kq642tqs73au4qag,ibm_fez,46,3134,static,15,1+,,3,5,8
dae2kq642tqs73au4qag,ibm_fez,46,3135,correlated,38,2+,,7,1,8
dae2kq642tqs73au4qag,ibm_fez,46,3136,static,95,1+,,2,6,8
dae2kq642tqs73au4qag,ibm_fez,46,3137,none,15,1-,,3,5,8
dae2kq642tqs73au4qag,ibm_fez,46,3138,reset,60,1-,,6,2,8
dae2kq642tqs73au4qag,ibm_fez,46,3139,static,103,1+,,3,5,8
dae2kq642tqs73au4qag,ibm_fez,46,3140,correlated,60,1-,,5,3,8
dae2kq642tqs73au4qag,ibm_fez,46,3141,correlated,119,2-,,2,6,8
dae2kq642tqs73au4qag,ibm_fez,46,3142,none,18,2-,,5,3,8
dae2kq642tqs73au4qag,ibm_fez,46,3143,static,38,2-,,7,1,8
dae2kq642tqs73au4qag,ibm_fez,46,3144,correlated,60,1+,,0,8,8
dae2kq642tqs73au4qag,ibm_fez,46,3145,correlated,38,2-,,2,6,8
dae2kq642tqs73au4qag,ibm_fez,46,3146,static,119,2-,,6,2,8
dae2kq642tqs73au4qag,ibm_fez,46,3147,none,95,1-,,2,6,8
dae2kq642tqs73au4qag,ibm_fez,46,3148,none,103,1+,,4,4,8
dae2kq642tqs73au4qag,ibm_fez,46,3149,none,12,1+,,3,5,8
dae2kq642tqs73au4qag,ibm_fez,46,3150,reset,12,1-,,4,4,8
dae2kq642tqs73au4qag,ibm_fez,46,3151,none,60,1-,,4,4,8
dae2kq642tqs73au4qag,ibm_fez,46,3152,none,12,1-,,5,3,8
dae2kq642tqs73au4qag,ibm_fez,46,3153,none,38,2-,,5,3,8
dae2kq642tqs73au4qag,ibm_fez,46,3154,none,38,2+,,6,2,8
dae2kq642tqs73au4qag,ibm_fez,46,3155,correlated,93,2-,,8,0,8
dae2kq642tqs73au4qag,ibm_fez,46,3156,correlated,18,2-,,8,0,8
dae2kq642tqs73au4qag,ibm_fez,46,3157,static,93,2-,,8,0,8
dae2kq642tqs73au4qag,ibm_fez,46,3158,static,12,1-,,7,1,8
dae2kq642tqs73au4qag,ibm_fez,46,3159,correlated,86,1-,,6,2,8
dae2kq642tqs73au4qag,ibm_fez,46,3160,reset,119,2-,,5,3,8
dae2kq642tqs73au4qag,ibm_fez,46,3161,none,18,2+,,4,4,8
dae2kq642tqs73au4qag,ibm_fez,46,3162,static,15,1-,,6,2,8
dae2kq642tqs73au4qag,ibm_fez,46,3163,static,95,1-,,8,0,8
dae2kq642tqs73au4qag,ibm_fez,46,3164,correlated,95,1+,,1,7,8
dae2kq642tqs73au4qag,ibm_fez,46,3165,correlated,119,2+,,8,0,8
dae2kq642tqs73au4qag,ibm_fez,46,3166,correlated,15,1-,,5,3,8
dae2kq642tqs73au4qag,ibm_fez,46,3167,none,86,1+,,3,5,8
dae2kq642tqs73au4qag,ibm_fez,46,3168,correlated,103,1-,,5,3,8
dae2kq642tqs73au4qag,ibm_fez,46,3169,reset,95,1-,,7,1,8
dae2kq642tqs73au4qag,ibm_fez,46,3170,static,86,1-,,8,0,8
dae2kq642tqs73au4qag,ibm_fez,46,3171,reset,60,1+,,4,4,8
dae2kq642tqs73au4qag,ibm_fez,46,3172,correlated,15,1+,,4,4,8
dae2kq642tqs73au4qag,ibm_fez,46,3173,reset,119,2+,,3,5,8
dae2kq642tqs73au4qag,ibm_fez,46,3174,correlated,95,1-,,8,0,8
dae2kq642tqs73au4qag,ibm_fez,46,3175,reset,18,2-,,2,6,8
dae2kq642tqs73au4qag,ibm_fez,46,3176,reset,38,2+,,1,7,8
dae2kq642tqs73au4qag,ibm_fez,46,3177,none,60,1+,,3,5,8
dae2kq642tqs73au4qag,ibm_fez,46,3178,static,103,1-,,7,1,8
dae2kq642tqs73au4qag,ibm_fez,46,3179,none,119,2+,,5,3,8
dae2kq642tqs73au4qag,ibm_fez,46,3180,reset,38,2-,,7,1,8
dae2kq642tqs73au4qag,ibm_fez,46,3181,reset,86,1+,,1,7,8
dae2kq642tqs73au4qag,ibm_fez,46,3182,reset,93,2-,,0,8,8
dae2kq642tqs73au4qag,ibm_fez,46,3183,static,60,1-,,6,2,8
dae2kq642tqs73au4qag,ibm_fez,46,3184,static,38,2+,,0,8,8
dae2kq642tqs73au4qag,ibm_fez,46,3185,correlated,12,1+,,5,3,8
dae2kq642tqs73au4qag,ibm_fez,46,3186,static,119,2+,,1,7,8
dae2kq642tqs73au4qag,ibm_fez,46,3187,correlated,86,1+,,0,8,8
dae2kq642tqs73au4qag,ibm_fez,46,3188,none,93,2-,,6,2,8
dae2kq642tqs73au4qag,ibm_fez,46,3189,none,103,1-,,4,4,8
dae2kq642tqs73au4qag,ibm_fez,46,3190,reset,15,1+,,3,5,8
dae2kq642tqs73au4qag,ibm_fez,46,3191,static,86,1+,,1,7,8
dae2kq642tqs73au4qag,ibm_fez,46,3192,none,47,+-,,8,0,8
dae2kq642tqs73au4qag,ibm_fez,46,3193,static,47,+-,,8,0,8
dae2kq642tqs73au4qag,ibm_fez,46,3194,none,47,--,,8,0,8
dae2kq642tqs73au4qag,ibm_fez,46,3195,correlated,47,++,,8,0,8
dae2kq642tqs73au4qag,ibm_fez,46,3196,static,47,-+,,8,0,8
dae2kq642tqs73au4qag,ibm_fez,46,3197,reset,47,-+,,8,0,8
dae2kq642tqs73au4qag,ibm_fez,46,3198,none,47,-+,,8,0,8
dae2kq642tqs73au4qag,ibm_fez,46,3199,correlated,47,-+,,8,0,8
dae2kq642tqs73au4qag,ibm_fez,46,3200,correlated,47,--,,8,0,8
dae2kq642tqs73au4qag,ibm_fez,46,3201,correlated,47,+-,,8,0,8
dae2kq642tqs73au4qag,ibm_fez,46,3202,static,47,--,,8,0,8
dae2kq642tqs73au4qag,ibm_fez,46,3203,reset,47,++,,8,0,8
dae2kq642tqs73au4qag,ibm_fez,46,3204,reset,47,--,,8,0,8
dae2kq642tqs73au4qag,ibm_fez,46,3205,none,47,++,,8,0,8
dae2kq642tqs73au4qag,ibm_fez,46,3206,static,47,++,,8,0,8
dae2kq642tqs73au4qag,ibm_fez,46,3207,reset,47,+-,,8,0,8
dae2kq642tqs73au4qag,ibm_fez,46,3208,correlated,18,++,,6,2,8
dae2kq642tqs73au4qag,ibm_fez,46,3209,none,18,--,,5,3,8
dae2kq642tqs73au4qag,ibm_fez,46,3210,reset,18,-+,,6,2,8
dae2kq642tqs73au4qag,ibm_fez,46,3211,static,18,+-,,1,7,8
dae2kq642tqs73au4qag,ibm_fez,46,3212,correlated,18,--,,7,1,8
dae2kq642tqs73au4qag,ibm_fez,46,3213,static,18,++,,6,2,8
dae2kq642tqs73au4qag,ibm_fez,46,3214,reset,18,+-,,6,2,8
dae2kq642tqs73au4qag,ibm_fez,46,3215,static,18,-+,,1,7,8
dae2kq642tqs73au4qag,ibm_fez,46,3216,correlated,18,-+,,2,6,8
dae2kq642tqs73au4qag,ibm_fez,46,3217,reset,18,--,,3,5,8
dae2kq642tqs73au4qag,ibm_fez,46,3218,none,18,-+,,3,5,8
dae2kq642tqs73au4qag,ibm_fez,46,3219,none,18,++,,5,3,8
dae2kq642tqs73au4qag,ibm_fez,46,3220,none,18,+-,,3,5,8
dae2kq642tqs73au4qag,ibm_fez,46,3221,reset,18,++,,4,4,8
dae2kq642tqs73au4qag,ibm_fez,46,3222,static,18,--,,6,2,8
dae2kq642tqs73au4qag,ibm_fez,46,3223,correlated,18,+-,,2,6,8
dae2kq642tqs73au4qag,ibm_fez,46,3224,,,,0,8,0,8
dae2kq642tqs73au4qag,ibm_fez,46,3225,,,,1,0,8,8
dae2kq642tqs73au4qag,ibm_fez,46,3226,none,54,-+,,8,0,8
dae2kq642tqs73au4qag,ibm_fez,46,3227,static,54,-+,,8,0,8
dae2kq642tqs73au4qag,ibm_fez,46,3228,correlated,54,+-,,8,0,8
dae2kq642tqs73au4qag,ibm_fez,46,3229,static,54,--,,8,0,8
dae2kq642tqs73au4qag,ibm_fez,46,3230,none,54,--,,8,0,8
dae2kq642tqs73au4qag,ibm_fez,46,3231,none,54,+-,,8,0,8
dae2kq642tqs73au4qag,ibm_fez,46,3232,reset,54,+-,,8,0,8
dae2kq642tqs73au4qag,ibm_fez,46,3233,reset,54,--,,8,0,8
dae2kq642tqs73au4qag,ibm_fez,46,3234,reset,54,-+,,8,0,8
dae2kq642tqs73au4qag,ibm_fez,46,3235,reset,54,++,,8,0,8
dae2kq642tqs73au4qag,ibm_fez,46,3236,correlated,54,--,,8,0,8
dae2kq642tqs73au4qag,ibm_fez,46,3237,none,54,++,,8,0,8
dae2kq642tqs73au4qag,ibm_fez,46,3238,static,54,++,,8,0,8
dae2kq642tqs73au4qag,ibm_fez,46,3239,correlated,54,-+,,8,0,8
dae2kq642tqs73au4qag,ibm_fez,46,3240,correlated,54,++,,8,0,8
dae2kq642tqs73au4qag,ibm_fez,46,3241,static,54,+-,,7,1,8
dae2kq642tqs73au4qag,ibm_fez,46,3242,correlated,70,1+,,0,8,8
dae2kq642tqs73au4qag,ibm_fez,46,3243,reset,63,2-,,4,4,8
dae2kq642tqs73au4qag,ibm_fez,46,3244,static,103,2-,,7,1,8
dae2kq642tqs73au4qag,ibm_fez,46,3245,correlated,62,1+,,1,7,8
dae2kq642tqs73au4qag,ibm_fez,46,3246,none,62,1+,,3,5,8
dae2kq642tqs73au4qag,ibm_fez,46,3247,none,125,1-,,6,2,8
dae2kq642tqs73au4qag,ibm_fez,46,3248,reset,61,1+,,2,6,8
dae2kq642tqs73au4qag,ibm_fez,46,3249,static,46,2+,,0,8,8
dae2kq642tqs73au4qag,ibm_fez,46,3250,reset,46,2-,,6,2,8
dae2kq642tqs73au4qag,ibm_fez,46,3251,none,125,1+,,4,4,8
dae2kq642tqs73au4qag,ibm_fez,46,3252,none,30,2+,,4,4,8
dae2kq642tqs73au4qag,ibm_fez,46,3253,none,16,1-,,2,6,8
dae2kq642tqs73au4qag,ibm_fez,46,3254,reset,62,1+,,1,7,8
dae2kq642tqs73au4qag,ibm_fez,46,3255,reset,80,1+,,0,8,8
dae2kq642tqs73au4qag,ibm_fez,46,3256,none,46,2-,,5,3,8
dae2kq642tqs73au4qag,ibm_fez,46,3257,none,103,2-,,3,5,8
dae2kq642tqs73au4qag,ibm_fez,46,3258,reset,80,1-,,8,0,8
dae2kq642tqs73au4qag,ibm_fez,46,3259,reset,30,2+,,5,3,8
dae2kq642tqs73au4qag,ibm_fez,46,3260,correlated,126,2-,,6,2,8
dae2kq642tqs73au4qag,ibm_fez,46,3261,correlated,83,1+,,0,8,8
dae2kq642tqs73au4qag,ibm_fez,46,3262,reset,62,1-,,7,1,8
dae2kq642tqs73au4qag,ibm_fez,46,3263,static,46,2-,,7,1,8
dae2kq642tqs73au4qag,ibm_fez,46,3264,none,23,2+,,6,2,8
dae2kq642tqs73au4qag,ibm_fez,46,3265,reset,70,1+,,0,8,8
dae2kq642tqs73au4qag,ibm_fez,46,3266,correlated,103,2+,,3,5,8
dae2kq642tqs73au4qag,ibm_fez,46,3267,static,126,2-,,5,3,8
dae2kq642tqs73au4qag,ibm_fez,46,3268,static,125,1-,,8,0,8
dae2kq642tqs73au4qag,ibm_fez,46,3269,static,66,2+,,1,7,8
dae2kq642tqs73au4qag,ibm_fez,46,3270,static,30,2-,,7,1,8
dae2kq642tqs73au4qag,ibm_fez,46,3271,static,126,2+,,0,8,8
dae2kq642tqs73au4qag,ibm_fez,46,3272,static,125,1+,,2,6,8
dae2kq642tqs73au4qag,ibm_fez,46,3273,correlated,61,1+,,1,7,8
dae2kq642tqs73au4qag,ibm_fez,46,3274,reset,83,1-,,7,1,8
dae2kq642tqs73au4qag,ibm_fez,46,3275,none,61,1-,,5,3,8
dae2kq642tqs73au4qag,ibm_fez,46,3276,correlated,46,2+,,6,2,8
dae2kq642tqs73au4qag,ibm_fez,46,3277,none,30,2-,,3,5,8
dae2kq642tqs73au4qag,ibm_fez,46,3278,reset,125,1+,,5,3,8
dae2kq642tqs73au4qag,ibm_fez,46,3279,reset,126,2-,,3,5,8
dae2kq642tqs73au4qag,ibm_fez,46,3280,none,16,1+,,8,0,8
dae2kq642tqs73au4qag,ibm_fez,46,3281,reset,23,2+,,1,7,8
dae2kq642tqs73au4qag,ibm_fez,46,3282,none,6,1-,,3,5,8
dae2kq642tqs73au4qag,ibm_fez,46,3283,static,80,1-,,7,1,8
dae2kq642tqs73au4qag,ibm_fez,46,3284,static,16,1+,,2,6,8
dae2kq642tqs73au4qag,ibm_fez,46,3285,reset,126,2+,,8,0,8
dae2kq642tqs73au4qag,ibm_fez,46,3286,correlated,30,2-,,7,1,8
dae2kq642tqs73au4qag,ibm_fez,46,3287,reset,30,2-,,3,5,8
dae2kq642tqs73au4qag,ibm_fez,46,3288,reset,6,1+,,1,7,8
dae2kq642tqs73au4qag,ibm_fez,46,3289,correlated,6,1-,,8,0,8
dae2kq642tqs73au4qag,ibm_fez,46,3290,reset,66,2-,,2,6,8
dae2kq642tqs73au4qag,ibm_fez,46,3291,correlated,61,1-,,8,0,8
dae2kq642tqs73au4qag,ibm_fez,46,3292,static,61,1+,,0,8,8
dae2kq642tqs73au4qag,ibm_fez,46,3293,reset,23,2-,,6,2,8
dae2kq642tqs73au4qag,ibm_fez,46,3294,static,80,1+,,1,7,8
dae2kq642tqs73au4qag,ibm_fez,46,3295,correlated,80,1+,,1,7,8
dae2kq642tqs73au4qag,ibm_fez,46,3296,correlated,16,1+,,0,8,8
dae2kq642tqs73au4qag,ibm_fez,46,3297,correlated,66,2-,,2,6,8
dae2kq642tqs73au4qag,ibm_fez,46,3298,correlated,23,2+,,3,5,8
dae2kq642tqs73au4qag,ibm_fez,46,3299,none,63,2+,,3,5,8
dae2kq642tqs73au4qag,ibm_fez,46,3300,none,83,1+,,3,5,8
dae2kq642tqs73au4qag,ibm_fez,46,3301,correlated,83,1-,,7,1,8
dae2kq642tqs73au4qag,ibm_fez,46,3302,none,63,2-,,6,2,8
dae2kq642tqs73au4qag,ibm_fez,46,3303,static,66,2-,,8,0,8
dae2kq642tqs73au4qag,ibm_fez,46,3304,static,63,2-,,8,0,8
dae2kq642tqs73au4qag,ibm_fez,46,3305,none,80,1-,,6,2,8
dae2kq642tqs73au4qag,ibm_fez,46,3306,static,61,1-,,7,1,8
dae2kq642tqs73au4qag,ibm_fez,46,3307,static,16,1-,,6,2,8
dae2kq642tqs73au4qag,ibm_fez,46,3308,none,23,2-,,6,2,8
dae2kq642tqs73au4qag,ibm_fez,46,3309,correlated,126,2+,,2,6,8
dae2kq642tqs73au4qag,ibm_fez,46,3310,reset,70,1-,,7,1,8
dae2kq642tqs73au4qag,ibm_fez,46,3311,correlated,125,1-,,0,8,8
dae2kq642tqs73au4qag,ibm_fez,46,3312,static,30,2+,,1,7,8
dae2kq642tqs73au4qag,ibm_fez,46,3313,none,126,2+,,3,5,8
dae2kq642tqs73au4qag,ibm_fez,46,3314,none,83,1-,,5,3,8
dae2kq642tqs73au4qag,ibm_fez,46,3315,static,6,1-,,7,1,8
dae2kq642tqs73au4qag,ibm_fez,46,3316,reset,16,1+,,1,7,8
dae2kq642tqs73au4qag,ibm_fez,46,3317,none,70,1+,,7,1,8
dae2kq642tqs73au4qag,ibm_fez,46,3318,reset,6,1-,,5,3,8
dae2kq642tqs73au4qag,ibm_fez,46,3319,static,103,2+,,0,8,8
dae2kq642tqs73au4qag,ibm_fez,46,3320,none,62,1-,,5,3,8
dae2kq642tqs73au4qag,ibm_fez,46,3321,none,103,2+,,3,5,8
dae2kq642tqs73au4qag,ibm_fez,46,3322,none,80,1+,,3,5,8
dae2kq642tqs73au4qag,ibm_fez,46,3323,correlated,70,1-,,8,0,8
dae2kq642tqs73au4qag,ibm_fez,46,3324,none,61,1+,,7,1,8
dae2kq642tqs73au4qag,ibm_fez,46,3325,correlated,30,2+,,1,7,8
dae2kq642tqs73au4qag,ibm_fez,46,3326,correlated,63,2+,,1,7,8
dae2kq642tqs73au4qag,ibm_fez,46,3327,static,63,2+,,1,7,8
dae2kq642tqs73au4qag,ibm_fez,46,3328,reset,103,2-,,0,8,8
dae2kq642tqs73au4qag,ibm_fez,46,3329,reset,61,1-,,4,4,8
dae2kq642tqs73au4qag,ibm_fez,46,3330,correlated,16,1-,,8,0,8
dae2kq642tqs73au4qag,ibm_fez,46,3331,reset,46,2+,,0,8,8
dae2kq642tqs73au4qag,ibm_fez,46,3332,static,62,1-,,8,0,8
dae2kq642tqs73au4qag,ibm_fez,46,3333,reset,83,1+,,4,4,8
dae2kq642tqs73au4qag,ibm_fez,46,3334,static,62,1+,,3,5,8
dae2kq642tqs73au4qag,ibm_fez,46,3335,correlated,66,2+,,7,1,8
dae2kq642tqs73au4qag,ibm_fez,46,3336,reset,66,2+,,5,3,8
dae2kq642tqs73au4qag,ibm_fez,46,3337,none,6,1+,,4,4,8
dae2kq642tqs73au4qag,ibm_fez,46,3338,static,70,1-,,6,2,8
dae2kq642tqs73au4qag,ibm_fez,46,3339,reset,103,2+,,6,2,8
dae2kq642tqs73au4qag,ibm_fez,46,3340,none,66,2-,,6,2,8
dae2kq642tqs73au4qag,ibm_fez,46,3341,correlated,125,1+,,6,2,8
dae2kq642tqs73au4qag,ibm_fez,46,3342,reset,125,1-,,0,8,8
dae2kq642tqs73au4qag,ibm_fez,46,3343,static,6,1+,,2,6,8
dae2kq642tqs73au4qag,ibm_fez,46,3344,static,23,2+,,0,8,8
dae2kq642tqs73au4qag,ibm_fez,46,3345,correlated,6,1+,,1,7,8
dae2kq642tqs73au4qag,ibm_fez,46,3346,reset,63,2+,,1,7,8
dae2kq642tqs73au4qag,ibm_fez,46,3347,none,126,2-,,3,5,8
dae2kq642tqs73au4qag,ibm_fez,46,3348,none,66,2+,,6,2,8
dae2kq642tqs73au4qag,ibm_fez,46,3349,correlated,80,1-,,5,3,8
dae2kq642tqs73au4qag,ibm_fez,46,3350,static,23,2-,,8,0,8
dae2kq642tqs73au4qag,ibm_fez,46,3351,none,70,1-,,6,2,8
dae2kq642tqs73au4qag,ibm_fez,46,3352,none,46,2+,,2,6,8
dae2kq642tqs73au4qag,ibm_fez,46,3353,correlated,23,2-,,0,8,8
dae2kq642tqs73au4qag,ibm_fez,46,3354,static,83,1+,,1,7,8
dae2kq642tqs73au4qag,ibm_fez,46,3355,correlated,63,2-,,6,2,8
dae2kq642tqs73au4qag,ibm_fez,46,3356,correlated,62,1-,,5,3,8
dae2kq642tqs73au4qag,ibm_fez,46,3357,static,83,1-,,6,2,8
dae2kq642tqs73au4qag,ibm_fez,46,3358,static,70,1+,,1,7,8
dae2kq642tqs73au4qag,ibm_fez,46,3359,correlated,103,2-,,8,0,8
dae2kq642tqs73au4qag,ibm_fez,46,3360,reset,16,1-,,8,0,8
dae2kq642tqs73au4qag,ibm_fez,46,3361,correlated,46,2-,,0,8,8
dae2kq642tqs73au4qag,ibm_fez,46,3362,reset,62,-+,,6,2,8
dae2kq642tqs73au4qag,ibm_fez,46,3363,static,62,-+,,8,0,8
dae2kq642tqs73au4qag,ibm_fez,46,3364,none,6,++,,1,7,8
dae2kq642tqs73au4qag,ibm_fez,46,3365,correlated,62,--,,5,3,8
dae2kq642tqs73au4qag,ibm_fez,46,3366,correlated,62,++,,2,6,8
dae2kq642tqs73au4qag,ibm_fez,46,3367,none,62,+-,,3,5,8
dae2kq642tqs73au4qag,ibm_fez,46,3368,static,6,-+,,8,0,8
dae2kq642tqs73au4qag,ibm_fez,46,3369,static,6,++,,3,5,8
dae2kq642tqs73au4qag,ibm_fez,46,3370,reset,62,++,,1,7,8
dae2kq642tqs73au4qag,ibm_fez,46,3371,none,6,--,,5,3,8
dae2kq642tqs73au4qag,ibm_fez,46,3372,static,62,++,,2,6,8
dae2kq642tqs73au4qag,ibm_fez,46,3373,none,62,-+,,4,4,8
dae2kq642tqs73au4qag,ibm_fez,46,3374,none,6,+-,,2,6,8
dae2kq642tqs73au4qag,ibm_fez,46,3375,correlated,6,+-,,3,5,8
dae2kq642tqs73au4qag,ibm_fez,46,3376,none,62,--,,3,5,8
dae2kq642tqs73au4qag,ibm_fez,46,3377,none,62,++,,4,4,8
dae2kq642tqs73au4qag,ibm_fez,46,3378,reset,6,++,,3,5,8
dae2kq642tqs73au4qag,ibm_fez,46,3379,reset,62,--,,8,0,8
dae2kq642tqs73au4qag,ibm_fez,46,3380,reset,6,-+,,7,1,8
dae2kq642tqs73au4qag,ibm_fez,46,3381,reset,62,+-,,1,7,8
dae2kq642tqs73au4qag,ibm_fez,46,3382,correlated,6,--,,8,0,8
dae2kq642tqs73au4qag,ibm_fez,46,3383,correlated,62,-+,,7,1,8
dae2kq642tqs73au4qag,ibm_fez,46,3384,correlated,62,+-,,0,8,8
dae2kq642tqs73au4qag,ibm_fez,46,3385,static,6,--,,6,2,8
dae2kq642tqs73au4qag,ibm_fez,46,3386,static,6,+-,,0,8,8
dae2kq642tqs73au4qag,ibm_fez,46,3387,none,6,-+,,3,5,8
dae2kq642tqs73au4qag,ibm_fez,46,3388,correlated,6,++,,1,7,8
dae2kq642tqs73au4qag,ibm_fez,46,3389,reset,6,--,,6,2,8
dae2kq642tqs73au4qag,ibm_fez,46,3390,reset,6,+-,,2,6,8
dae2kq642tqs73au4qag,ibm_fez,46,3391,static,62,+-,,2,6,8
dae2kq642tqs73au4qag,ibm_fez,46,3392,static,62,--,,6,2,8
dae2kq642tqs73au4qag,ibm_fez,46,3393,correlated,6,-+,,6,2,8
dae2kq642tqs73au4qag,ibm_fez,46,3394,,,,1,0,8,8
dae2kq642tqs73au4qag,ibm_fez,46,3395,,,,0,8,0,8
dae2kq642tqs73au4qag,ibm_fez,46,3396,,,,1,0,8,8
dae2kq642tqs73au4qag,ibm_fez,46,3397,correlated,73,++,,4,4,8
dae2kq642tqs73au4qag,ibm_fez,46,3398,none,73,-+,,6,2,8
dae2kq642tqs73au4qag,ibm_fez,46,3399,reset,73,-+,,3,5,8
dae2kq642tqs73au4qag,ibm_fez,46,3400,reset,73,++,,6,2,8
dae2kq642tqs73au4qag,ibm_fez,46,3401,reset,73,--,,4,4,8
dae2kq642tqs73au4qag,ibm_fez,46,3402,static,73,++,,6,2,8
dae2kq642tqs73au4qag,ibm_fez,46,3403,correlated,73,-+,,2,6,8
dae2kq642tqs73au4qag,ibm_fez,46,3404,none,73,+-,,6,2,8
dae2kq642tqs73au4qag,ibm_fez,46,3405,none,73,++,,5,3,8
dae2kq642tqs73au4qag,ibm_fez,46,3406,static,73,+-,,3,5,8
dae2kq642tqs73au4qag,ibm_fez,46,3407,static,73,-+,,2,6,8
dae2kq642tqs73au4qag,ibm_fez,46,3408,reset,73,+-,,1,7,8
dae2kq642tqs73au4qag,ibm_fez,46,3409,correlated,73,+-,,3,5,8
dae2kq642tqs73au4qag,ibm_fez,46,3410,static,73,--,,4,4,8
dae2kq642tqs73au4qag,ibm_fez,46,3411,none,73,--,,6,2,8
dae2kq642tqs73au4qag,ibm_fez,46,3412,correlated,73,--,,7,1,8
dae2kq642tqs73au4qag,ibm_fez,46,3413,,,,0,8,0,8
dae2kq642tqs73au4qag,ibm_fez,46,3414,,,,1,0,8,8
dae2kq642tqs73au4qag,ibm_fez,46,3415,correlated,118,2-,,8,0,8
dae2kq642tqs73au4qag,ibm_fez,46,3416,none,47,2+,,8,0,8
dae2kq642tqs73au4qag,ibm_fez,46,3417,correlated,44,2-,,8,0,8
dae2kq642tqs73au4qag,ibm_fez,46,3418,correlated,44,2+,,8,0,8
dae2kq642tqs73au4qag,ibm_fez,46,3419,static,44,2-,,8,0,8
dae2kq642tqs73au4qag,ibm_fez,46,3420,reset,35,2+,,8,0,8
dae2kq642tqs73au4qag,ibm_fez,46,3421,none,44,2-,,8,0,8
dae2kq642tqs73au4qag,ibm_fez,46,3422,reset,118,1-,,8,0,8
dae2kq642tqs73au4qag,ibm_fez,46,3423,none,48,2-,,8,0,8
dae2kq642tqs73au4qag,ibm_fez,46,3424,static,47,2+,,8,0,8
dae2kq642tqs73au4qag,ibm_fez,46,3425,static,47,2-,,8,0,8
dae2kq642tqs73au4qag,ibm_fez,46,3426,correlated,48,2+,,8,0,8
dae2kq642tqs73au4qag,ibm_fez,46,3427,correlated,48,2-,,8,0,8
dae2kq642tqs73au4qag,ibm_fez,46,3428,correlated,118,1+,,8,0,8
dae2kq642tqs73au4qag,ibm_fez,46,3429,reset,39,2-,,8,0,8
dae2kq642tqs73au4qag,ibm_fez,46,3430,reset,34,1+,,8,0,8
dae2kq642tqs73au4qag,ibm_fez,46,3431,reset,44,2+,,8,0,8
dae2kq642tqs73au4qag,ibm_fez,46,3432,correlated,39,2-,,8,0,8
dae2kq642tqs73au4qag,ibm_fez,46,3433,static,44,2+,,8,0,8
dae2kq642tqs73au4qag,ibm_fez,46,3434,correlated,35,2+,,8,0,8
dae2kq642tqs73au4qag,ibm_fez,46,3435,none,39,2-,,8,0,8
dae2kq642tqs73au4qag,ibm_fez,46,3436,none,44,2+,,8,0,8
dae2kq642tqs73au4qag,ibm_fez,46,3437,reset,35,2-,,8,0,8
dae2kq642tqs73au4qag,ibm_fez,46,3438,static,35,2+,,8,0,8
dae2kq642tqs73au4qag,ibm_fez,46,3439,none,34,1+,,8,0,8
dae2kq642tqs73au4qag,ibm_fez,46,3440,correlated,35,2-,,8,0,8
dae2kq642tqs73au4qag,ibm_fez,46,3441,static,39,2-,,8,0,8
dae2kq642tqs73au4qag,ibm_fez,46,3442,none,118,1+,,8,0,8
dae2kq642tqs73au4qag,ibm_fez,46,3443,reset,48,2-,,8,0,8
dae2kq642tqs73au4qag,ibm_fez,46,3444,static,118,1+,,8,0,8
dae2kq642tqs73au4qag,ibm_fez,46,3445,correlated,47,2-,,8,0,8
dae2kq642tqs73au4qag,ibm_fez,46,3446,correlated,47,2+,,8,0,8
dae2kq642tqs73au4qag,ibm_fez,46,3447,none,118,1-,,8,0,8
dae2kq642tqs73au4qag,ibm_fez,46,3448,static,48,2+,,8,0,8
dae2kq642tqs73au4qag,ibm_fez,46,3449,static,118,2+,,8,0,8
dae2kq642tqs73au4qag,ibm_fez,46,3450,reset,118,2+,,8,0,8
dae2kq642tqs73au4qag,ibm_fez,46,3451,static,118,1-,,8,0,8
dae2kq642tqs73au4qag,ibm_fez,46,3452,reset,44,2-,,8,0,8
dae2kq642tqs73au4qag,ibm_fez,46,3453,static,118,2-,,8,0,8
dae2kq642tqs73au4qag,ibm_fez,46,3454,none,34,1-,,8,0,8
dae2kq642tqs73au4qag,ibm_fez,46,3455,none,35,2+,,8,0,8
dae2kq642tqs73au4qag,ibm_fez,46,3456,none,39,2+,,8,0,8
dae2kq642tqs73au4qag,ibm_fez,46,3457,none,48,2+,,8,0,8
dae2kq642tqs73au4qag,ibm_fez,46,3458,reset,47,2-,,8,0,8
dae2kq642tqs73au4qag,ibm_fez,46,3459,none,35,2-,,8,0,8
dae2kq642tqs73au4qag,ibm_fez,46,3460,static,34,1+,,8,0,8
dae2kq642tqs73au4qag,ibm_fez,46,3461,static,35,2-,,8,0,8
dae2kq642tqs73au4qag,ibm_fez,46,3462,none,118,2+,,8,0,8
dae2kq642tqs73au4qag,ibm_fez,46,3463,static,48,2-,,8,0,8
dae2kq642tqs73au4qag,ibm_fez,46,3464,correlated,118,1-,,8,0,8
dae2kq642tqs73au4qag,ibm_fez,46,3465,reset,48,2+,,8,0,8
dae2kq642tqs73au4qag,ibm_fez,46,3466,none,118,2-,,8,0,8
dae2kq642tqs73au4qag,ibm_fez,46,3467,correlated,118,2+,,8,0,8
dae2kq642tqs73au4qag,ibm_fez,46,3468,correlated,34,1+,,8,0,8
dae2kq642tqs73au4qag,ibm_fez,46,3469,reset,47,2+,,8,0,8
dae2kq642tqs73au4qag,ibm_fez,46,3470,reset,118,2-,,8,0,8
dae2kq642tqs73au4qag,ibm_fez,46,3471,reset,118,1+,,8,0,8
dae2kq642tqs73au4qag,ibm_fez,46,3472,reset,39,2+,,8,0,8
dae2kq642tqs73au4qag,ibm_fez,46,3473,static,39,2+,,8,0,8
dae2kq642tqs73au4qag,ibm_fez,46,3474,correlated,39,2+,,8,0,8
dae2kq642tqs73au4qag,ibm_fez,46,3475,none,47,2-,,8,0,8
dae2kq642tqs73au4qag,ibm_fez,46,3476,correlated,34,1-,,8,0,8
dae2kq642tqs73au4qag,ibm_fez,46,3477,static,34,1-,,8,0,8
dae2kq642tqs73au4qag,ibm_fez,46,3478,reset,34,1-,,8,0,8
dae2kq642tqs73au4qag,ibm_fez,46,3479,,,,1,0,8,8
dae2kq642tqs73au4qag,ibm_fez,46,3480,static,67,+-,,3,5,8
dae2kq642tqs73au4qag,ibm_fez,46,3481,reset,67,--,,6,2,8
dae2kq642tqs73au4qag,ibm_fez,46,3482,reset,67,++,,6,2,8
dae2kq642tqs73au4qag,ibm_fez,46,3483,static,67,-+,,1,7,8
dae2kq642tqs73au4qag,ibm_fez,46,3484,correlated,67,--,,7,1,8
dae2kq642tqs73au4qag,ibm_fez,46,3485,correlated,67,-+,,2,6,8
dae2kq642tqs73au4qag,ibm_fez,46,3486,none,67,--,,4,4,8
dae2kq642tqs73au4qag,ibm_fez,46,3487,none,67,+-,,4,4,8
dae2kq642tqs73au4qag,ibm_fez,46,3488,none,67,-+,,2,6,8
dae2kq642tqs73au4qag,ibm_fez,46,3489,correlated,67,+-,,0,8,8
dae2kq642tqs73au4qag,ibm_fez,46,3490,reset,67,-+,,5,3,8
dae2kq642tqs73au4qag,ibm_fez,46,3491,static,67,--,,7,1,8
dae2kq642tqs73au4qag,ibm_fez,46,3492,reset,67,+-,,3,5,8
dae2kq642tqs73au4qag,ibm_fez,46,3493,correlated,67,++,,6,2,8
dae2kq642tqs73au4qag,ibm_fez,46,3494,static,67,++,,4,4,8
dae2kq642tqs73au4qag,ibm_fez,46,3495,none,67,++,,5,3,8
dae2kq642tqs73au4qag,ibm_fez,46,3496,correlated,108,--,,2,6,8
dae2kq642tqs73au4qag,ibm_fez,46,3497,static,108,--,,7,1,8
dae2kq642tqs73au4qag,ibm_fez,46,3498,correlated,108,+-,,0,8,8
dae2kq642tqs73au4qag,ibm_fez,46,3499,reset,108,--,,7,1,8
dae2kq642tqs73au4qag,ibm_fez,46,3500,none,108,--,,4,4,8
dae2kq642tqs73au4qag,ibm_fez,46,3501,correlated,108,-+,,7,1,8
dae2kq642tqs73au4qag,ibm_fez,46,3502,reset,108,-+,,4,4,8
dae2kq642tqs73au4qag,ibm_fez,46,3503,static,108,+-,,6,2,8
dae2kq642tqs73au4qag,ibm_fez,46,3504,reset,108,++,,0,8,8
dae2kq642tqs73au4qag,ibm_fez,46,3505,none,108,-+,,7,1,8
dae2kq642tqs73au4qag,ibm_fez,46,3506,static,108,++,,3,5,8
dae2kq642tqs73au4qag,ibm_fez,46,3507,none,108,++,,5,3,8
dae2kq642tqs73au4qag,ibm_fez,46,3508,static,108,-+,,1,7,8
dae2kq642tqs73au4qag,ibm_fez,46,3509,reset,108,+-,,8,0,8
dae2kq642tqs73au4qag,ibm_fez,46,3510,none,108,+-,,5,3,8
dae2kq642tqs73au4qag,ibm_fez,46,3511,correlated,108,++,,6,2,8
dae2kq642tqs73au4qag,ibm_fez,46,3512,,,,1,0,8,8
dae2kq642tqs73au4qag,ibm_fez,46,3513,,,,0,8,0,8
dae2kq642tqs73au4qag,ibm_fez,46,3514,,,,1,0,8,8
dae2kq642tqs73au4qag,ibm_fez,46,3515,none,41,1-,,8,0,8
dae2kq642tqs73au4qag,ibm_fez,46,3516,correlated,30,1+,,8,0,8
dae2kq642tqs73au4qag,ibm_fez,46,3517,reset,47,1-,,8,0,8
dae2kq642tqs73au4qag,ibm_fez,46,3518,correlated,23,1-,,8,0,8
dae2kq642tqs73au4qag,ibm_fez,46,3519,static,79,1+,,8,0,8
dae2kq642tqs73au4qag,ibm_fez,46,3520,static,41,1-,,8,0,8
dae2kq642tqs73au4qag,ibm_fez,46,3521,none,30,1+,,8,0,8
dae2kq642tqs73au4qag,ibm_fez,46,3522,correlated,84,2+,,8,0,8
dae2kq642tqs73au4qag,ibm_fez,46,3523,none,49,1-,,8,0,8
dae2kq642tqs73au4qag,ibm_fez,46,3524,reset,8,2-,,8,0,8
dae2kq642tqs73au4qag,ibm_fez,46,3525,static,41,1+,,8,0,8
dae2kq642tqs73au4qag,ibm_fez,46,3526,reset,108,1+,,8,0,8
dae2kq642tqs73au4qag,ibm_fez,46,3527,static,110,1-,,8,0,8
dae2kq642tqs73au4qag,ibm_fez,46,3528,none,110,1+,,8,0,8
dae2kq642tqs73au4qag,ibm_fez,46,3529,none,8,2+,,8,0,8
dae2kq642tqs73au4qag,ibm_fez,46,3530,reset,8,1+,,8,0,8
dae2kq642tqs73au4qag,ibm_fez,46,3531,correlated,47,1+,,8,0,8
dae2kq642tqs73au4qag,ibm_fez,46,3532,static,49,1+,,8,0,8
dae2kq642tqs73au4qag,ibm_fez,46,3533,static,108,1+,,8,0,8
dae2kq642tqs73au4qag,ibm_fez,46,3534,none,93,1+,,8,0,8
dae2kq642tqs73au4qag,ibm_fez,46,3535,reset,79,1-,,8,0,8
dae2kq642tqs73au4qag,ibm_fez,46,3536,reset,8,2+,,8,0,8
dae2kq642tqs73au4qag,ibm_fez,46,3537,static,47,1+,,8,0,8
dae2kq642tqs73au4qag,ibm_fez,46,3538,correlated,84,2-,,8,0,8
dae2kq642tqs73au4qag,ibm_fez,46,3539,static,23,1+,,8,0,8
dae2kq642tqs73au4qag,ibm_fez,46,3540,none,47,1-,,8,0,8
dae2kq642tqs73au4qag,ibm_fez,46,3541,correlated,108,1+,,8,0,8
dae2kq642tqs73au4qag,ibm_fez,46,3542,none,23,1-,,8,0,8
dae2kq642tqs73au4qag,ibm_fez,46,3543,static,8,1-,,8,0,8
dae2kq642tqs73au4qag,ibm_fez,46,3544,reset,30,1+,,8,0,8
dae2kq642tqs73au4qag,ibm_fez,46,3545,reset,41,1-,,8,0,8
dae2kq642tqs73au4qag,ibm_fez,46,3546,reset,93,1-,,8,0,8
dae2kq642tqs73au4qag,ibm_fez,46,3547,static,30,1-,,8,0,8
dae2kq642tqs73au4qag,ibm_fez,46,3548,none,93,1-,,8,0,8
dae2kq642tqs73au4qag,ibm_fez,46,3549,correlated,110,1+,,8,0,8
dae2kq642tqs73au4qag,ibm_fez,46,3550,none,108,1-,,8,0,8
dae2kq642tqs73au4qag,ibm_fez,46,3551,none,8,1-,,8,0,8
dae2kq642tqs73au4qag,ibm_fez,46,3552,none,84,2-,,8,0,8
dae2kq642tqs73au4qag,ibm_fez,46,3553,static,93,1-,,8,0,8
dae2kq642tqs73au4qag,ibm_fez,46,3554,reset,29,1+,,8,0,8
dae2kq642tqs73au4qag,ibm_fez,46,3555,static,29,1-,,8,0,8
dae2kq642tqs73au4qag,ibm_fez,46,3556,static,93,1+,,8,0,8
dae2kq642tqs73au4qag,ibm_fez,46,3557,static,8,1+,,8,0,8
dae2kq642tqs73au4qag,ibm_fez,46,3558,none,47,1+,,8,0,8
dae2kq642tqs73au4qag,ibm_fez,46,3559,static,110,1+,,8,0,8
dae2kq642tqs73au4qag,ibm_fez,46,3560,static,29,1+,,8,0,8
dae2kq642tqs73au4qag,ibm_fez,46,3561,static,49,1-,,8,0,8
dae2kq642tqs73au4qag,ibm_fez,46,3562,correlated,41,1-,,8,0,8
dae2kq642tqs73au4qag,ibm_fez,46,3563,correlated,110,1-,,8,0,8
dae2kq642tqs73au4qag,ibm_fez,46,3564,correlated,93,1-,,8,0,8
dae2kq642tqs73au4qag,ibm_fez,46,3565,correlated,49,1+,,8,0,8
dae2kq642tqs73au4qag,ibm_fez,46,3566,reset,108,1-,,8,0,8
dae2kq642tqs73au4qag,ibm_fez,46,3567,none,8,1+,,8,0,8
dae2kq642tqs73au4qag,ibm_fez,46,3568,static,23,1-,,8,0,8
dae2kq642tqs73au4qag,ibm_fez,46,3569,reset,23,1+,,8,0,8
dae2kq642tqs73au4qag,ibm_fez,46,3570,reset,49,1+,,8,0,8
dae2kq642tqs73au4qag,ibm_fez,46,3571,none,29,1-,,8,0,8
dae2kq642tqs73au4qag,ibm_fez,46,3572,none,8,2-,,8,0,8
dae2kq642tqs73au4qag,ibm_fez,46,3573,correlated,41,1+,,8,0,8
dae2kq642tqs73au4qag,ibm_fez,46,3574,static,79,1-,,8,0,8
dae2kq642tqs73au4qag,ibm_fez,46,3575,none,108,1+,,8,0,8
dae2kq642tqs73au4qag,ibm_fez,46,3576,reset,93,1+,,8,0,8
dae2kq642tqs73au4qag,ibm_fez,46,3577,correlated,79,1+,,8,0,8
dae2kq642tqs73au4qag,ibm_fez,46,3578,static,108,1-,,8,0,8
dae2kq642tqs73au4qag,ibm_fez,46,3579,reset,84,2-,,8,0,8
dae2kq642tqs73au4qag,ibm_fez,46,3580,static,8,2+,,8,0,8
dae2kq642tqs73au4qag,ibm_fez,46,3581,correlated,8,1-,,8,0,8
dae2kq642tqs73au4qag,ibm_fez,46,3582,correlated,29,1-,,8,0,8
dae2kq642tqs73au4qag,ibm_fez,46,3583,correlated,8,1+,,8,0,8
dae2kq642tqs73au4qag,ibm_fez,46,3584,correlated,47,1-,,8,0,8
dae2kq642tqs73au4qag,ibm_fez,46,3585,reset,41,1+,,8,0,8
dae2kq642tqs73au4qag,ibm_fez,46,3586,reset,47,1+,,8,0,8
dae2kq642tqs73au4qag,ibm_fez,46,3587,correlated,8,2+,,8,0,8
dae2kq642tqs73au4qag,ibm_fez,46,3588,none,23,1+,,8,0,8
dae2kq642tqs73au4qag,ibm_fez,46,3589,reset,84,2+,,8,0,8
dae2kq642tqs73au4qag,ibm_fez,46,3590,static,84,2-,,8,0,8
dae2kq642tqs73au4qag,ibm_fez,46,3591,none,49,1+,,8,0,8
dae2kq642tqs73au4qag,ibm_fez,46,3592,none,29,1+,,8,0,8
dae2kq642tqs73au4qag,ibm_fez,46,3593,correlated,23,1+,,8,0,8
dae2kq642tqs73au4qag,ibm_fez,46,3594,correlated,8,2-,,8,0,8
dae2kq642tqs73au4qag,ibm_fez,46,3595,none,79,1-,,8,0,8
dae2kq642tqs73au4qag,ibm_fez,46,3596,static,30,1+,,8,0,8
dae2kq642tqs73au4qag,ibm_fez,46,3597,reset,49,1-,,8,0,8
dae2kq642tqs73au4qag,ibm_fez,46,3598,static,84,2+,,8,0,8
dae2kq642tqs73au4qag,ibm_fez,46,3599,correlated,30,1-,,8,0,8
dae2kq642tqs73au4qag,ibm_fez,46,3600,reset,110,1+,,8,0,8
dae2kq642tqs73au4qag,ibm_fez,46,3601,none,84,2+,,8,0,8
dae2kq642tqs73au4qag,ibm_fez,46,3602,correlated,29,1+,,8,0,8
dae2kq642tqs73au4qag,ibm_fez,46,3603,static,47,1-,,8,0,8
dae2kq642tqs73au4qag,ibm_fez,46,3604,none,41,1+,,8,0,8
dae2kq642tqs73au4qag,ibm_fez,46,3605,correlated,49,1-,,8,0,8
dae2kq642tqs73au4qag,ibm_fez,46,3606,none,110,1-,,8,0,8
dae2kq642tqs73au4qag,ibm_fez,46,3607,reset,79,1+,,8,0,8
dae2kq642tqs73au4qag,ibm_fez,46,3608,reset,30,1-,,8,0,8
dae2kq642tqs73au4qag,ibm_fez,46,3609,correlated,93,1+,,8,0,8
dae2kq642tqs73au4qag,ibm_fez,46,3610,none,79,1+,,8,0,8
dae2kq642tqs73au4qag,ibm_fez,46,3611,reset,23,1-,,8,0,8
dae2kq642tqs73au4qag,ibm_fez,46,3612,reset,29,1-,,8,0,8
dae2kq642tqs73au4qag,ibm_fez,46,3613,none,30,1-,,8,0,8
dae2kq642tqs73au4qag,ibm_fez,46,3614,correlated,108,1-,,8,0,8
dae2kq642tqs73au4qag,ibm_fez,46,3615,correlated,79,1-,,8,0,8
dae2kq642tqs73au4qag,ibm_fez,46,3616,static,8,2-,,8,0,8
dae2kq642tqs73au4qag,ibm_fez,46,3617,reset,8,1-,,8,0,8
dae2kq642tqs73au4qag,ibm_fez,46,3618,reset,110,1-,,8,0,8
dae2kq642tqs73au4qag,ibm_fez,46,3619,,,,1,0,8,8
dae2kq642tqs73au4qag,ibm_fez,46,3620,,,,0,8,0,8
dae2kq642tqs73au4qag,ibm_fez,46,3621,static,119,1+,,8,0,8
dae2kq642tqs73au4qag,ibm_fez,46,3622,reset,55,1-,,8,0,8
dae2kq642tqs73au4qag,ibm_fez,46,3623,static,74,1-,,8,0,8
dae2kq642tqs73au4qag,ibm_fez,46,3624,correlated,97,1-,,8,0,8
dae2kq642tqs73au4qag,ibm_fez,46,3625,reset,87,1+,,8,0,8
dae2kq642tqs73au4qag,ibm_fez,46,3626,correlated,92,1-,,8,0,8
dae2kq642tqs73au4qag,ibm_fez,46,3627,none,111,2+,,8,0,8
dae2kq642tqs73au4qag,ibm_fez,46,3628,static,122,2-,,8,0,8
dae2kq642tqs73au4qag,ibm_fez,46,3629,static,66,1-,,8,0,8
dae2kq642tqs73au4qag,ibm_fez,46,3630,static,83,2+,,8,0,8
dae2kq642tqs73au4qag,ibm_fez,46,3631,none,122,2-,,8,0,8
dae2kq642tqs73au4qag,ibm_fez,46,3632,none,83,2+,,8,0,8
dae2kq642tqs73au4qag,ibm_fez,46,3633,reset,92,1+,,8,0,8
dae2kq642tqs73au4qag,ibm_fez,46,3634,reset,97,2-,,7,1,8
dae2kq642tqs73au4qag,ibm_fez,46,3635,static,97,1+,,8,0,8
dae2kq642tqs73au4qag,ibm_fez,46,3636,static,4,1+,,8,0,8
dae2kq642tqs73au4qag,ibm_fez,46,3637,none,87,1+,,8,0,8
dae2kq642tqs73au4qag,ibm_fez,46,3638,none,4,1-,,8,0,8
dae2kq642tqs73au4qag,ibm_fez,46,3639,correlated,87,1+,,7,1,8
dae2kq642tqs73au4qag,ibm_fez,46,3640,static,87,1+,,8,0,8
dae2kq642tqs73au4qag,ibm_fez,46,3641,static,92,1+,,8,0,8
dae2kq642tqs73au4qag,ibm_fez,46,3642,none,4,1+,,8,0,8
dae2kq642tqs73au4qag,ibm_fez,46,3643,reset,74,1-,,8,0,8
dae2kq642tqs73au4qag,ibm_fez,46,3644,none,97,2+,,8,0,8
dae2kq642tqs73au4qag,ibm_fez,46,3645,reset,111,2+,,8,0,8
dae2kq642tqs73au4qag,ibm_fez,46,3646,none,66,1+,,8,0,8
dae2kq642tqs73au4qag,ibm_fez,46,3647,none,75,1+,,8,0,8
dae2kq642tqs73au4qag,ibm_fez,46,3648,static,122,2+,,8,0,8
dae2kq642tqs73au4qag,ibm_fez,46,3649,static,77,2-,,8,0,8
dae2kq642tqs73au4qag,ibm_fez,46,3650,static,111,2-,,8,0,8
dae2kq642tqs73au4qag,ibm_fez,46,3651,none,122,2+,,8,0,8
dae2kq642tqs73au4qag,ibm_fez,46,3652,correlated,77,2-,,8,0,8
dae2kq642tqs73au4qag,ibm_fez,46,3653,static,71,1+,,8,0,8
dae2kq642tqs73au4qag,ibm_fez,46,3654,static,87,1-,,8,0,8
dae2kq642tqs73au4qag,ibm_fez,46,3655,correlated,66,1+,,8,0,8
dae2kq642tqs73au4qag,ibm_fez,46,3656,reset,4,1-,,8,0,8
dae2kq642tqs73au4qag,ibm_fez,46,3657,static,1,1+,,8,0,8
dae2kq642tqs73au4qag,ibm_fez,46,3658,correlated,75,1+,,8,0,8
dae2kq642tqs73au4qag,ibm_fez,46,3659,correlated,97,2+,,7,1,8
dae2kq642tqs73au4qag,ibm_fez,46,3660,reset,1,1+,,8,0,8
dae2kq642tqs73au4qag,ibm_fez,46,3661,correlated,83,2-,,8,0,8
dae2kq642tqs73au4qag,ibm_fez,46,3662,none,66,1-,,8,0,8
dae2kq642tqs73au4qag,ibm_fez,46,3663,none,1,1+,,8,0,8
dae2kq642tqs73au4qag,ibm_fez,46,3664,static,119,1-,,8,0,8
dae2kq642tqs73au4qag,ibm_fez,46,3665,correlated,1,1+,,8,0,8
dae2kq642tqs73au4qag,ibm_fez,46,3666,reset,97,2+,,8,0,8
dae2kq642tqs73au4qag,ibm_fez,46,3667,static,74,1+,,8,0,8
dae2kq642tqs73au4qag,ibm_fez,46,3668,reset,71,1+,,8,0,8
dae2kq642tqs73au4qag,ibm_fez,46,3669,reset,83,2+,,8,0,8
dae2kq642tqs73au4qag,ibm_fez,46,3670,correlated,119,1+,,8,0,8
dae2kq642tqs73au4qag,ibm_fez,46,3671,reset,1,1-,,8,0,8
dae2kq642tqs73au4qag,ibm_fez,46,3672,static,55,1-,,8,0,8
dae2kq642tqs73au4qag,ibm_fez,46,3673,correlated,4,1-,,8,0,8
dae2kq642tqs73au4qag,ibm_fez,46,3674,none,74,1-,,8,0,8
dae2kq642tqs73au4qag,ibm_fez,46,3675,reset,111,2-,,8,0,8
dae2kq642tqs73au4qag,ibm_fez,46,3676,reset,75,1+,,8,0,8
dae2kq642tqs73au4qag,ibm_fez,46,3677,correlated,97,1+,,8,0,8
dae2kq642tqs73au4qag,ibm_fez,46,3678,reset,92,1-,,8,0,8
dae2kq642tqs73au4qag,ibm_fez,46,3679,correlated,122,2+,,8,0,8
dae2kq642tqs73au4qag,ibm_fez,46,3680,correlated,74,1-,,8,0,8
dae2kq642tqs73au4qag,ibm_fez,46,3681,reset,97,1-,,8,0,8
dae2kq642tqs73au4qag,ibm_fez,46,3682,none,75,1-,,8,0,8
dae2kq642tqs73au4qag,ibm_fez,46,3683,static,4,1-,,8,0,8
dae2kq642tqs73au4qag,ibm_fez,46,3684,none,97,2-,,8,0,8
dae2kq642tqs73au4qag,ibm_fez,46,3685,correlated,92,1+,,8,0,8
dae2kq642tqs73au4qag,ibm_fez,46,3686,none,77,2-,,8,0,8
dae2kq642tqs73au4qag,ibm_fez,46,3687,correlated,4,1+,,8,0,8
dae2kq642tqs73au4qag,ibm_fez,46,3688,static,111,2+,,8,0,8
dae2kq642tqs73au4qag,ibm_fez,46,3689,reset,71,1-,,7,1,8
dae2kq642tqs73au4qag,ibm_fez,46,3690,reset,66,1-,,8,0,8
dae2kq642tqs73au4qag,ibm_fez,46,3691,static,92,1-,,8,0,8
dae2kq642tqs73au4qag,ibm_fez,46,3692,static,1,1-,,8,0,8
dae2kq642tqs73au4qag,ibm_fez,46,3693,reset,66,1+,,8,0,8
dae2kq642tqs73au4qag,ibm_fez,46,3694,none,92,1-,,7,1,8
dae2kq642tqs73au4qag,ibm_fez,46,3695,none,87,1-,,8,0,8
dae2kq642tqs73au4qag,ibm_fez,46,3696,reset,77,2-,,8,0,8
dae2kq642tqs73au4qag,ibm_fez,46,3697,none,1,1-,,8,0,8
dae2kq642tqs73au4qag,ibm_fez,46,3698,correlated,75,1-,,8,0,8
dae2kq642tqs73au4qag,ibm_fez,46,3699,none,119,1-,,8,0,8
dae2kq642tqs73au4qag,ibm_fez,46,3700,none,97,1+,,8,0,8
dae2kq642tqs73au4qag,ibm_fez,46,3701,reset,119,1+,,8,0,8
dae2kq642tqs73au4qag,ibm_fez,46,3702,static,71,1-,,8,0,8
dae2kq642tqs73au4qag,ibm_fez,46,3703,correlated,122,2-,,8,0,8
dae2kq642tqs73au4qag,ibm_fez,46,3704,reset,77,2+,,7,1,8
dae2kq642tqs73au4qag,ibm_fez,46,3705,none,77,2+,,8,0,8
dae2kq642tqs73au4qag,ibm_fez,46,3706,static,97,2-,,8,0,8
dae2kq642tqs73au4qag,ibm_fez,46,3707,reset,119,1-,,7,1,8
dae2kq642tqs73au4qag,ibm_fez,46,3708,correlated,111,2-,,8,0,8
dae2kq642tqs73au4qag,ibm_fez,46,3709,correlated,74,1+,,8,0,8
dae2kq642tqs73au4qag,ibm_fez,46,3710,reset,74,1+,,8,0,8
dae2kq642tqs73au4qag,ibm_fez,46,3711,correlated,71,1+,,8,0,8
dae2kq642tqs73au4qag,ibm_fez,46,3712,none,55,1+,,8,0,8
dae2kq642tqs73au4qag,ibm_fez,46,3713,none,74,1+,,8,0,8
dae2kq642tqs73au4qag,ibm_fez,46,3714,correlated,71,1-,,7,1,8
dae2kq642tqs73au4qag,ibm_fez,46,3715,correlated,66,1-,,8,0,8
dae2kq642tqs73au4qag,ibm_fez,46,3716,none,71,1-,,8,0,8
dae2kq642tqs73au4qag,ibm_fez,46,3717,reset,4,1+,,8,0,8
dae2kq642tqs73au4qag,ibm_fez,46,3718,reset,122,2+,,7,1,8
dae2kq642tqs73au4qag,ibm_fez,46,3719,correlated,87,1-,,8,0,8
dae2kq642tqs73au4qag,ibm_fez,46,3720,static,77,2+,,8,0,8
dae2kq642tqs73au4qag,ibm_fez,46,3721,correlated,55,1-,,8,0,8
dae2kq642tqs73au4qag,ibm_fez,46,3722,none,92,1+,,8,0,8
dae2kq642tqs73au4qag,ibm_fez,46,3723,correlated,119,1-,,8,0,8
dae2kq642tqs73au4qag,ibm_fez,46,3724,correlated,55,1+,,8,0,8
dae2kq642tqs73au4qag,ibm_fez,46,3725,reset,55,1+,,8,0,8
dae2kq642tqs73au4qag,ibm_fez,46,3726,correlated,97,2-,,7,1,8
dae2kq642tqs73au4qag,ibm_fez,46,3727,correlated,1,1-,,8,0,8
dae2kq642tqs73au4qag,ibm_fez,46,3728,none,83,2-,,8,0,8
dae2kq642tqs73au4qag,ibm_fez,46,3729,static,55,1+,,8,0,8
dae2kq642tqs73au4qag,ibm_fez,46,3730,reset,97,1+,,8,0,8
dae2kq642tqs73au4qag,ibm_fez,46,3731,correlated,83,2+,,8,0,8
dae2kq642tqs73au4qag,ibm_fez,46,3732,reset,122,2-,,8,0,8
dae2kq642tqs73au4qag,ibm_fez,46,3733,reset,83,2-,,8,0,8
dae2kq642tqs73au4qag,ibm_fez,46,3734,none,119,1+,,8,0,8
dae2kq642tqs73au4qag,ibm_fez,46,3735,none,97,1-,,8,0,8
dae2kq642tqs73au4qag,ibm_fez,46,3736,static,66,1+,,8,0,8
dae2kq642tqs73au4qag,ibm_fez,46,3737,static,97,1-,,8,0,8
dae2kq642tqs73au4qag,ibm_fez,46,3738,static,97,2+,,8,0,8
dae2kq642tqs73au4qag,ibm_fez,46,3739,static,75,1+,,8,0,8
dae2kq642tqs73au4qag,ibm_fez,46,3740,none,111,2-,,7,1,8
dae2kq642tqs73au4qag,ibm_fez,46,3741,reset,87,1-,,8,0,8
dae2kq642tqs73au4qag,ibm_fez,46,3742,correlated,77,2+,,8,0,8
dae2kq642tqs73au4qag,ibm_fez,46,3743,reset,75,1-,,8,0,8
dae2kq642tqs73au4qag,ibm_fez,46,3744,static,75,1-,,8,0,8
dae2kq642tqs73au4qag,ibm_fez,46,3745,correlated,111,2+,,8,0,8
dae2kq642tqs73au4qag,ibm_fez,46,3746,static,83,2-,,8,0,8
dae2kq642tqs73au4qag,ibm_fez,46,3747,none,55,1-,,8,0,8
dae2kq642tqs73au4qag,ibm_fez,46,3748,none,71,1+,,6,2,8
dae2kq642tqs73au4qag,ibm_fez,46,3749,,,,0,8,0,8
dae2kq642tqs73au4qag,ibm_fez,46,3750,,,,1,0,8,8
dae2kq642tqs73au4qag,ibm_fez,46,3751,,,,0,8,0,8
dae2kq642tqs73au4qag,ibm_fez,46,3752,,,,1,0,8,8
dae2kq642tqs73au4qag,ibm_fez,46,3753,none,35,+-,,7,1,8
dae2kq642tqs73au4qag,ibm_fez,46,3754,static,35,+-,,2,6,8
dae2kq642tqs73au4qag,ibm_fez,46,3755,static,35,--,,5,3,8
dae2kq642tqs73au4qag,ibm_fez,46,3756,correlated,35,--,,2,6,8
dae2kq642tqs73au4qag,ibm_fez,46,3757,correlated,35,-+,,2,6,8
dae2kq642tqs73au4qag,ibm_fez,46,3758,reset,35,++,,0,8,8
dae2kq642tqs73au4qag,ibm_fez,46,3759,static,35,++,,4,4,8
dae2kq642tqs73au4qag,ibm_fez,46,3760,reset,35,-+,,8,0,8
dae2kq642tqs73au4qag,ibm_fez,46,3761,correlated,35,+-,,5,3,8
dae2kq642tqs73au4qag,ibm_fez,46,3762,none,35,++,,0,8,8
dae2kq642tqs73au4qag,ibm_fez,46,3763,static,35,-+,,7,1,8
dae2kq642tqs73au4qag,ibm_fez,46,3764,none,35,-+,,8,0,8
dae2kq642tqs73au4qag,ibm_fez,46,3765,reset,35,+-,,8,0,8
dae2kq642tqs73au4qag,ibm_fez,46,3766,correlated,35,++,,1,7,8
dae2kq642tqs73au4qag,ibm_fez,46,3767,reset,35,--,,1,7,8
dae2kq642tqs73au4qag,ibm_fez,46,3768,none,35,--,,0,8,8
dae2kq642tqs73au4qag,ibm_fez,46,3769,,,,1,0,8,8
dae2kq642tqs73au4qag,ibm_fez,46,3770,static,87,+-,,7,1,8
dae2kq642tqs73au4qag,ibm_fez,46,3771,correlated,87,--,,1,7,8
dae2kq642tqs73au4qag,ibm_fez,46,3772,none,87,++,,4,4,8
dae2kq642tqs73au4qag,ibm_fez,46,3773,none,87,-+,,5,3,8
dae2kq642tqs73au4qag,ibm_fez,46,3774,reset,87,--,,1,7,8
dae2kq642tqs73au4qag,ibm_fez,46,3775,reset,87,-+,,5,3,8
dae2kq642tqs73au4qag,ibm_fez,46,3776,none,87,--,,4,4,8
dae2kq642tqs73au4qag,ibm_fez,46,3777,reset,87,+-,,2,6,8
dae2kq642tqs73au4qag,ibm_fez,46,3778,none,87,+-,,3,5,8
dae2kq642tqs73au4qag,ibm_fez,46,3779,static,87,++,,2,6,8
dae2kq642tqs73au4qag,ibm_fez,46,3780,static,87,--,,7,1,8
dae2kq642tqs73au4qag,ibm_fez,46,3781,correlated,87,++,,7,1,8
dae2kq642tqs73au4qag,ibm_fez,46,3782,static,87,-+,,2,6,8
dae2kq642tqs73au4qag,ibm_fez,46,3783,correlated,87,+-,,0,8,8
dae2kq642tqs73au4qag,ibm_fez,46,3784,correlated,87,-+,,7,1,8
dae2kq642tqs73au4qag,ibm_fez,46,3785,reset,87,++,,6,2,8
dae2kq642tqs73au4qag,ibm_fez,46,3786,,,,1,0,8,8
dae2kq642tqs73au4qag,ibm_fez,46,3787,,,,0,8,0,8
dae2kq642tqs73au4qag,ibm_fez,46,3788,,,,1,0,8,8
dae2kq642tqs73au4qag,ibm_fez,46,3789,reset,92,--,,1,7,8
dae2kq642tqs73au4qag,ibm_fez,46,3790,static,92,+-,,7,1,8
dae2kq642tqs73au4qag,ibm_fez,46,3791,none,92,-+,,6,2,8
dae2kq642tqs73au4qag,ibm_fez,46,3792,static,92,-+,,1,7,8
dae2kq642tqs73au4qag,ibm_fez,46,3793,reset,92,+-,,3,5,8
dae2kq642tqs73au4qag,ibm_fez,46,3794,none,92,--,,4,4,8
dae2kq642tqs73au4qag,ibm_fez,46,3795,reset,92,++,,7,1,8
dae2kq642tqs73au4qag,ibm_fez,46,3796,correlated,92,+-,,8,0,8
dae2kq642tqs73au4qag,ibm_fez,46,3797,correlated,92,++,,2,6,8
dae2kq642tqs73au4qag,ibm_fez,46,3798,none,92,+-,,4,4,8
dae2kq642tqs73au4qag,ibm_fez,46,3799,static,92,++,,2,6,8
dae2kq642tqs73au4qag,ibm_fez,46,3800,correlated,92,--,,8,0,8
dae2kq642tqs73au4qag,ibm_fez,46,3801,none,92,++,,2,6,8
dae2kq642tqs73au4qag,ibm_fez,46,3802,static,92,--,,5,3,8
dae2kq642tqs73au4qag,ibm_fez,46,3803,correlated,92,-+,,0,8,8
dae2kq642tqs73au4qag,ibm_fez,46,3804,reset,92,-+,,7,1,8
dae2kq642tqs73au4qag,ibm_fez,46,3805,static,80,-+,,0,8,8
dae2kq642tqs73au4qag,ibm_fez,46,3806,none,80,+-,,0,8,8
dae2kq642tqs73au4qag,ibm_fez,46,3807,reset,80,-+,,3,5,8
dae2kq642tqs73au4qag,ibm_fez,46,3808,reset,80,+-,,4,4,8
dae2kq642tqs73au4qag,ibm_fez,46,3809,none,80,++,,8,0,8
dae2kq642tqs73au4qag,ibm_fez,46,3810,correlated,80,++,,8,0,8
dae2kq642tqs73au4qag,ibm_fez,46,3811,static,80,+-,,0,8,8
dae2kq642tqs73au4qag,ibm_fez,46,3812,correlated,80,--,,8,0,8
dae2kq642tqs73au4qag,ibm_fez,46,3813,correlated,80,+-,,0,8,8
dae2kq642tqs73au4qag,ibm_fez,46,3814,correlated,80,-+,,0,8,8
dae2kq642tqs73au4qag,ibm_fez,46,3815,reset,80,++,,5,3,8
dae2kq642tqs73au4qag,ibm_fez,46,3816,none,80,-+,,0,8,8
dae2kq642tqs73au4qag,ibm_fez,46,3817,none,80,--,,8,0,8
dae2kq642tqs73au4qag,ibm_fez,46,3818,static,80,--,,8,0,8
dae2kq642tqs73au4qag,ibm_fez,46,3819,static,80,++,,8,0,8
dae2kq642tqs73au4qag,ibm_fez,46,3820,reset,80,--,,3,5,8
dae2kq642tqs73au4qag,ibm_fez,46,3821,,,,1,0,8,8
dae2kq642tqs73au4qag,ibm_fez,46,3822,reset,98,--,,2,6,8
dae2kq642tqs73au4qag,ibm_fez,46,3823,static,98,+-,,1,7,8
dae2kq642tqs73au4qag,ibm_fez,46,3824,none,98,--,,4,4,8
dae2kq642tqs73au4qag,ibm_fez,46,3825,static,98,-+,,1,7,8
dae2kq642tqs73au4qag,ibm_fez,46,3826,correlated,98,-+,,1,7,8
dae2kq642tqs73au4qag,ibm_fez,46,3827,static,98,--,,5,3,8
dae2kq642tqs73au4qag,ibm_fez,46,3828,reset,98,-+,,3,5,8
dae2kq642tqs73au4qag,ibm_fez,46,3829,correlated,98,--,,4,4,8
dae2kq642tqs73au4qag,ibm_fez,46,3830,none,98,+-,,5,3,8
dae2kq642tqs73au4qag,ibm_fez,46,3831,none,98,++,,4,4,8
dae2kq642tqs73au4qag,ibm_fez,46,3832,correlated,98,++,,7,1,8
dae2kq642tqs73au4qag,ibm_fez,46,3833,reset,98,+-,,6,2,8
dae2kq642tqs73au4qag,ibm_fez,46,3834,correlated,98,+-,,4,4,8
dae2kq642tqs73au4qag,ibm_fez,46,3835,reset,98,++,,1,7,8
dae2kq642tqs73au4qag,ibm_fez,46,3836,none,98,-+,,6,2,8
dae2kq642tqs73au4qag,ibm_fez,46,3837,static,98,++,,5,3,8
dae2kq642tqs73au4qag,ibm_fez,46,3838,,,,0,8,0,8
dae2kq642tqs73au4qag,ibm_fez,46,3839,correlated,102,++,,4,4,8
dae2kq642tqs73au4qag,ibm_fez,46,3840,reset,102,++,,5,3,8
dae2kq642tqs73au4qag,ibm_fez,46,3841,reset,102,-+,,2,6,8
dae2kq642tqs73au4qag,ibm_fez,46,3842,correlated,102,--,,5,3,8
dae2kq642tqs73au4qag,ibm_fez,46,3843,none,102,+-,,5,3,8
dae2kq642tqs73au4qag,ibm_fez,46,3844,none,102,--,,3,5,8
dae2kq642tqs73au4qag,ibm_fez,46,3845,correlated,102,+-,,2,6,8
dae2kq642tqs73au4qag,ibm_fez,46,3846,static,102,++,,5,3,8
dae2kq642tqs73au4qag,ibm_fez,46,3847,reset,102,--,,7,1,8
dae2kq642tqs73au4qag,ibm_fez,46,3848,static,102,-+,,3,5,8
dae2kq642tqs73au4qag,ibm_fez,46,3849,none,102,++,,5,3,8
dae2kq642tqs73au4qag,ibm_fez,46,3850,none,102,-+,,3,5,8
dae2kq642tqs73au4qag,ibm_fez,46,3851,reset,102,+-,,2,6,8
dae2kq642tqs73au4qag,ibm_fez,46,3852,correlated,102,-+,,3,5,8
dae2kq642tqs73au4qag,ibm_fez,46,3853,static,102,+-,,2,6,8
dae2kq642tqs73au4qag,ibm_fez,46,3854,static,102,--,,6,2,8
dae2kq642tqs73au4qag,ibm_fez,46,3855,,,,0,8,0,8
dae2kq642tqs73au4qag,ibm_fez,46,3856,,,,1,0,8,8
dae2kq642tqs73au4qag,ibm_fez,46,3857,correlated,50,+-,,8,0,8
dae2kq642tqs73au4qag,ibm_fez,46,3858,none,50,--,,8,0,8
dae2kq642tqs73au4qag,ibm_fez,46,3859,correlated,50,--,,8,0,8
dae2kq642tqs73au4qag,ibm_fez,46,3860,correlated,50,++,,8,0,8
dae2kq642tqs73au4qag,ibm_fez,46,3861,none,50,+-,,7,1,8
dae2kq642tqs73au4qag,ibm_fez,46,3862,static,50,-+,,8,0,8
dae2kq642tqs73au4qag,ibm_fez,46,3863,static,50,++,,8,0,8
dae2kq642tqs73au4qag,ibm_fez,46,3864,none,50,-+,,8,0,8
dae2kq642tqs73au4qag,ibm_fez,46,3865,reset,50,-+,,8,0,8
dae2kq642tqs73au4qag,ibm_fez,46,3866,correlated,50,-+,,8,0,8
dae2kq642tqs73au4qag,ibm_fez,46,3867,static,50,+-,,8,0,8
dae2kq642tqs73au4qag,ibm_fez,46,3868,static,50,--,,8,0,8
dae2kq642tqs73au4qag,ibm_fez,46,3869,reset,50,++,,8,0,8
dae2kq642tqs73au4qag,ibm_fez,46,3870,reset,50,+-,,8,0,8
dae2kq642tqs73au4qag,ibm_fez,46,3871,none,50,++,,8,0,8
dae2kq642tqs73au4qag,ibm_fez,46,3872,reset,50,--,,8,0,8
dae2kq642tqs73au4qag,ibm_fez,46,3873,correlated,76,-+,,6,2,8
dae2kq642tqs73au4qag,ibm_fez,46,3874,none,76,++,,3,5,8
dae2kq642tqs73au4qag,ibm_fez,46,3875,static,76,++,,2,6,8
dae2kq642tqs73au4qag,ibm_fez,46,3876,reset,76,++,,7,1,8
dae2kq642tqs73au4qag,ibm_fez,46,3877,none,76,--,,4,4,8
dae2kq642tqs73au4qag,ibm_fez,46,3878,static,76,+-,,7,1,8
dae2kq642tqs73au4qag,ibm_fez,46,3879,static,76,--,,8,0,8
dae2kq642tqs73au4qag,ibm_fez,46,3880,none,76,+-,,4,4,8
dae2kq642tqs73au4qag,ibm_fez,46,3881,reset,76,--,,0,8,8
dae2kq642tqs73au4qag,ibm_fez,46,3882,static,76,-+,,3,5,8
dae2kq642tqs73au4qag,ibm_fez,46,3883,reset,76,+-,,2,6,8
dae2kq642tqs73au4qag,ibm_fez,46,3884,correlated,76,++,,6,2,8
dae2kq642tqs73au4qag,ibm_fez,46,3885,none,76,-+,,4,4,8
dae2kq642tqs73au4qag,ibm_fez,46,3886,reset,76,-+,,8,0,8
dae2kq642tqs73au4qag,ibm_fez,46,3887,correlated,76,--,,1,7,8
dae2kq642tqs73au4qag,ibm_fez,46,3888,correlated,76,+-,,3,5,8
dae2kq642tqs73au4qag,ibm_fez,46,3889,none,71,-+,,4,4,8
dae2kq642tqs73au4qag,ibm_fez,46,3890,correlated,71,--,,1,7,8
dae2kq642tqs73au4qag,ibm_fez,46,3891,reset,71,--,,6,2,8
dae2kq642tqs73au4qag,ibm_fez,46,3892,static,71,+-,,8,0,8
dae2kq642tqs73au4qag,ibm_fez,46,3893,none,71,+-,,2,6,8
dae2kq642tqs73au4qag,ibm_fez,46,3894,correlated,71,++,,6,2,8
dae2kq642tqs73au4qag,ibm_fez,46,3895,static,71,-+,,1,7,8
dae2kq642tqs73au4qag,ibm_fez,46,3896,none,71,--,,3,5,8
dae2kq642tqs73au4qag,ibm_fez,46,3897,static,71,++,,1,7,8
dae2kq642tqs73au4qag,ibm_fez,46,3898,correlated,71,+-,,0,8,8
dae2kq642tqs73au4qag,ibm_fez,46,3899,none,71,++,,4,4,8
dae2kq642tqs73au4qag,ibm_fez,46,3900,static,71,--,,7,1,8
dae2kq642tqs73au4qag,ibm_fez,46,3901,reset,71,+-,,6,2,8
dae2kq642tqs73au4qag,ibm_fez,46,3902,correlated,71,-+,,8,0,8
dae2kq642tqs73au4qag,ibm_fez,46,3903,reset,71,++,,2,6,8
dae2kq642tqs73au4qag,ibm_fez,46,3904,reset,71,-+,,1,7,8
dae2kq642tqs73au4qag,ibm_fez,46,3905,correlated,37,-+,,3,5,8
dae2kq642tqs73au4qag,ibm_fez,46,3906,correlated,37,+-,,3,5,8
dae2kq642tqs73au4qag,ibm_fez,46,3907,static,37,--,,8,0,8
dae2kq642tqs73au4qag,ibm_fez,46,3908,none,37,++,,0,8,8
dae2kq642tqs73au4qag,ibm_fez,46,3909,none,37,+-,,7,1,8
dae2kq642tqs73au4qag,ibm_fez,46,3910,correlated,37,--,,4,4,8
dae2kq642tqs73au4qag,ibm_fez,46,3911,correlated,37,++,,6,2,8
dae2kq642tqs73au4qag,ibm_fez,46,3912,reset,37,--,,0,8,8
dae2kq642tqs73au4qag,ibm_fez,46,3913,none,37,--,,0,8,8
dae2kq642tqs73au4qag,ibm_fez,46,3914,reset,37,+-,,8,0,8
dae2kq642tqs73au4qag,ibm_fez,46,3915,static,37,+-,,2,6,8
dae2kq642tqs73au4qag,ibm_fez,46,3916,static,37,++,,4,4,8
dae2kq642tqs73au4qag,ibm_fez,46,3917,reset,37,-+,,8,0,8
dae2kq642tqs73au4qag,ibm_fez,46,3918,none,37,-+,,8,0,8
dae2kq642tqs73au4qag,ibm_fez,46,3919,static,37,-+,,4,4,8
dae2kq642tqs73au4qag,ibm_fez,46,3920,reset,37,++,,0,8,8
dae2kq642tqs73au4qag,ibm_fez,46,3921,none,58,++,,2,6,8
dae2kq642tqs73au4qag,ibm_fez,46,3922,static,58,++,,0,8,8
dae2kq642tqs73au4qag,ibm_fez,46,3923,correlated,58,--,,2,6,8
dae2kq642tqs73au4qag,ibm_fez,46,3924,none,58,--,,4,4,8
dae2kq642tqs73au4qag,ibm_fez,46,3925,static,58,+-,,1,7,8
dae2kq642tqs73au4qag,ibm_fez,46,3926,static,58,--,,6,2,8
dae2kq642tqs73au4qag,ibm_fez,46,3927,correlated,58,-+,,2,6,8
dae2kq642tqs73au4qag,ibm_fez,46,3928,correlated,58,++,,7,1,8
dae2kq642tqs73au4qag,ibm_fez,46,3929,none,58,+-,,5,3,8
dae2kq642tqs73au4qag,ibm_fez,46,3930,correlated,58,+-,,7,1,8
dae2kq642tqs73au4qag,ibm_fez,46,3931,reset,58,++,,6,2,8
dae2kq642tqs73au4qag,ibm_fez,46,3932,reset,58,--,,2,6,8
dae2kq642tqs73au4qag,ibm_fez,46,3933,static,58,-+,,8,0,8
dae2kq642tqs73au4qag,ibm_fez,46,3934,reset,58,+-,,8,0,8
dae2kq642tqs73au4qag,ibm_fez,46,3935,none,58,-+,,3,5,8
dae2kq642tqs73au4qag,ibm_fez,46,3936,reset,58,-+,,1,7,8
dae2kq642tqs73au4qag,ibm_fez,46,3937,,,,0,8,0,8
dae2kq642tqs73au4qag,ibm_fez,46,3938,,,,1,0,8,8
dae2kq642tqs73au4qag,ibm_fez,46,3939,,,,0,8,0,8
dae2kq642tqs73au4qag,ibm_fez,46,3940,correlated,39,--,,4,4,8
dae2kq642tqs73au4qag,ibm_fez,46,3941,reset,39,--,,0,8,8
dae2kq642tqs73au4qag,ibm_fez,46,3942,static,39,+-,,4,4,8
dae2kq642tqs73au4qag,ibm_fez,46,3943,none,39,++,,0,8,8
dae2kq642tqs73au4qag,ibm_fez,46,3944,correlated,39,-+,,6,2,8
dae2kq642tqs73au4qag,ibm_fez,46,3945,static,39,-+,,5,3,8
dae2kq642tqs73au4qag,ibm_fez,46,3946,none,39,+-,,8,0,8
dae2kq642tqs73au4qag,ibm_fez,46,3947,reset,39,-+,,8,0,8
dae2kq642tqs73au4qag,ibm_fez,46,3948,static,39,--,,5,3,8
dae2kq642tqs73au4qag,ibm_fez,46,3949,none,39,-+,,7,1,8
dae2kq642tqs73au4qag,ibm_fez,46,3950,reset,39,+-,,8,0,8
dae2kq642tqs73au4qag,ibm_fez,46,3951,correlated,39,+-,,3,5,8
dae2kq642tqs73au4qag,ibm_fez,46,3952,reset,39,++,,0,8,8
dae2kq642tqs73au4qag,ibm_fez,46,3953,correlated,39,++,,5,3,8
dae2kq642tqs73au4qag,ibm_fez,46,3954,none,39,--,,1,7,8
dae2kq642tqs73au4qag,ibm_fez,46,3955,static,39,++,,6,2,8
dae2kq642tqs73au4qag,ibm_fez,46,3956,none,126,+-,,5,3,8
dae2kq642tqs73au4qag,ibm_fez,46,3957,reset,46,+-,,8,0,8
dae2kq642tqs73au4qag,ibm_fez,46,3958,correlated,126,++,,1,7,8
dae2kq642tqs73au4qag,ibm_fez,46,3959,static,126,++,,0,8,8
dae2kq642tqs73au4qag,ibm_fez,46,3960,correlated,46,++,,6,2,8
dae2kq642tqs73au4qag,ibm_fez,46,3961,reset,126,-+,,8,0,8
dae2kq642tqs73au4qag,ibm_fez,46,3962,static,126,+-,,6,2,8
dae2kq642tqs73au4qag,ibm_fez,46,3963,reset,126,+-,,2,6,8
dae2kq642tqs73au4qag,ibm_fez,46,3964,correlated,46,-+,,7,1,8
dae2kq642tqs73au4qag,ibm_fez,46,3965,none,126,++,,4,4,8
dae2kq642tqs73au4qag,ibm_fez,46,3966,none,126,-+,,4,4,8
dae2kq642tqs73au4qag,ibm_fez,46,3967,static,126,-+,,0,8,8
dae2kq642tqs73au4qag,ibm_fez,46,3968,static,46,-+,,3,5,8
dae2kq642tqs73au4qag,ibm_fez,46,3969,correlated,46,--,,1,7,8
dae2kq642tqs73au4qag,ibm_fez,46,3970,reset,126,++,,8,0,8
dae2kq642tqs73au4qag,ibm_fez,46,3971,none,46,-+,,4,4,8
dae2kq642tqs73au4qag,ibm_fez,46,3972,reset,46,++,,0,8,8
dae2kq642tqs73au4qag,ibm_fez,46,3973,static,46,--,,4,4,8
dae2kq642tqs73au4qag,ibm_fez,46,3974,static,46,++,,2,6,8
dae2kq642tqs73au4qag,ibm_fez,46,3975,reset,126,--,,3,5,8
dae2kq642tqs73au4qag,ibm_fez,46,3976,none,46,++,,4,4,8
dae2kq642tqs73au4qag,ibm_fez,46,3977,static,126,--,,8,0,8
dae2kq642tqs73au4qag,ibm_fez,46,3978,correlated,126,--,,8,0,8
dae2kq642tqs73au4qag,ibm_fez,46,3979,none,126,--,,5,3,8
dae2kq642tqs73au4qag,ibm_fez,46,3980,correlated,126,+-,,8,0,8
dae2kq642tqs73au4qag,ibm_fez,46,3981,correlated,126,-+,,1,7,8
dae2kq642tqs73au4qag,ibm_fez,46,3982,reset,46,--,,7,1,8
dae2kq642tqs73au4qag,ibm_fez,46,3983,reset,46,-+,,4,4,8
dae2kq642tqs73au4qag,ibm_fez,46,3984,none,46,--,,3,5,8
dae2kq642tqs73au4qag,ibm_fez,46,3985,correlated,46,+-,,0,8,8
dae2kq642tqs73au4qag,ibm_fez,46,3986,static,46,+-,,5,3,8
dae2kq642tqs73au4qag,ibm_fez,46,3987,none,46,+-,,2,6,8
dae2kq642tqs73au4qag,ibm_fez,46,3988,correlated,3,-+,,7,1,8
dae2kq642tqs73au4qag,ibm_fez,46,3989,none,3,--,,8,0,8
dae2kq642tqs73au4qag,ibm_fez,46,3990,reset,3,++,,8,0,8
dae2kq642tqs73au4qag,ibm_fez,46,3991,static,3,--,,8,0,8
dae2kq642tqs73au4qag,ibm_fez,46,3992,correlated,3,+-,,8,0,8
dae2kq642tqs73au4qag,ibm_fez,46,3993,none,3,+-,,8,0,8
dae2kq642tqs73au4qag,ibm_fez,46,3994,correlated,3,++,,8,0,8
dae2kq642tqs73au4qag,ibm_fez,46,3995,none,3,++,,8,0,8
dae2kq642tqs73au4qag,ibm_fez,46,3996,reset,3,--,,8,0,8
dae2kq642tqs73au4qag,ibm_fez,46,3997,static,3,++,,8,0,8
dae2kq642tqs73au4qag,ibm_fez,46,3998,reset,3,-+,,8,0,8
dae2kq642tqs73au4qag,ibm_fez,46,3999,none,3,-+,,8,0,8
dae2kq642tqs73au4qag,ibm_fez,46,4000,correlated,3,--,,8,0,8
dae2kq642tqs73au4qag,ibm_fez,46,4001,reset,3,+-,,8,0,8
dae2kq642tqs73au4qag,ibm_fez,46,4002,static,3,+-,,8,0,8
dae2kq642tqs73au4qag,ibm_fez,46,4003,static,3,-+,,8,0,8
dae2kq642tqs73au4qag,ibm_fez,46,4004,,,,0,7,1,8
dae2kq642tqs73au4qag,ibm_fez,46,4005,,,,0,8,0,8
dae2kq642tqs73au4qag,ibm_fez,46,4006,none,44,++,,0,8,8
dae2kq642tqs73au4qag,ibm_fez,46,4007,correlated,44,+-,,5,3,8
dae2kq642tqs73au4qag,ibm_fez,46,4008,none,44,+-,,8,0,8
dae2kq642tqs73au4qag,ibm_fez,46,4009,static,44,+-,,3,5,8
dae2kq642tqs73au4qag,ibm_fez,46,4010,reset,44,--,,0,8,8
dae2kq642tqs73au4qag,ibm_fez,46,4011,static,44,--,,4,4,8
dae2kq642tqs73au4qag,ibm_fez,46,4012,correlated,44,++,,5,3,8
dae2kq642tqs73au4qag,ibm_fez,46,4013,reset,44,++,,0,8,8
dae2kq642tqs73au4qag,ibm_fez,46,4014,correlated,44,-+,,4,4,8
dae2kq642tqs73au4qag,ibm_fez,46,4015,static,44,++,,6,2,8
dae2kq642tqs73au4qag,ibm_fez,46,4016,none,44,-+,,8,0,8
dae2kq642tqs73au4qag,ibm_fez,46,4017,reset,44,+-,,8,0,8
dae2kq642tqs73au4qag,ibm_fez,46,4018,correlated,44,--,,5,3,8
dae2kq642tqs73au4qag,ibm_fez,46,4019,none,44,--,,1,7,8
dae2kq642tqs73au4qag,ibm_fez,46,4020,static,44,-+,,6,2,8
dae2kq642tqs73au4qag,ibm_fez,46,4021,reset,44,-+,,8,0,8
dae2kq642tqs73au4qag,ibm_fez,46,4022,,,,0,8,0,8
dae2kq642tqs73au4qag,ibm_fez,46,4023,static,81,++,,3,5,8
dae2kq642tqs73au4qag,ibm_fez,46,4024,reset,81,++,,8,0,8
dae2kq642tqs73au4qag,ibm_fez,46,4025,static,81,--,,3,5,8
dae2kq642tqs73au4qag,ibm_fez,46,4026,static,81,+-,,3,5,8
dae2kq642tqs73au4qag,ibm_fez,46,4027,reset,81,-+,,1,7,8
dae2kq642tqs73au4qag,ibm_fez,46,4028,none,81,--,,4,4,8
dae2kq642tqs73au4qag,ibm_fez,46,4029,none,81,+-,,5,3,8
dae2kq642tqs73au4qag,ibm_fez,46,4030,reset,81,+-,,8,0,8
dae2kq642tqs73au4qag,ibm_fez,46,4031,correlated,81,--,,2,6,8
dae2kq642tqs73au4qag,ibm_fez,46,4032,correlated,81,+-,,6,2,8
dae2kq642tqs73au4qag,ibm_fez,46,4033,static,81,-+,,7,1,8
dae2kq642tqs73au4qag,ibm_fez,46,4034,none,81,-+,,5,3,8
dae2kq642tqs73au4qag,ibm_fez,46,4035,none,81,++,,4,4,8
dae2kq642tqs73au4qag,ibm_fez,46,4036,correlated,81,-+,,1,7,8
dae2kq642tqs73au4qag,ibm_fez,46,4037,reset,81,--,,2,6,8
dae2kq642tqs73au4qag,ibm_fez,46,4038,correlated,81,++,,8,0,8
dae2kq642tqs73au4qag,ibm_fez,46,4039,none,115,--,,3,5,8
dae2kq642tqs73au4qag,ibm_fez,46,4040,reset,115,--,,8,0,8
dae2kq642tqs73au4qag,ibm_fez,46,4041,correlated,115,++,,6,2,8
dae2kq642tqs73au4qag,ibm_fez,46,4042,correlated,115,--,,2,6,8
dae2kq642tqs73au4qag,ibm_fez,46,4043,static,115,--,,7,1,8
dae2kq642tqs73au4qag,ibm_fez,46,4044,none,115,-+,,2,6,8
dae2kq642tqs73au4qag,ibm_fez,46,4045,none,115,+-,,2,6,8
dae2kq642tqs73au4qag,ibm_fez,46,4046,correlated,115,-+,,8,0,8
dae2kq642tqs73au4qag,ibm_fez,46,4047,static,115,++,,3,5,8
dae2kq642tqs73au4qag,ibm_fez,46,4048,reset,115,++,,1,7,8
dae2kq642tqs73au4qag,ibm_fez,46,4049,reset,115,+-,,8,0,8
dae2kq642tqs73au4qag,ibm_fez,46,4050,correlated,115,+-,,3,5,8
dae2kq642tqs73au4qag,ibm_fez,46,4051,reset,115,-+,,2,6,8
dae2kq642tqs73au4qag,ibm_fez,46,4052,static,115,-+,,0,8,8
dae2kq642tqs73au4qag,ibm_fez,46,4053,static,115,+-,,6,2,8
dae2kq642tqs73au4qag,ibm_fez,46,4054,none,115,++,,3,5,8
dae2kq642tqs73au4qag,ibm_fez,46,4055,correlated,101,++,,8,0,8
dae2kq642tqs73au4qag,ibm_fez,46,4056,static,101,++,,6,2,8
dae2kq642tqs73au4qag,ibm_fez,46,4057,static,101,--,,7,1,8
dae2kq642tqs73au4qag,ibm_fez,46,4058,correlated,101,-+,,4,4,8
dae2kq642tqs73au4qag,ibm_fez,46,4059,reset,101,+-,,7,1,8
dae2kq642tqs73au4qag,ibm_fez,46,4060,static,101,-+,,3,5,8
dae2kq642tqs73au4qag,ibm_fez,46,4061,correlated,101,--,,8,0,8
dae2kq642tqs73au4qag,ibm_fez,46,4062,correlated,101,+-,,2,6,8
dae2kq642tqs73au4qag,ibm_fez,46,4063,reset,101,-+,,6,2,8
dae2kq642tqs73au4qag,ibm_fez,46,4064,none,101,+-,,5,3,8
dae2kq642tqs73au4qag,ibm_fez,46,4065,none,101,--,,1,7,8
dae2kq642tqs73au4qag,ibm_fez,46,4066,static,101,+-,,3,5,8
dae2kq642tqs73au4qag,ibm_fez,46,4067,reset,101,--,,0,8,8
dae2kq642tqs73au4qag,ibm_fez,46,4068,none,101,-+,,6,2,8
dae2kq642tqs73au4qag,ibm_fez,46,4069,reset,101,++,,1,7,8
dae2kq642tqs73au4qag,ibm_fez,46,4070,none,101,++,,2,6,8
dae2kq642tqs73au4qag,ibm_fez,46,4071,reset,84,+-,,2,6,8
dae2kq642tqs73au4qag,ibm_fez,46,4072,none,84,--,,0,8,8
dae2kq642tqs73au4qag,ibm_fez,46,4073,static,84,-+,,4,4,8
dae2kq642tqs73au4qag,ibm_fez,46,4074,correlated,84,+-,,5,3,8
dae2kq642tqs73au4qag,ibm_fez,46,4075,reset,84,-+,,5,3,8
dae2kq642tqs73au4qag,ibm_fez,46,4076,reset,84,--,,3,5,8
dae2kq642tqs73au4qag,ibm_fez,46,4077,static,84,++,,5,3,8
dae2kq642tqs73au4qag,ibm_fez,46,4078,correlated,84,++,,3,5,8
dae2kq642tqs73au4qag,ibm_fez,46,4079,none,84,-+,,8,0,8
dae2kq642tqs73au4qag,ibm_fez,46,4080,static,84,--,,5,3,8
dae2kq642tqs73au4qag,ibm_fez,46,4081,correlated,84,-+,,5,3,8
dae2kq642tqs73au4qag,ibm_fez,46,4082,none,84,++,,1,7,8
dae2kq642tqs73au4qag,ibm_fez,46,4083,correlated,84,--,,5,3,8
dae2kq642tqs73au4qag,ibm_fez,46,4084,static,84,+-,,4,4,8
dae2kq642tqs73au4qag,ibm_fez,46,4085,none,84,+-,,8,0,8
dae2kq642tqs73au4qag,ibm_fez,46,4086,reset,84,++,,5,3,8
dae2kq642tqs73au4qag,ibm_fez,46,4087,static,52,-+,,2,6,8
dae2kq642tqs73au4qag,ibm_fez,46,4088,static,52,--,,3,5,8
dae2kq642tqs73au4qag,ibm_fez,46,4089,correlated,52,++,,7,1,8
dae2kq642tqs73au4qag,ibm_fez,46,4090,reset,52,++,,3,5,8
dae2kq642tqs73au4qag,ibm_fez,46,4091,static,52,+-,,2,6,8
dae2kq642tqs73au4qag,ibm_fez,46,4092,static,52,++,,6,2,8
dae2kq642tqs73au4qag,ibm_fez,46,4093,none,52,+-,,8,0,8
dae2kq642tqs73au4qag,ibm_fez,46,4094,correlated,52,+-,,5,3,8
dae2kq642tqs73au4qag,ibm_fez,46,4095,reset,52,--,,5,3,8
dae2kq642tqs73au4qag,ibm_fez,46,4096,correlated,52,--,,3,5,8
dae2kq642tqs73au4qag,ibm_fez,46,4097,reset,52,-+,,3,5,8
dae2kq642tqs73au4qag,ibm_fez,46,4098,correlated,52,-+,,6,2,8
dae2kq642tqs73au4qag,ibm_fez,46,4099,none,52,--,,0,8,8
dae2kq642tqs73au4qag,ibm_fez,46,4100,reset,52,+-,,6,2,8
dae2kq642tqs73au4qag,ibm_fez,46,4101,none,52,++,,0,8,8
dae2kq642tqs73au4qag,ibm_fez,46,4102,none,52,-+,,8,0,8
dae2kq642tqs73au4qag,ibm_fez,46,4103,,,,1,0,8,8
dae2kq642tqs73au4qag,ibm_fez,46,4104,,,,0,8,0,8
dae2kq642tqs73au4qag,ibm_fez,46,4105,,,,0,8,0,8
dae2kq642tqs73au4qag,ibm_fez,46,4106,,,,1,0,8,8
dae2kq642tqs73au4qag,ibm_fez,46,4107,static,7,--,,6,2,8
dae2kq642tqs73au4qag,ibm_fez,46,4108,static,7,+-,,7,1,8
dae2kq642tqs73au4qag,ibm_fez,46,4109,none,7,--,,3,5,8
dae2kq642tqs73au4qag,ibm_fez,46,4110,reset,7,-+,,6,2,8
dae2kq642tqs73au4qag,ibm_fez,46,4111,reset,7,--,,2,6,8
dae2kq642tqs73au4qag,ibm_fez,46,4112,correlated,7,-+,,7,1,8
dae2kq642tqs73au4qag,ibm_fez,46,4113,correlated,7,++,,6,2,8
dae2kq642tqs73au4qag,ibm_fez,46,4114,none,7,+-,,2,6,8
dae2kq642tqs73au4qag,ibm_fez,46,4115,none,7,++,,4,4,8
dae2kq642tqs73au4qag,ibm_fez,46,4116,correlated,7,+-,,2,6,8
dae2kq642tqs73au4qag,ibm_fez,46,4117,static,7,++,,2,6,8
dae2kq642tqs73au4qag,ibm_fez,46,4118,reset,7,+-,,2,6,8
dae2kq642tqs73au4qag,ibm_fez,46,4119,correlated,7,--,,1,7,8
dae2kq642tqs73au4qag,ibm_fez,46,4120,none,7,-+,,4,4,8
dae2kq642tqs73au4qag,ibm_fez,46,4121,reset,7,++,,7,1,8
dae2kq642tqs73au4qag,ibm_fez,46,4122,static,7,-+,,3,5,8
dae2kq642tqs73au4qag,ibm_fez,46,4123,,,,1,0,8,8
dae2kq642tqs73au4qag,ibm_fez,46,4124,none,99,+-,,2,6,8
dae2kq642tqs73au4qag,ibm_fez,46,4125,static,99,--,,6,2,8
dae2kq642tqs73au4qag,ibm_fez,46,4126,correlated,99,+-,,2,6,8
dae2kq642tqs73au4qag,ibm_fez,46,4127,static,99,++,,1,7,8
dae2kq642tqs73au4qag,ibm_fez,46,4128,static,99,-+,,8,0,8
dae2kq642tqs73au4qag,ibm_fez,46,4129,correlated,99,--,,8,0,8
dae2kq642tqs73au4qag,ibm_fez,46,4130,reset,99,++,,0,8,8
dae2kq642tqs73au4qag,ibm_fez,46,4131,none,99,++,,3,5,8
dae2kq642tqs73au4qag,ibm_fez,46,4132,correlated,99,++,,1,7,8
dae2kq642tqs73au4qag,ibm_fez,46,4133,reset,99,-+,,8,0,8
dae2kq642tqs73au4qag,ibm_fez,46,4134,none,99,--,,5,3,8
dae2kq642tqs73au4qag,ibm_fez,46,4135,static,99,+-,,2,6,8
dae2kq642tqs73au4qag,ibm_fez,46,4136,correlated,99,-+,,5,3,8
dae2kq642tqs73au4qag,ibm_fez,46,4137,reset,99,+-,,4,4,8
dae2kq642tqs73au4qag,ibm_fez,46,4138,none,99,-+,,2,6,8
dae2kq642tqs73au4qag,ibm_fez,46,4139,reset,99,--,,7,1,8
dae2kq642tqs73au4qag,ibm_fez,46,4140,,,,1,0,8,8
dae2kq642tqs73au4qag,ibm_fez,46,4141,correlated,33,-+,,8,0,8
dae2kq642tqs73au4qag,ibm_fez,46,4142,reset,33,+-,,1,7,8
dae2kq642tqs73au4qag,ibm_fez,46,4143,correlated,33,+-,,2,6,8
dae2kq642tqs73au4qag,ibm_fez,46,4144,none,33,--,,2,6,8
dae2kq642tqs73au4qag,ibm_fez,46,4145,reset,33,-+,,8,0,8
dae2kq642tqs73au4qag,ibm_fez,46,4146,correlated,33,++,,1,7,8
dae2kq642tqs73au4qag,ibm_fez,46,4147,correlated,33,--,,7,1,8
dae2kq642tqs73au4qag,ibm_fez,46,4148,none,33,++,,5,3,8
dae2kq642tqs73au4qag,ibm_fez,46,4149,reset,33,--,,8,0,8
dae2kq642tqs73au4qag,ibm_fez,46,4150,none,33,-+,,4,4,8
dae2kq642tqs73au4qag,ibm_fez,46,4151,static,33,--,,7,1,8
dae2kq642tqs73au4qag,ibm_fez,46,4152,static,33,++,,1,7,8
dae2kq642tqs73au4qag,ibm_fez,46,4153,none,33,+-,,3,5,8
dae2kq642tqs73au4qag,ibm_fez,46,4154,reset,33,++,,2,6,8
dae2kq642tqs73au4qag,ibm_fez,46,4155,static,33,+-,,1,7,8
dae2kq642tqs73au4qag,ibm_fez,46,4156,static,33,-+,,7,1,8
dae2kq642tqs73au4qag,ibm_fez,46,4157,correlated,95,--,,8,0,8
dae2kq642tqs73au4qag,ibm_fez,46,4158,none,95,-+,,4,4,8
dae2kq642tqs73au4qag,ibm_fez,46,4159,static,95,--,,7,1,8
dae2kq642tqs73au4qag,ibm_fez,46,4160,correlated,95,+-,,1,7,8
dae2kq642tqs73au4qag,ibm_fez,46,4161,reset,95,--,,6,2,8
dae2kq642tqs73au4qag,ibm_fez,46,4162,correlated,95,++,,3,5,8
dae2kq642tqs73au4qag,ibm_fez,46,4163,static,95,++,,3,5,8
dae2kq642tqs73au4qag,ibm_fez,46,4164,reset,95,-+,,7,1,8
dae2kq642tqs73au4qag,ibm_fez,46,4165,none,95,+-,,6,2,8
dae2kq642tqs73au4qag,ibm_fez,46,4166,static,95,+-,,1,7,8
dae2kq642tqs73au4qag,ibm_fez,46,4167,none,95,--,,3,5,8
dae2kq642tqs73au4qag,ibm_fez,46,4168,reset,95,+-,,2,6,8
dae2kq642tqs73au4qag,ibm_fez,46,4169,correlated,95,-+,,8,0,8
dae2kq642tqs73au4qag,ibm_fez,46,4170,none,95,++,,7,1,8
dae2kq642tqs73au4qag,ibm_fez,46,4171,static,95,-+,,7,1,8
dae2kq642tqs73au4qag,ibm_fez,46,4172,reset,95,++,,1,7,8
dae2kq642tqs73au4qag,ibm_fez,46,4173,none,100,+-,,2,6,8
dae2kq642tqs73au4qag,ibm_fez,46,4174,static,100,-+,,0,8,8
dae2kq642tqs73au4qag,ibm_fez,46,4175,none,100,++,,6,2,8
dae2kq642tqs73au4qag,ibm_fez,46,4176,reset,100,--,,7,1,8
dae2kq642tqs73au4qag,ibm_fez,46,4177,none,100,--,,3,5,8
dae2kq642tqs73au4qag,ibm_fez,46,4178,correlated,100,++,,1,7,8
dae2kq642tqs73au4qag,ibm_fez,46,4179,static,100,++,,0,8,8
dae2kq642tqs73au4qag,ibm_fez,46,4180,correlated,100,--,,8,0,8
dae2kq642tqs73au4qag,ibm_fez,46,4181,correlated,100,-+,,1,7,8
dae2kq642tqs73au4qag,ibm_fez,46,4182,reset,100,++,,3,5,8
dae2kq642tqs73au4qag,ibm_fez,46,4183,reset,100,-+,,4,4,8
dae2kq642tqs73au4qag,ibm_fez,46,4184,reset,100,+-,,7,1,8
dae2kq642tqs73au4qag,ibm_fez,46,4185,correlated,100,+-,,7,1,8
dae2kq642tqs73au4qag,ibm_fez,46,4186,static,100,--,,8,0,8
dae2kq642tqs73au4qag,ibm_fez,46,4187,static,100,+-,,6,2,8
dae2kq642tqs73au4qag,ibm_fez,46,4188,none,100,-+,,6,2,8
dae2kq642tqs73au4qag,ibm_fez,46,4189,,,,1,0,8,8
dae2kq642tqs73au4qag,ibm_fez,46,4190,,,,1,0,8,8
dae2kq642tqs73au4qag,ibm_fez,46,4191,reset,106,++,,1,7,8
dae2kq642tqs73au4qag,ibm_fez,46,4192,correlated,106,+-,,2,6,8
dae2kq642tqs73au4qag,ibm_fez,46,4193,static,106,-+,,6,2,8
dae2kq642tqs73au4qag,ibm_fez,46,4194,correlated,106,--,,7,1,8
dae2kq642tqs73au4qag,ibm_fez,46,4195,correlated,106,-+,,6,2,8
dae2kq642tqs73au4qag,ibm_fez,46,4196,correlated,106,++,,0,8,8
dae2kq642tqs73au4qag,ibm_fez,46,4197,static,106,--,,7,1,8
dae2kq642tqs73au4qag,ibm_fez,46,4198,static,106,++,,1,7,8
dae2kq642tqs73au4qag,ibm_fez,46,4199,none,106,-+,,4,4,8
dae2kq642tqs73au4qag,ibm_fez,46,4200,reset,106,+-,,0,8,8
dae2kq642tqs73au4qag,ibm_fez,46,4201,reset,106,--,,4,4,8
dae2kq642tqs73au4qag,ibm_fez,46,4202,none,106,+-,,5,3,8
dae2kq642tqs73au4qag,ibm_fez,46,4203,none,106,++,,6,2,8
dae2kq642tqs73au4qag,ibm_fez,46,4204,none,106,--,,3,5,8
dae2kq642tqs73au4qag,ibm_fez,46,4205,reset,106,-+,,7,1,8
dae2kq642tqs73au4qag,ibm_fez,46,4206,static,106,+-,,3,5,8
dae2kq642tqs73au4qag,ibm_fez,46,4207,,,,1,0,8,8
dae2kq642tqs73au4qag,ibm_fez,46,4208,correlated,124,+-,,1,7,8
dae2kq642tqs73au4qag,ibm_fez,46,4209,reset,124,-+,,1,7,8
dae2kq642tqs73au4qag,ibm_fez,46,4210,correlated,124,-+,,7,1,8
dae2kq642tqs73au4qag,ibm_fez,46,4211,none,124,-+,,4,4,8
dae2kq642tqs73au4qag,ibm_fez,46,4212,none,124,+-,,3,5,8
dae2kq642tqs73au4qag,ibm_fez,46,4213,correlated,124,++,,6,2,8
dae2kq642tqs73au4qag,ibm_fez,46,4214,static,124,+-,,6,2,8
dae2kq642tqs73au4qag,ibm_fez,46,4215,none,124,--,,4,4,8
dae2kq642tqs73au4qag,ibm_fez,46,4216,static,124,++,,2,6,8
dae2kq642tqs73au4qag,ibm_fez,46,4217,reset,124,--,,8,0,8
dae2kq642tqs73au4qag,ibm_fez,46,4218,none,124,++,,4,4,8
dae2kq642tqs73au4qag,ibm_fez,46,4219,static,124,-+,,1,7,8
dae2kq642tqs73au4qag,ibm_fez,46,4220,reset,124,++,,2,6,8
dae2kq642tqs73au4qag,ibm_fez,46,4221,static,124,--,,6,2,8
dae2kq642tqs73au4qag,ibm_fez,46,4222,correlated,124,--,,1,7,8
dae2kq642tqs73au4qag,ibm_fez,46,4223,reset,124,+-,,4,4,8
